item_id,domain,skill_id,competency,level,question_text,option_a,option_b,option_c,option_d,correct_answer,param_a,param_b,scaffold_step1,scaffold_step2
PROB_DR_001,Xac suat co dien,SKILL_COMB_BASIC,KienThuc_KyNang,NhanBiet,Gieo một con xúc xắc cân đối và đồng chất một lần. Tính xác suất để mặt xuất hiện có số chấm lớn hơn $2$.,2/4,2/5,2/3,1/3,C,0.8,-1.8,Xác định không gian mẫu: số kết quả có thể xảy ra của phép thử gieo xúc xắc/đồng xu/chọn phần tử.,Đếm số kết quả thuận lợi cho biến cố cần tính và áp dụng công thức xác suất cổ điển $P(A) = \frac{n(A)}{n(\Omega)}$.
PROB_DR_002,Xac suat co dien,SKILL_COMB_BASIC,KienThuc_KyNang,NhanBiet,Gieo một con xúc xắc cân đối và đồng chất một lần. Tính xác suất để mặt xuất hiện có số chấm nhỏ hơn hoặc bằng $3$.,1/3,3/5,1/2,1/4,C,0.93,-1.74,Xác định không gian mẫu: số kết quả có thể xảy ra của phép thử gieo xúc xắc/đồng xu/chọn phần tử.,Đếm số kết quả thuận lợi cho biến cố cần tính và áp dụng công thức xác suất cổ điển $P(A) = \frac{n(A)}{n(\Omega)}$.
PROB_DR_003,Xac suat co dien,SKILL_COMB_BASIC,KienThuc_KyNang,NhanBiet,Gieo một con xúc xắc cân đối và đồng chất một lần. Tính xác suất xuất hiện mặt có số chấm là số chẵn.,0.25,0.5,0.6,0.4,B,1.06,-1.68,Xác định không gian mẫu: số kết quả có thể xảy ra của phép thử gieo xúc xắc/đồng xu/chọn phần tử.,Đếm số kết quả thuận lợi cho biến cố cần tính và áp dụng công thức xác suất cổ điển $P(A) = \frac{n(A)}{n(\Omega)}$.
PROB_DR_004,Xac suat co dien,SKILL_COMB_BASIC,KienThuc_KyNang,NhanBiet,Gieo một con xúc xắc cân đối và đồng chất một lần. Tính xác suất xuất hiện mặt có số chấm là số lẻ.,0.6,0.5,0.25,0.4,B,0.83,-1.62,Xác định không gian mẫu: số kết quả có thể xảy ra của phép thử gieo xúc xắc/đồng xu/chọn phần tử.,Đếm số kết quả thuận lợi cho biến cố cần tính và áp dụng công thức xác suất cổ điển $P(A) = \frac{n(A)}{n(\Omega)}$.
PROB_DR_005,Xac suat co dien,SKILL_COMB_BASIC,KienThuc_KyNang,NhanBiet,Gieo một con xúc xắc cân đối và đồng chất một lần. Tính xác suất xuất hiện mặt có số chấm là số nguyên tố.,0.4,0.6,0.5,0.25,C,0.96,-1.56,Xác định không gian mẫu: số kết quả có thể xảy ra của phép thử gieo xúc xắc/đồng xu/chọn phần tử.,Đếm số kết quả thuận lợi cho biến cố cần tính và áp dụng công thức xác suất cổ điển $P(A) = \frac{n(A)}{n(\Omega)}$.
PROB_DR_006,Xac suat co dien,SKILL_COMB_BASIC,KienThuc_KyNang,NhanBiet,Gieo một con xúc xắc cân đối và đồng chất một lần. Tính xác suất để xuất hiện mặt có số chấm bằng $1$.,1/6,2/6,1/8,3/9,A,1.09,-1.5,Xác định không gian mẫu: số kết quả có thể xảy ra của phép thử gieo xúc xắc/đồng xu/chọn phần tử.,Đếm số kết quả thuận lợi cho biến cố cần tính và áp dụng công thức xác suất cổ điển $P(A) = \frac{n(A)}{n(\Omega)}$.
PROB_DR_007,Xac suat co dien,SKILL_COMB_BASIC,KienThuc_KyNang,NhanBiet,Gieo một con xúc xắc cân đối và đồng chất một lần. Tính xác suất để mặt xuất hiện có số chấm lớn hơn $3$.,3/5,1/4,1/3,1/2,D,0.86,-1.44,Xác định không gian mẫu: số kết quả có thể xảy ra của phép thử gieo xúc xắc/đồng xu/chọn phần tử.,Đếm số kết quả thuận lợi cho biến cố cần tính và áp dụng công thức xác suất cổ điển $P(A) = \frac{n(A)}{n(\Omega)}$.
PROB_DR_008,Xac suat co dien,SKILL_COMB_BASIC,KienThuc_KyNang,NhanBiet,Gieo một con xúc xắc cân đối và đồng chất một lần. Tính xác suất để mặt xuất hiện có số chấm nhỏ hơn hoặc bằng $4$.,2/3,1/3,2/4,2/5,A,0.99,-1.38,Xác định không gian mẫu: số kết quả có thể xảy ra của phép thử gieo xúc xắc/đồng xu/chọn phần tử.,Đếm số kết quả thuận lợi cho biến cố cần tính và áp dụng công thức xác suất cổ điển $P(A) = \frac{n(A)}{n(\Omega)}$.
PROB_DR_009,Xac suat co dien,SKILL_COMB_BASIC,KienThuc_KyNang,NhanBiet,Gieo một con xúc xắc cân đối và đồng chất một lần. Tính xác suất xuất hiện mặt có số chấm là số chẵn.,0.25,0.4,0.5,0.6,C,1.12,-1.32,Xác định không gian mẫu: số kết quả có thể xảy ra của phép thử gieo xúc xắc/đồng xu/chọn phần tử.,Đếm số kết quả thuận lợi cho biến cố cần tính và áp dụng công thức xác suất cổ điển $P(A) = \frac{n(A)}{n(\Omega)}$.
PROB_DR_010,Xac suat co dien,SKILL_COMB_BASIC,KienThuc_KyNang,NhanBiet,Gieo một con xúc xắc cân đối và đồng chất một lần. Tính xác suất xuất hiện mặt có số chấm là số lẻ.,0.5,0.4,0.6,0.25,A,0.89,-1.26,Xác định không gian mẫu: số kết quả có thể xảy ra của phép thử gieo xúc xắc/đồng xu/chọn phần tử.,Đếm số kết quả thuận lợi cho biến cố cần tính và áp dụng công thức xác suất cổ điển $P(A) = \frac{n(A)}{n(\Omega)}$.
PROB_DR_011,Xac suat co dien,SKILL_COMB_BASIC,KienThuc_KyNang,NhanBiet,Gieo một con xúc xắc cân đối và đồng chất một lần. Tính xác suất xuất hiện mặt có số chấm là số nguyên tố.,0.6,0.4,0.25,0.5,D,1.02,-1.2,Xác định không gian mẫu: số kết quả có thể xảy ra của phép thử gieo xúc xắc/đồng xu/chọn phần tử.,Đếm số kết quả thuận lợi cho biến cố cần tính và áp dụng công thức xác suất cổ điển $P(A) = \frac{n(A)}{n(\Omega)}$.
PROB_DR_012,Xac suat co dien,SKILL_COMB_BASIC,KienThuc_KyNang,NhanBiet,Gieo một con xúc xắc cân đối và đồng chất một lần. Tính xác suất để xuất hiện mặt có số chấm bằng $1$.,2/6,1/6,3/9,1/8,B,1.15,-1.14,Xác định không gian mẫu: số kết quả có thể xảy ra của phép thử gieo xúc xắc/đồng xu/chọn phần tử.,Đếm số kết quả thuận lợi cho biến cố cần tính và áp dụng công thức xác suất cổ điển $P(A) = \frac{n(A)}{n(\Omega)}$.
PROB_DR_013,Xac suat co dien,SKILL_COMB_BASIC,KienThuc_KyNang,NhanBiet,Gieo một con xúc xắc cân đối và đồng chất một lần. Tính xác suất để mặt xuất hiện có số chấm lớn hơn $4$.,1/3,3/6,1/5,2/3,A,0.92,-1.08,Xác định không gian mẫu: số kết quả có thể xảy ra của phép thử gieo xúc xắc/đồng xu/chọn phần tử.,Đếm số kết quả thuận lợi cho biến cố cần tính và áp dụng công thức xác suất cổ điển $P(A) = \frac{n(A)}{n(\Omega)}$.
PROB_DR_014,Xac suat co dien,SKILL_COMB_BASIC,KienThuc_KyNang,NhanBiet,Gieo một con xúc xắc cân đối và đồng chất một lần. Tính xác suất để mặt xuất hiện có số chấm nhỏ hơn hoặc bằng $5$.,5/6,5/8,4/6,5/7,A,1.05,-1.02,Xác định không gian mẫu: số kết quả có thể xảy ra của phép thử gieo xúc xắc/đồng xu/chọn phần tử.,Đếm số kết quả thuận lợi cho biến cố cần tính và áp dụng công thức xác suất cổ điển $P(A) = \frac{n(A)}{n(\Omega)}$.
PROB_DR_015,Xac suat co dien,SKILL_COMB_BASIC,KienThuc_KyNang,NhanBiet,Gieo một con xúc xắc cân đối và đồng chất một lần. Tính xác suất xuất hiện mặt có số chấm là số chẵn.,0.5,0.6,0.25,0.4,A,0.82,-0.96,Xác định không gian mẫu: số kết quả có thể xảy ra của phép thử gieo xúc xắc/đồng xu/chọn phần tử.,Đếm số kết quả thuận lợi cho biến cố cần tính và áp dụng công thức xác suất cổ điển $P(A) = \frac{n(A)}{n(\Omega)}$.
PROB_DR_016,Xac suat co dien,SKILL_COMB_BASIC,KienThuc_KyNang,NhanBiet,Gieo một con xúc xắc cân đối và đồng chất một lần. Tính xác suất xuất hiện mặt có số chấm là số lẻ.,0.6,0.4,0.5,0.25,C,0.95,-0.9,Xác định không gian mẫu: số kết quả có thể xảy ra của phép thử gieo xúc xắc/đồng xu/chọn phần tử.,Đếm số kết quả thuận lợi cho biến cố cần tính và áp dụng công thức xác suất cổ điển $P(A) = \frac{n(A)}{n(\Omega)}$.
PROB_DR_017,Xac suat co dien,SKILL_COMB_BASIC,KienThuc_KyNang,NhanBiet,Gieo một con xúc xắc cân đối và đồng chất một lần. Tính xác suất xuất hiện mặt có số chấm là số nguyên tố.,0.6,0.25,0.4,0.5,D,1.08,-0.84,Xác định không gian mẫu: số kết quả có thể xảy ra của phép thử gieo xúc xắc/đồng xu/chọn phần tử.,Đếm số kết quả thuận lợi cho biến cố cần tính và áp dụng công thức xác suất cổ điển $P(A) = \frac{n(A)}{n(\Omega)}$.
PROB_DR_018,Xac suat co dien,SKILL_COMB_BASIC,KienThuc_KyNang,NhanBiet,Gieo một con xúc xắc cân đối và đồng chất một lần. Tính xác suất để xuất hiện mặt có số chấm bằng $1$.,2/6,1/8,3/9,1/6,D,0.85,-0.78,Xác định không gian mẫu: số kết quả có thể xảy ra của phép thử gieo xúc xắc/đồng xu/chọn phần tử.,Đếm số kết quả thuận lợi cho biến cố cần tính và áp dụng công thức xác suất cổ điển $P(A) = \frac{n(A)}{n(\Omega)}$.
PROB_DR_019,Xac suat co dien,SKILL_COMB_BASIC,KienThuc_KyNang,NhanBiet,Gieo một con xúc xắc cân đối và đồng chất một lần. Tính xác suất để mặt xuất hiện có số chấm lớn hơn $5$.,1/8,3/9,1/6,2/6,C,0.98,-0.72,Xác định không gian mẫu: số kết quả có thể xảy ra của phép thử gieo xúc xắc/đồng xu/chọn phần tử.,Đếm số kết quả thuận lợi cho biến cố cần tính và áp dụng công thức xác suất cổ điển $P(A) = \frac{n(A)}{n(\Omega)}$.
PROB_DR_020,Xac suat co dien,SKILL_COMB_BASIC,KienThuc_KyNang,NhanBiet,Gieo một con xúc xắc cân đối và đồng chất một lần. Tính xác suất để mặt xuất hiện có số chấm nhỏ hơn hoặc bằng $1$.,1/6,1/8,3/9,2/6,A,1.11,-0.66,Xác định không gian mẫu: số kết quả có thể xảy ra của phép thử gieo xúc xắc/đồng xu/chọn phần tử.,Đếm số kết quả thuận lợi cho biến cố cần tính và áp dụng công thức xác suất cổ điển $P(A) = \frac{n(A)}{n(\Omega)}$.
PROB_DR_021,Xac suat co dien,SKILL_COMB_BASIC,KienThuc_KyNang,NhanBiet,Gieo một con xúc xắc cân đối và đồng chất một lần. Tính xác suất xuất hiện mặt có số chấm là số chẵn.,0.4,0.25,0.6,0.5,D,0.88,-0.6,Xác định không gian mẫu: số kết quả có thể xảy ra của phép thử gieo xúc xắc/đồng xu/chọn phần tử.,Đếm số kết quả thuận lợi cho biến cố cần tính và áp dụng công thức xác suất cổ điển $P(A) = \frac{n(A)}{n(\Omega)}$.
PROB_DR_022,Xac suat co dien,SKILL_COMB_BASIC,KienThuc_KyNang,NhanBiet,Gieo một con xúc xắc cân đối và đồng chất một lần. Tính xác suất xuất hiện mặt có số chấm là số lẻ.,0.5,0.25,0.4,0.6,A,1.01,-0.54,Xác định không gian mẫu: số kết quả có thể xảy ra của phép thử gieo xúc xắc/đồng xu/chọn phần tử.,Đếm số kết quả thuận lợi cho biến cố cần tính và áp dụng công thức xác suất cổ điển $P(A) = \frac{n(A)}{n(\Omega)}$.
PROB_DR_023,Xac suat co dien,SKILL_COMB_BASIC,KienThuc_KyNang,NhanBiet,Gieo một con xúc xắc cân đối và đồng chất một lần. Tính xác suất xuất hiện mặt có số chấm là số nguyên tố.,0.25,0.6,0.5,0.4,C,1.14,-0.48,Xác định không gian mẫu: số kết quả có thể xảy ra của phép thử gieo xúc xắc/đồng xu/chọn phần tử.,Đếm số kết quả thuận lợi cho biến cố cần tính và áp dụng công thức xác suất cổ điển $P(A) = \frac{n(A)}{n(\Omega)}$.
PROB_DR_024,Xac suat co dien,SKILL_COMB_BASIC,KienThuc_KyNang,NhanBiet,Gieo một con xúc xắc cân đối và đồng chất một lần. Tính xác suất để xuất hiện mặt có số chấm bằng $1$.,1/6,2/6,3/9,1/8,A,0.91,-0.42,Xác định không gian mẫu: số kết quả có thể xảy ra của phép thử gieo xúc xắc/đồng xu/chọn phần tử.,Đếm số kết quả thuận lợi cho biến cố cần tính và áp dụng công thức xác suất cổ điển $P(A) = \frac{n(A)}{n(\Omega)}$.
PROB_DR_025,Xac suat co dien,SKILL_COMB_BASIC,KienThuc_KyNang,NhanBiet,Gieo một con xúc xắc cân đối và đồng chất một lần. Tính xác suất để mặt xuất hiện có số chấm lớn hơn $1$.,5/8,4/6,5/7,5/6,D,1.04,-0.36,Xác định không gian mẫu: số kết quả có thể xảy ra của phép thử gieo xúc xắc/đồng xu/chọn phần tử.,Đếm số kết quả thuận lợi cho biến cố cần tính và áp dụng công thức xác suất cổ điển $P(A) = \frac{n(A)}{n(\Omega)}$.
PROB_DR_026,Xac suat co dien,SKILL_COMB_BASIC,KienThuc_KyNang,NhanBiet,Gieo một con xúc xắc cân đối và đồng chất một lần. Tính xác suất để mặt xuất hiện có số chấm nhỏ hơn hoặc bằng $2$.,1/3,1/5,2/3,3/6,A,0.81,-1.8,Xác định không gian mẫu: số kết quả có thể xảy ra của phép thử gieo xúc xắc/đồng xu/chọn phần tử.,Đếm số kết quả thuận lợi cho biến cố cần tính và áp dụng công thức xác suất cổ điển $P(A) = \frac{n(A)}{n(\Omega)}$.
PROB_DR_027,Xac suat co dien,SKILL_COMB_BASIC,KienThuc_KyNang,NhanBiet,Gieo một con xúc xắc cân đối và đồng chất một lần. Tính xác suất xuất hiện mặt có số chấm là số chẵn.,0.5,0.4,0.25,0.6,A,0.94,-1.74,Xác định không gian mẫu: số kết quả có thể xảy ra của phép thử gieo xúc xắc/đồng xu/chọn phần tử.,Đếm số kết quả thuận lợi cho biến cố cần tính và áp dụng công thức xác suất cổ điển $P(A) = \frac{n(A)}{n(\Omega)}$.
PROB_DR_028,Xac suat co dien,SKILL_COMB_BASIC,KienThuc_KyNang,NhanBiet,Gieo một con xúc xắc cân đối và đồng chất một lần. Tính xác suất xuất hiện mặt có số chấm là số lẻ.,0.4,0.5,0.6,0.25,B,1.07,-1.68,Xác định không gian mẫu: số kết quả có thể xảy ra của phép thử gieo xúc xắc/đồng xu/chọn phần tử.,Đếm số kết quả thuận lợi cho biến cố cần tính và áp dụng công thức xác suất cổ điển $P(A) = \frac{n(A)}{n(\Omega)}$.
PROB_DR_029,Xac suat co dien,SKILL_COMB_BASIC,KienThuc_KyNang,NhanBiet,Gieo một con xúc xắc cân đối và đồng chất một lần. Tính xác suất xuất hiện mặt có số chấm là số nguyên tố.,0.5,0.25,0.6,0.4,A,0.84,-1.62,Xác định không gian mẫu: số kết quả có thể xảy ra của phép thử gieo xúc xắc/đồng xu/chọn phần tử.,Đếm số kết quả thuận lợi cho biến cố cần tính và áp dụng công thức xác suất cổ điển $P(A) = \frac{n(A)}{n(\Omega)}$.
PROB_DR_030,Xac suat co dien,SKILL_COMB_BASIC,KienThuc_KyNang,NhanBiet,Gieo một con xúc xắc cân đối và đồng chất một lần. Tính xác suất để xuất hiện mặt có số chấm bằng $1$.,1/6,1/8,2/6,3/9,A,0.97,-1.56,Xác định không gian mẫu: số kết quả có thể xảy ra của phép thử gieo xúc xắc/đồng xu/chọn phần tử.,Đếm số kết quả thuận lợi cho biến cố cần tính và áp dụng công thức xác suất cổ điển $P(A) = \frac{n(A)}{n(\Omega)}$.
PROB_DR_031,Xac suat co dien,SKILL_COMB_BASIC,KienThuc_KyNang,NhanBiet,Tung hai đồng xu cân đối đồng thời. Tính xác suất để xuất hiện đúng một mặt sấp.,0.4,0.5,0.25,0.6,B,1.1,-1.5,Xác định không gian mẫu: số kết quả có thể xảy ra của phép thử gieo xúc xắc/đồng xu/chọn phần tử.,Đếm số kết quả thuận lợi cho biến cố cần tính và áp dụng công thức xác suất cổ điển $P(A) = \frac{n(A)}{n(\Omega)}$.
PROB_DR_032,Xac suat co dien,SKILL_COMB_BASIC,KienThuc_KyNang,NhanBiet,Tung $3$ đồng xu cân đối và đồng chất. Tính xác suất để xuất hiện đúng 3 mặt ngửa.,1/8,2/8,1/10,3/11,A,0.87,-1.44,Xác định không gian mẫu: số kết quả có thể xảy ra của phép thử gieo xúc xắc/đồng xu/chọn phần tử.,Đếm số kết quả thuận lợi cho biến cố cần tính và áp dụng công thức xác suất cổ điển $P(A) = \frac{n(A)}{n(\Omega)}$.
PROB_DR_033,Xac suat co dien,SKILL_COMB_BASIC,KienThuc_KyNang,NhanBiet,Tung một đồng xu cân đối và đồng chất một lần. Tính xác suất để xuất hiện mặt sấp.,0.5,0.25,0.4,0.6,A,1.0,-1.38,Xác định không gian mẫu: số kết quả có thể xảy ra của phép thử gieo xúc xắc/đồng xu/chọn phần tử.,Đếm số kết quả thuận lợi cho biến cố cần tính và áp dụng công thức xác suất cổ điển $P(A) = \frac{n(A)}{n(\Omega)}$.
PROB_DR_034,Xac suat co dien,SKILL_COMB_BASIC,KienThuc_KyNang,NhanBiet,Tung hai đồng xu cân đối đồng thời. Tính xác suất để xuất hiện đúng một mặt sấp.,0.25,0.4,0.6,0.5,D,1.13,-1.32,Xác định không gian mẫu: số kết quả có thể xảy ra của phép thử gieo xúc xắc/đồng xu/chọn phần tử.,Đếm số kết quả thuận lợi cho biến cố cần tính và áp dụng công thức xác suất cổ điển $P(A) = \frac{n(A)}{n(\Omega)}$.
PROB_DR_035,Xac suat co dien,SKILL_COMB_BASIC,KienThuc_KyNang,NhanBiet,Tung $3$ đồng xu cân đối và đồng chất. Tính xác suất để xuất hiện đúng 3 mặt ngửa.,1/10,2/8,3/11,1/8,D,0.9,-1.26,Xác định không gian mẫu: số kết quả có thể xảy ra của phép thử gieo xúc xắc/đồng xu/chọn phần tử.,Đếm số kết quả thuận lợi cho biến cố cần tính và áp dụng công thức xác suất cổ điển $P(A) = \frac{n(A)}{n(\Omega)}$.
PROB_DR_036,Xac suat co dien,SKILL_COMB_BASIC,KienThuc_KyNang,NhanBiet,Tung một đồng xu cân đối và đồng chất một lần. Tính xác suất để xuất hiện mặt sấp.,0.25,0.6,0.5,0.4,C,1.03,-1.2,Xác định không gian mẫu: số kết quả có thể xảy ra của phép thử gieo xúc xắc/đồng xu/chọn phần tử.,Đếm số kết quả thuận lợi cho biến cố cần tính và áp dụng công thức xác suất cổ điển $P(A) = \frac{n(A)}{n(\Omega)}$.
PROB_DR_037,Xac suat co dien,SKILL_COMB_BASIC,KienThuc_KyNang,NhanBiet,Tung hai đồng xu cân đối đồng thời. Tính xác suất để xuất hiện đúng một mặt sấp.,0.4,0.25,0.5,0.6,C,0.8,-1.14,Xác định không gian mẫu: số kết quả có thể xảy ra của phép thử gieo xúc xắc/đồng xu/chọn phần tử.,Đếm số kết quả thuận lợi cho biến cố cần tính và áp dụng công thức xác suất cổ điển $P(A) = \frac{n(A)}{n(\Omega)}$.
PROB_DR_038,Xac suat co dien,SKILL_COMB_BASIC,KienThuc_KyNang,NhanBiet,Tung $3$ đồng xu cân đối và đồng chất. Tính xác suất để xuất hiện đúng 3 mặt ngửa.,2/8,1/10,1/8,3/11,C,0.93,-1.08,Xác định không gian mẫu: số kết quả có thể xảy ra của phép thử gieo xúc xắc/đồng xu/chọn phần tử.,Đếm số kết quả thuận lợi cho biến cố cần tính và áp dụng công thức xác suất cổ điển $P(A) = \frac{n(A)}{n(\Omega)}$.
PROB_DR_039,Xac suat co dien,SKILL_COMB_BASIC,KienThuc_KyNang,NhanBiet,Tung một đồng xu cân đối và đồng chất một lần. Tính xác suất để xuất hiện mặt sấp.,0.6,0.25,0.4,0.5,D,1.06,-1.02,Xác định không gian mẫu: số kết quả có thể xảy ra của phép thử gieo xúc xắc/đồng xu/chọn phần tử.,Đếm số kết quả thuận lợi cho biến cố cần tính và áp dụng công thức xác suất cổ điển $P(A) = \frac{n(A)}{n(\Omega)}$.
PROB_DR_040,Xac suat co dien,SKILL_COMB_BASIC,KienThuc_KyNang,NhanBiet,Tung hai đồng xu cân đối đồng thời. Tính xác suất để xuất hiện đúng một mặt sấp.,0.6,0.4,0.25,0.5,D,0.83,-0.96,Xác định không gian mẫu: số kết quả có thể xảy ra của phép thử gieo xúc xắc/đồng xu/chọn phần tử.,Đếm số kết quả thuận lợi cho biến cố cần tính và áp dụng công thức xác suất cổ điển $P(A) = \frac{n(A)}{n(\Omega)}$.
PROB_DR_041,Xac suat co dien,SKILL_COMB_BASIC,KienThuc_KyNang,NhanBiet,Tung $3$ đồng xu cân đối và đồng chất. Tính xác suất để xuất hiện đúng 3 mặt ngửa.,1/10,2/8,3/11,1/8,D,0.96,-0.9,Xác định không gian mẫu: số kết quả có thể xảy ra của phép thử gieo xúc xắc/đồng xu/chọn phần tử.,Đếm số kết quả thuận lợi cho biến cố cần tính và áp dụng công thức xác suất cổ điển $P(A) = \frac{n(A)}{n(\Omega)}$.
PROB_DR_042,Xac suat co dien,SKILL_COMB_BASIC,KienThuc_KyNang,NhanBiet,Tung một đồng xu cân đối và đồng chất một lần. Tính xác suất để xuất hiện mặt sấp.,0.6,0.5,0.4,0.25,B,1.09,-0.84,Xác định không gian mẫu: số kết quả có thể xảy ra của phép thử gieo xúc xắc/đồng xu/chọn phần tử.,Đếm số kết quả thuận lợi cho biến cố cần tính và áp dụng công thức xác suất cổ điển $P(A) = \frac{n(A)}{n(\Omega)}$.
PROB_DR_043,Xac suat co dien,SKILL_COMB_BASIC,KienThuc_KyNang,NhanBiet,Tung hai đồng xu cân đối đồng thời. Tính xác suất để xuất hiện đúng một mặt sấp.,0.25,0.6,0.5,0.4,C,0.86,-0.78,Xác định không gian mẫu: số kết quả có thể xảy ra của phép thử gieo xúc xắc/đồng xu/chọn phần tử.,Đếm số kết quả thuận lợi cho biến cố cần tính và áp dụng công thức xác suất cổ điển $P(A) = \frac{n(A)}{n(\Omega)}$.
PROB_DR_044,Xac suat co dien,SKILL_COMB_BASIC,KienThuc_KyNang,NhanBiet,Tung $3$ đồng xu cân đối và đồng chất. Tính xác suất để xuất hiện đúng 3 mặt ngửa.,2/8,1/8,3/11,1/10,B,0.99,-0.72,Xác định không gian mẫu: số kết quả có thể xảy ra của phép thử gieo xúc xắc/đồng xu/chọn phần tử.,Đếm số kết quả thuận lợi cho biến cố cần tính và áp dụng công thức xác suất cổ điển $P(A) = \frac{n(A)}{n(\Omega)}$.
PROB_DR_045,Xac suat co dien,SKILL_COMB_BASIC,KienThuc_KyNang,NhanBiet,Tung một đồng xu cân đối và đồng chất một lần. Tính xác suất để xuất hiện mặt sấp.,0.25,0.6,0.5,0.4,C,1.12,-0.66,Xác định không gian mẫu: số kết quả có thể xảy ra của phép thử gieo xúc xắc/đồng xu/chọn phần tử.,Đếm số kết quả thuận lợi cho biến cố cần tính và áp dụng công thức xác suất cổ điển $P(A) = \frac{n(A)}{n(\Omega)}$.
PROB_DR_046,Xac suat co dien,SKILL_COMB_BASIC,KienThuc_KyNang,NhanBiet,Tung hai đồng xu cân đối đồng thời. Tính xác suất để xuất hiện đúng một mặt sấp.,0.25,0.5,0.6,0.4,B,0.89,-0.6,Xác định không gian mẫu: số kết quả có thể xảy ra của phép thử gieo xúc xắc/đồng xu/chọn phần tử.,Đếm số kết quả thuận lợi cho biến cố cần tính và áp dụng công thức xác suất cổ điển $P(A) = \frac{n(A)}{n(\Omega)}$.
PROB_DR_047,Xac suat co dien,SKILL_COMB_BASIC,KienThuc_KyNang,NhanBiet,Tung $3$ đồng xu cân đối và đồng chất. Tính xác suất để xuất hiện đúng 3 mặt ngửa.,2/8,1/8,1/10,3/11,B,1.02,-0.54,Xác định không gian mẫu: số kết quả có thể xảy ra của phép thử gieo xúc xắc/đồng xu/chọn phần tử.,Đếm số kết quả thuận lợi cho biến cố cần tính và áp dụng công thức xác suất cổ điển $P(A) = \frac{n(A)}{n(\Omega)}$.
PROB_DR_048,Xac suat co dien,SKILL_COMB_BASIC,KienThuc_KyNang,NhanBiet,Tung một đồng xu cân đối và đồng chất một lần. Tính xác suất để xuất hiện mặt sấp.,0.4,0.5,0.6,0.25,B,1.15,-0.48,Xác định không gian mẫu: số kết quả có thể xảy ra của phép thử gieo xúc xắc/đồng xu/chọn phần tử.,Đếm số kết quả thuận lợi cho biến cố cần tính và áp dụng công thức xác suất cổ điển $P(A) = \frac{n(A)}{n(\Omega)}$.
PROB_DR_049,Xac suat co dien,SKILL_COMB_BASIC,KienThuc_KyNang,NhanBiet,Tung hai đồng xu cân đối đồng thời. Tính xác suất để xuất hiện đúng một mặt sấp.,0.6,0.5,0.4,0.25,B,0.92,-0.42,Xác định không gian mẫu: số kết quả có thể xảy ra của phép thử gieo xúc xắc/đồng xu/chọn phần tử.,Đếm số kết quả thuận lợi cho biến cố cần tính và áp dụng công thức xác suất cổ điển $P(A) = \frac{n(A)}{n(\Omega)}$.
PROB_DR_050,Xac suat co dien,SKILL_COMB_BASIC,KienThuc_KyNang,NhanBiet,Tung $3$ đồng xu cân đối và đồng chất. Tính xác suất để xuất hiện đúng 3 mặt ngửa.,3/11,1/10,1/8,2/8,C,1.05,-0.36,Xác định không gian mẫu: số kết quả có thể xảy ra của phép thử gieo xúc xắc/đồng xu/chọn phần tử.,Đếm số kết quả thuận lợi cho biến cố cần tính và áp dụng công thức xác suất cổ điển $P(A) = \frac{n(A)}{n(\Omega)}$.
PROB_DR_051,Xac suat co dien,SKILL_COMB_BASIC,KienThuc_KyNang,NhanBiet,Tung một đồng xu cân đối và đồng chất một lần. Tính xác suất để xuất hiện mặt sấp.,0.4,0.5,0.6,0.25,B,0.82,-1.8,Xác định không gian mẫu: số kết quả có thể xảy ra của phép thử gieo xúc xắc/đồng xu/chọn phần tử.,Đếm số kết quả thuận lợi cho biến cố cần tính và áp dụng công thức xác suất cổ điển $P(A) = \frac{n(A)}{n(\Omega)}$.
PROB_DR_052,Xac suat co dien,SKILL_COMB_BASIC,KienThuc_KyNang,NhanBiet,Tung hai đồng xu cân đối đồng thời. Tính xác suất để xuất hiện đúng một mặt sấp.,0.6,0.25,0.5,0.4,C,0.95,-1.74,Xác định không gian mẫu: số kết quả có thể xảy ra của phép thử gieo xúc xắc/đồng xu/chọn phần tử.,Đếm số kết quả thuận lợi cho biến cố cần tính và áp dụng công thức xác suất cổ điển $P(A) = \frac{n(A)}{n(\Omega)}$.
PROB_DR_053,Xac suat co dien,SKILL_COMB_BASIC,KienThuc_KyNang,NhanBiet,Tung $3$ đồng xu cân đối và đồng chất. Tính xác suất để xuất hiện đúng 3 mặt ngửa.,3/11,2/8,1/10,1/8,D,1.08,-1.68,Xác định không gian mẫu: số kết quả có thể xảy ra của phép thử gieo xúc xắc/đồng xu/chọn phần tử.,Đếm số kết quả thuận lợi cho biến cố cần tính và áp dụng công thức xác suất cổ điển $P(A) = \frac{n(A)}{n(\Omega)}$.
PROB_DR_054,Xac suat co dien,SKILL_COMB_BASIC,KienThuc_KyNang,NhanBiet,Tung một đồng xu cân đối và đồng chất một lần. Tính xác suất để xuất hiện mặt sấp.,0.6,0.25,0.5,0.4,C,0.85,-1.62,Xác định không gian mẫu: số kết quả có thể xảy ra của phép thử gieo xúc xắc/đồng xu/chọn phần tử.,Đếm số kết quả thuận lợi cho biến cố cần tính và áp dụng công thức xác suất cổ điển $P(A) = \frac{n(A)}{n(\Omega)}$.
PROB_DR_055,Xac suat co dien,SKILL_COMB_BASIC,KienThuc_KyNang,NhanBiet,Tung hai đồng xu cân đối đồng thời. Tính xác suất để xuất hiện đúng một mặt sấp.,0.25,0.5,0.4,0.6,B,0.98,-1.56,Xác định không gian mẫu: số kết quả có thể xảy ra của phép thử gieo xúc xắc/đồng xu/chọn phần tử.,Đếm số kết quả thuận lợi cho biến cố cần tính và áp dụng công thức xác suất cổ điển $P(A) = \frac{n(A)}{n(\Omega)}$.
PROB_DR_056,Xac suat co dien,SKILL_COMB_BASIC,KienThuc_KyNang,NhanBiet,Tung $3$ đồng xu cân đối và đồng chất. Tính xác suất để xuất hiện đúng 3 mặt ngửa.,3/11,1/8,1/10,2/8,B,1.11,-1.5,Xác định không gian mẫu: số kết quả có thể xảy ra của phép thử gieo xúc xắc/đồng xu/chọn phần tử.,Đếm số kết quả thuận lợi cho biến cố cần tính và áp dụng công thức xác suất cổ điển $P(A) = \frac{n(A)}{n(\Omega)}$.
PROB_DR_057,Xac suat co dien,SKILL_COMB_BASIC,KienThuc_KyNang,NhanBiet,Tung một đồng xu cân đối và đồng chất một lần. Tính xác suất để xuất hiện mặt sấp.,0.6,0.25,0.4,0.5,D,0.88,-1.44,Xác định không gian mẫu: số kết quả có thể xảy ra của phép thử gieo xúc xắc/đồng xu/chọn phần tử.,Đếm số kết quả thuận lợi cho biến cố cần tính và áp dụng công thức xác suất cổ điển $P(A) = \frac{n(A)}{n(\Omega)}$.
PROB_DR_058,Xac suat co dien,SKILL_COMB_BASIC,KienThuc_KyNang,NhanBiet,Tung hai đồng xu cân đối đồng thời. Tính xác suất để xuất hiện đúng một mặt sấp.,0.5,0.4,0.25,0.6,A,1.01,-1.38,Xác định không gian mẫu: số kết quả có thể xảy ra của phép thử gieo xúc xắc/đồng xu/chọn phần tử.,Đếm số kết quả thuận lợi cho biến cố cần tính và áp dụng công thức xác suất cổ điển $P(A) = \frac{n(A)}{n(\Omega)}$.
PROB_DR_059,Xac suat co dien,SKILL_COMB_BASIC,KienThuc_KyNang,NhanBiet,Tung $3$ đồng xu cân đối và đồng chất. Tính xác suất để xuất hiện đúng 3 mặt ngửa.,2/8,3/11,1/10,1/8,D,1.14,-1.32,Xác định không gian mẫu: số kết quả có thể xảy ra của phép thử gieo xúc xắc/đồng xu/chọn phần tử.,Đếm số kết quả thuận lợi cho biến cố cần tính và áp dụng công thức xác suất cổ điển $P(A) = \frac{n(A)}{n(\Omega)}$.
PROB_DR_060,Xac suat co dien,SKILL_COMB_BASIC,KienThuc_KyNang,NhanBiet,Tung một đồng xu cân đối và đồng chất một lần. Tính xác suất để xuất hiện mặt sấp.,0.6,0.5,0.4,0.25,B,0.91,-1.26,Xác định không gian mẫu: số kết quả có thể xảy ra của phép thử gieo xúc xắc/đồng xu/chọn phần tử.,Đếm số kết quả thuận lợi cho biến cố cần tính và áp dụng công thức xác suất cổ điển $P(A) = \frac{n(A)}{n(\Omega)}$.
PROB_DR_061,Xac suat co dien,SKILL_ADDITION_RULE,KienThuc_KyNang,NhanBiet,"Một túi đựng $4$ bi đỏ, $3$ bi xanh và $2$ bi vàng. Lấy ngẫu nhiên $1$ viên bi. Tính xác suất lấy được bi xanh.",1/5,2/3,1/3,3/6,C,1.04,-1.2,Phân tích xem các trường hợp xảy ra có xung khắc (rời nhau) hay không.,Tính xác suất từng trường hợp rồi áp dụng quy tắc cộng xác suất $P(A \cup B) = P(A) + P(B)$.
PROB_DR_062,Xac suat co dien,SKILL_ADDITION_RULE,KienThuc_KyNang,NhanBiet,"Một bình đựng $5$ bi đỏ, $4$ bi xanh và $3$ bi vàng. Lấy ngẫu nhiên $1$ viên bi. Tính xác suất lấy được bi không phải màu vàng.",2/4,3/4,3/5,3/6,B,0.81,-1.14,Phân tích xem các trường hợp xảy ra có xung khắc (rời nhau) hay không.,Tính xác suất từng trường hợp rồi áp dụng quy tắc cộng xác suất $P(A \cup B) = P(A) + P(B)$.
PROB_DR_063,Xac suat co dien,SKILL_ADDITION_RULE,KienThuc_KyNang,NhanBiet,"Một hộp chứa $6$ viên bi đỏ, $5$ viên bi xanh và $4$ viên bi vàng. Lấy ngẫu nhiên $1$ viên bi. Tính xác suất lấy được bi đỏ.",3/5,2/5,2/7,1/5,B,0.94,-1.08,Phân tích xem các trường hợp xảy ra có xung khắc (rời nhau) hay không.,Tính xác suất từng trường hợp rồi áp dụng quy tắc cộng xác suất $P(A \cup B) = P(A) + P(B)$.
PROB_DR_064,Xac suat co dien,SKILL_ADDITION_RULE,KienThuc_KyNang,NhanBiet,"Một túi đựng $7$ bi đỏ, $6$ bi xanh và $5$ bi vàng. Lấy ngẫu nhiên $1$ viên bi. Tính xác suất lấy được bi xanh.",2/3,1/3,3/6,1/5,B,1.07,-1.02,Phân tích xem các trường hợp xảy ra có xung khắc (rời nhau) hay không.,Tính xác suất từng trường hợp rồi áp dụng quy tắc cộng xác suất $P(A \cup B) = P(A) + P(B)$.
PROB_DR_065,Xac suat co dien,SKILL_ADDITION_RULE,KienThuc_KyNang,NhanBiet,"Một bình đựng $8$ bi đỏ, $7$ bi xanh và $1$ bi vàng. Lấy ngẫu nhiên $1$ viên bi. Tính xác suất lấy được bi không phải màu vàng.",14/16,15/17,15/16,15/18,C,0.84,-0.96,Phân tích xem các trường hợp xảy ra có xung khắc (rời nhau) hay không.,Tính xác suất từng trường hợp rồi áp dụng quy tắc cộng xác suất $P(A \cup B) = P(A) + P(B)$.
PROB_DR_066,Xac suat co dien,SKILL_ADDITION_RULE,KienThuc_KyNang,NhanBiet,"Một hộp chứa $9$ viên bi đỏ, $2$ viên bi xanh và $2$ viên bi vàng. Lấy ngẫu nhiên $1$ viên bi. Tính xác suất lấy được bi đỏ.",10/13,9/13,9/15,8/13,B,0.97,-0.9,Phân tích xem các trường hợp xảy ra có xung khắc (rời nhau) hay không.,Tính xác suất từng trường hợp rồi áp dụng quy tắc cộng xác suất $P(A \cup B) = P(A) + P(B)$.
PROB_DR_067,Xac suat co dien,SKILL_ADDITION_RULE,KienThuc_KyNang,NhanBiet,"Một túi đựng $10$ bi đỏ, $3$ bi xanh và $3$ bi vàng. Lấy ngẫu nhiên $1$ viên bi. Tính xác suất lấy được bi xanh.",3/16,2/16,3/18,4/16,A,1.1,-0.84,Phân tích xem các trường hợp xảy ra có xung khắc (rời nhau) hay không.,Tính xác suất từng trường hợp rồi áp dụng quy tắc cộng xác suất $P(A \cup B) = P(A) + P(B)$.
PROB_DR_068,Xac suat co dien,SKILL_ADDITION_RULE,KienThuc_KyNang,NhanBiet,"Một bình đựng $3$ bi đỏ, $4$ bi xanh và $4$ bi vàng. Lấy ngẫu nhiên $1$ viên bi. Tính xác suất lấy được bi không phải màu vàng.",6/11,7/13,8/11,7/11,D,0.87,-0.78,Phân tích xem các trường hợp xảy ra có xung khắc (rời nhau) hay không.,Tính xác suất từng trường hợp rồi áp dụng quy tắc cộng xác suất $P(A \cup B) = P(A) + P(B)$.
PROB_DR_069,Xac suat co dien,SKILL_ADDITION_RULE,KienThuc_KyNang,NhanBiet,"Một hộp chứa $4$ viên bi đỏ, $5$ viên bi xanh và $5$ viên bi vàng. Lấy ngẫu nhiên $1$ viên bi. Tính xác suất lấy được bi đỏ.",2/9,1/7,3/7,2/7,D,1.0,-0.72,Phân tích xem các trường hợp xảy ra có xung khắc (rời nhau) hay không.,Tính xác suất từng trường hợp rồi áp dụng quy tắc cộng xác suất $P(A \cup B) = P(A) + P(B)$.
PROB_DR_070,Xac suat co dien,SKILL_ADDITION_RULE,KienThuc_KyNang,NhanBiet,"Một túi đựng $5$ bi đỏ, $6$ bi xanh và $1$ bi vàng. Lấy ngẫu nhiên $1$ viên bi. Tính xác suất lấy được bi xanh.",1/2,1/4,1/3,3/5,A,1.13,-0.66,Phân tích xem các trường hợp xảy ra có xung khắc (rời nhau) hay không.,Tính xác suất từng trường hợp rồi áp dụng quy tắc cộng xác suất $P(A \cup B) = P(A) + P(B)$.
PROB_DR_071,Xac suat co dien,SKILL_ADDITION_RULE,KienThuc_KyNang,NhanBiet,"Một bình đựng $6$ bi đỏ, $7$ bi xanh và $2$ bi vàng. Lấy ngẫu nhiên $1$ viên bi. Tính xác suất lấy được bi không phải màu vàng.",13/17,13/15,14/15,12/15,B,0.9,-0.6,Phân tích xem các trường hợp xảy ra có xung khắc (rời nhau) hay không.,Tính xác suất từng trường hợp rồi áp dụng quy tắc cộng xác suất $P(A \cup B) = P(A) + P(B)$.
PROB_DR_072,Xac suat co dien,SKILL_ADDITION_RULE,KienThuc_KyNang,NhanBiet,"Một hộp chứa $7$ viên bi đỏ, $2$ viên bi xanh và $3$ viên bi vàng. Lấy ngẫu nhiên $1$ viên bi. Tính xác suất lấy được bi đỏ.",8/12,6/12,7/12,7/14,C,1.03,-0.54,Phân tích xem các trường hợp xảy ra có xung khắc (rời nhau) hay không.,Tính xác suất từng trường hợp rồi áp dụng quy tắc cộng xác suất $P(A \cup B) = P(A) + P(B)$.
PROB_DR_073,Xac suat co dien,SKILL_ADDITION_RULE,KienThuc_KyNang,NhanBiet,"Một túi đựng $8$ bi đỏ, $3$ bi xanh và $4$ bi vàng. Lấy ngẫu nhiên $1$ viên bi. Tính xác suất lấy được bi xanh.",3/8,1/7,1/5,2/5,C,0.8,-0.48,Phân tích xem các trường hợp xảy ra có xung khắc (rời nhau) hay không.,Tính xác suất từng trường hợp rồi áp dụng quy tắc cộng xác suất $P(A \cup B) = P(A) + P(B)$.
PROB_DR_074,Xac suat co dien,SKILL_ADDITION_RULE,KienThuc_KyNang,NhanBiet,"Một bình đựng $9$ bi đỏ, $4$ bi xanh và $5$ bi vàng. Lấy ngẫu nhiên $1$ viên bi. Tính xác suất lấy được bi không phải màu vàng.",13/20,14/18,12/18,13/18,D,0.93,-0.42,Phân tích xem các trường hợp xảy ra có xung khắc (rời nhau) hay không.,Tính xác suất từng trường hợp rồi áp dụng quy tắc cộng xác suất $P(A \cup B) = P(A) + P(B)$.
PROB_DR_075,Xac suat co dien,SKILL_ADDITION_RULE,KienThuc_KyNang,NhanBiet,"Một hộp chứa $10$ viên bi đỏ, $5$ viên bi xanh và $1$ viên bi vàng. Lấy ngẫu nhiên $1$ viên bi. Tính xác suất lấy được bi đỏ.",6/8,4/8,5/10,5/8,D,1.06,-0.36,Phân tích xem các trường hợp xảy ra có xung khắc (rời nhau) hay không.,Tính xác suất từng trường hợp rồi áp dụng quy tắc cộng xác suất $P(A \cup B) = P(A) + P(B)$.
PROB_DR_076,Xac suat co dien,SKILL_ADDITION_RULE,KienThuc_KyNang,NhanBiet,"Một túi đựng $3$ bi đỏ, $6$ bi xanh và $2$ bi vàng. Lấy ngẫu nhiên $1$ viên bi. Tính xác suất lấy được bi xanh.",6/11,7/11,6/13,5/11,A,0.83,-1.8,Phân tích xem các trường hợp xảy ra có xung khắc (rời nhau) hay không.,Tính xác suất từng trường hợp rồi áp dụng quy tắc cộng xác suất $P(A \cup B) = P(A) + P(B)$.
PROB_DR_077,Xac suat co dien,SKILL_ADDITION_RULE,KienThuc_KyNang,NhanBiet,"Một bình đựng $4$ bi đỏ, $7$ bi xanh và $3$ bi vàng. Lấy ngẫu nhiên $1$ viên bi. Tính xác suất lấy được bi không phải màu vàng.",12/14,11/14,10/14,11/16,B,0.96,-1.74,Phân tích xem các trường hợp xảy ra có xung khắc (rời nhau) hay không.,Tính xác suất từng trường hợp rồi áp dụng quy tắc cộng xác suất $P(A \cup B) = P(A) + P(B)$.
PROB_DR_078,Xac suat co dien,SKILL_ADDITION_RULE,KienThuc_KyNang,NhanBiet,"Một hộp chứa $5$ viên bi đỏ, $2$ viên bi xanh và $4$ viên bi vàng. Lấy ngẫu nhiên $1$ viên bi. Tính xác suất lấy được bi đỏ.",5/13,4/11,5/11,6/11,C,1.09,-1.68,Phân tích xem các trường hợp xảy ra có xung khắc (rời nhau) hay không.,Tính xác suất từng trường hợp rồi áp dụng quy tắc cộng xác suất $P(A \cup B) = P(A) + P(B)$.
PROB_DR_079,Xac suat co dien,SKILL_ADDITION_RULE,KienThuc_KyNang,NhanBiet,"Một túi đựng $6$ bi đỏ, $3$ bi xanh và $5$ bi vàng. Lấy ngẫu nhiên $1$ viên bi. Tính xác suất lấy được bi xanh.",3/14,3/16,4/14,2/14,A,0.86,-1.62,Phân tích xem các trường hợp xảy ra có xung khắc (rời nhau) hay không.,Tính xác suất từng trường hợp rồi áp dụng quy tắc cộng xác suất $P(A \cup B) = P(A) + P(B)$.
PROB_DR_080,Xac suat co dien,SKILL_ADDITION_RULE,KienThuc_KyNang,NhanBiet,"Một bình đựng $7$ bi đỏ, $4$ bi xanh và $1$ bi vàng. Lấy ngẫu nhiên $1$ viên bi. Tính xác suất lấy được bi không phải màu vàng.",11/13,11/12,10/12,11/14,B,0.99,-1.56,Phân tích xem các trường hợp xảy ra có xung khắc (rời nhau) hay không.,Tính xác suất từng trường hợp rồi áp dụng quy tắc cộng xác suất $P(A \cup B) = P(A) + P(B)$.
PROB_DR_081,Xac suat co dien,SKILL_ADDITION_RULE,KienThuc_KyNang,NhanBiet,"Một hộp chứa $8$ viên bi đỏ, $5$ viên bi xanh và $2$ viên bi vàng. Lấy ngẫu nhiên $1$ viên bi. Tính xác suất lấy được bi đỏ.",7/15,8/17,8/15,9/15,C,1.12,-1.5,Phân tích xem các trường hợp xảy ra có xung khắc (rời nhau) hay không.,Tính xác suất từng trường hợp rồi áp dụng quy tắc cộng xác suất $P(A \cup B) = P(A) + P(B)$.
PROB_DR_082,Xac suat co dien,SKILL_ADDITION_RULE,KienThuc_KyNang,NhanBiet,"Một túi đựng $9$ bi đỏ, $6$ bi xanh và $3$ bi vàng. Lấy ngẫu nhiên $1$ viên bi. Tính xác suất lấy được bi xanh.",1/5,3/6,2/3,1/3,D,0.89,-1.44,Phân tích xem các trường hợp xảy ra có xung khắc (rời nhau) hay không.,Tính xác suất từng trường hợp rồi áp dụng quy tắc cộng xác suất $P(A \cup B) = P(A) + P(B)$.
PROB_DR_083,Xac suat co dien,SKILL_ADDITION_RULE,KienThuc_KyNang,NhanBiet,"Một bình đựng $10$ bi đỏ, $7$ bi xanh và $4$ bi vàng. Lấy ngẫu nhiên $1$ viên bi. Tính xác suất lấy được bi không phải màu vàng.",16/21,17/21,17/23,18/21,B,1.02,-1.38,Phân tích xem các trường hợp xảy ra có xung khắc (rời nhau) hay không.,Tính xác suất từng trường hợp rồi áp dụng quy tắc cộng xác suất $P(A \cup B) = P(A) + P(B)$.
PROB_DR_084,Xac suat co dien,SKILL_ADDITION_RULE,KienThuc_KyNang,NhanBiet,"Một hộp chứa $3$ viên bi đỏ, $2$ viên bi xanh và $5$ viên bi vàng. Lấy ngẫu nhiên $1$ viên bi. Tính xác suất lấy được bi đỏ.",3/12,3/10,2/10,4/10,B,1.15,-1.32,Phân tích xem các trường hợp xảy ra có xung khắc (rời nhau) hay không.,Tính xác suất từng trường hợp rồi áp dụng quy tắc cộng xác suất $P(A \cup B) = P(A) + P(B)$.
PROB_DR_085,Xac suat co dien,SKILL_ADDITION_RULE,KienThuc_KyNang,NhanBiet,"Một túi đựng $4$ bi đỏ, $3$ bi xanh và $1$ bi vàng. Lấy ngẫu nhiên $1$ viên bi. Tính xác suất lấy được bi xanh.",2/8,4/8,3/10,3/8,D,0.92,-1.26,Phân tích xem các trường hợp xảy ra có xung khắc (rời nhau) hay không.,Tính xác suất từng trường hợp rồi áp dụng quy tắc cộng xác suất $P(A \cup B) = P(A) + P(B)$.
PROB_DR_086,Xac suat co dien,SKILL_ADDITION_RULE,KienThuc_KyNang,NhanBiet,"Một bình đựng $5$ bi đỏ, $4$ bi xanh và $2$ bi vàng. Lấy ngẫu nhiên $1$ viên bi. Tính xác suất lấy được bi không phải màu vàng.",10/11,9/13,8/11,9/11,D,1.05,-1.2,Phân tích xem các trường hợp xảy ra có xung khắc (rời nhau) hay không.,Tính xác suất từng trường hợp rồi áp dụng quy tắc cộng xác suất $P(A \cup B) = P(A) + P(B)$.
PROB_DR_087,Xac suat co dien,SKILL_ADDITION_RULE,KienThuc_KyNang,NhanBiet,"Một hộp chứa $6$ viên bi đỏ, $5$ viên bi xanh và $3$ viên bi vàng. Lấy ngẫu nhiên $1$ viên bi. Tính xác suất lấy được bi đỏ.",3/7,2/7,3/9,4/7,A,0.82,-1.14,Phân tích xem các trường hợp xảy ra có xung khắc (rời nhau) hay không.,Tính xác suất từng trường hợp rồi áp dụng quy tắc cộng xác suất $P(A \cup B) = P(A) + P(B)$.
PROB_DR_088,Xac suat co dien,SKILL_ADDITION_RULE,KienThuc_KyNang,NhanBiet,"Một túi đựng $7$ bi đỏ, $6$ bi xanh và $4$ bi vàng. Lấy ngẫu nhiên $1$ viên bi. Tính xác suất lấy được bi xanh.",6/19,6/17,5/17,7/17,B,0.95,-1.08,Phân tích xem các trường hợp xảy ra có xung khắc (rời nhau) hay không.,Tính xác suất từng trường hợp rồi áp dụng quy tắc cộng xác suất $P(A \cup B) = P(A) + P(B)$.
PROB_DR_089,Xac suat co dien,SKILL_ADDITION_RULE,KienThuc_KyNang,NhanBiet,"Một bình đựng $8$ bi đỏ, $7$ bi xanh và $5$ bi vàng. Lấy ngẫu nhiên $1$ viên bi. Tính xác suất lấy được bi không phải màu vàng.",3/5,2/4,3/4,3/6,C,1.08,-1.02,Phân tích xem các trường hợp xảy ra có xung khắc (rời nhau) hay không.,Tính xác suất từng trường hợp rồi áp dụng quy tắc cộng xác suất $P(A \cup B) = P(A) + P(B)$.
PROB_DR_090,Xac suat co dien,SKILL_ADDITION_RULE,KienThuc_KyNang,NhanBiet,"Một hộp chứa $9$ viên bi đỏ, $2$ viên bi xanh và $1$ viên bi vàng. Lấy ngẫu nhiên $1$ viên bi. Tính xác suất lấy được bi đỏ.",3/4,3/6,3/5,2/4,A,0.85,-0.96,Phân tích xem các trường hợp xảy ra có xung khắc (rời nhau) hay không.,Tính xác suất từng trường hợp rồi áp dụng quy tắc cộng xác suất $P(A \cup B) = P(A) + P(B)$.
PROB_DR_091,Xac suat co dien,SKILL_ADDITION_RULE,KienThuc_KyNang,NhanBiet,"Một túi đựng $10$ bi đỏ, $3$ bi xanh và $2$ bi vàng. Lấy ngẫu nhiên $1$ viên bi. Tính xác suất lấy được bi xanh.",3/8,1/7,2/5,1/5,D,0.98,-0.9,Phân tích xem các trường hợp xảy ra có xung khắc (rời nhau) hay không.,Tính xác suất từng trường hợp rồi áp dụng quy tắc cộng xác suất $P(A \cup B) = P(A) + P(B)$.
PROB_DR_092,Xac suat co dien,SKILL_ADDITION_RULE,KienThuc_KyNang,NhanBiet,"Một bình đựng $3$ bi đỏ, $4$ bi xanh và $3$ bi vàng. Lấy ngẫu nhiên $1$ viên bi. Tính xác suất lấy được bi không phải màu vàng.",7/10,7/12,6/10,8/10,A,1.11,-0.84,Phân tích xem các trường hợp xảy ra có xung khắc (rời nhau) hay không.,Tính xác suất từng trường hợp rồi áp dụng quy tắc cộng xác suất $P(A \cup B) = P(A) + P(B)$.
PROB_DR_093,Xac suat co dien,SKILL_ADDITION_RULE,KienThuc_KyNang,NhanBiet,"Một hộp chứa $4$ viên bi đỏ, $5$ viên bi xanh và $4$ viên bi vàng. Lấy ngẫu nhiên $1$ viên bi. Tính xác suất lấy được bi đỏ.",4/13,5/13,4/15,3/13,A,0.88,-0.78,Phân tích xem các trường hợp xảy ra có xung khắc (rời nhau) hay không.,Tính xác suất từng trường hợp rồi áp dụng quy tắc cộng xác suất $P(A \cup B) = P(A) + P(B)$.
PROB_DR_094,Xac suat co dien,SKILL_ADDITION_RULE,KienThuc_KyNang,NhanBiet,"Một túi đựng $5$ bi đỏ, $6$ bi xanh và $5$ bi vàng. Lấy ngẫu nhiên $1$ viên bi. Tính xác suất lấy được bi xanh.",4/8,3/10,3/8,2/8,C,1.01,-0.72,Phân tích xem các trường hợp xảy ra có xung khắc (rời nhau) hay không.,Tính xác suất từng trường hợp rồi áp dụng quy tắc cộng xác suất $P(A \cup B) = P(A) + P(B)$.
PROB_DR_095,Xac suat co dien,SKILL_ADDITION_RULE,KienThuc_KyNang,NhanBiet,"Một bình đựng $6$ bi đỏ, $7$ bi xanh và $1$ bi vàng. Lấy ngẫu nhiên $1$ viên bi. Tính xác suất lấy được bi không phải màu vàng.",12/14,13/16,13/14,13/15,C,1.14,-0.66,Phân tích xem các trường hợp xảy ra có xung khắc (rời nhau) hay không.,Tính xác suất từng trường hợp rồi áp dụng quy tắc cộng xác suất $P(A \cup B) = P(A) + P(B)$.
PROB_DR_096,Xac suat co dien,SKILL_ADDITION_RULE,KienThuc_KyNang,NhanBiet,"Một hộp chứa $7$ viên bi đỏ, $2$ viên bi xanh và $2$ viên bi vàng. Lấy ngẫu nhiên $1$ viên bi. Tính xác suất lấy được bi đỏ.",7/11,6/11,7/13,8/11,A,0.91,-0.6,Phân tích xem các trường hợp xảy ra có xung khắc (rời nhau) hay không.,Tính xác suất từng trường hợp rồi áp dụng quy tắc cộng xác suất $P(A \cup B) = P(A) + P(B)$.
PROB_DR_097,Xac suat co dien,SKILL_ADDITION_RULE,KienThuc_KyNang,NhanBiet,"Một túi đựng $8$ bi đỏ, $3$ bi xanh và $3$ bi vàng. Lấy ngẫu nhiên $1$ viên bi. Tính xác suất lấy được bi xanh.",3/14,4/14,3/16,2/14,A,1.04,-0.54,Phân tích xem các trường hợp xảy ra có xung khắc (rời nhau) hay không.,Tính xác suất từng trường hợp rồi áp dụng quy tắc cộng xác suất $P(A \cup B) = P(A) + P(B)$.
PROB_DR_098,Xac suat co dien,SKILL_ADDITION_RULE,KienThuc_KyNang,NhanBiet,"Một bình đựng $9$ bi đỏ, $4$ bi xanh và $4$ bi vàng. Lấy ngẫu nhiên $1$ viên bi. Tính xác suất lấy được bi không phải màu vàng.",14/17,12/17,13/17,13/19,C,0.81,-0.48,Phân tích xem các trường hợp xảy ra có xung khắc (rời nhau) hay không.,Tính xác suất từng trường hợp rồi áp dụng quy tắc cộng xác suất $P(A \cup B) = P(A) + P(B)$.
PROB_DR_099,Xac suat co dien,SKILL_ADDITION_RULE,KienThuc_KyNang,NhanBiet,"Một hộp chứa $10$ viên bi đỏ, $5$ viên bi xanh và $5$ viên bi vàng. Lấy ngẫu nhiên $1$ viên bi. Tính xác suất lấy được bi đỏ.",1/2,1/3,1/4,3/5,A,0.94,-0.42,Phân tích xem các trường hợp xảy ra có xung khắc (rời nhau) hay không.,Tính xác suất từng trường hợp rồi áp dụng quy tắc cộng xác suất $P(A \cup B) = P(A) + P(B)$.
PROB_DR_100,Xac suat co dien,SKILL_ADDITION_RULE,KienThuc_KyNang,NhanBiet,"Một túi đựng $3$ bi đỏ, $6$ bi xanh và $1$ bi vàng. Lấy ngẫu nhiên $1$ viên bi. Tính xác suất lấy được bi xanh.",4/5,2/5,3/5,3/7,C,1.07,-0.36,Phân tích xem các trường hợp xảy ra có xung khắc (rời nhau) hay không.,Tính xác suất từng trường hợp rồi áp dụng quy tắc cộng xác suất $P(A \cup B) = P(A) + P(B)$.
PROB_DR_101,Xac suat co dien,SKILL_ADDITION_RULE,KienThuc_KyNang,ThongHieu,"Một bình đựng $4$ bi đỏ, $7$ bi xanh và $2$ bi vàng. Lấy ngẫu nhiên $1$ viên bi. Tính xác suất lấy được bi không phải màu vàng.",11/13,12/13,10/13,11/15,A,0.84,-0.4,Phân tích xem các trường hợp xảy ra có xung khắc (rời nhau) hay không.,Tính xác suất từng trường hợp rồi áp dụng quy tắc cộng xác suất $P(A \cup B) = P(A) + P(B)$.
PROB_DR_102,Xac suat co dien,SKILL_ADDITION_RULE,KienThuc_KyNang,ThongHieu,"Một hộp chứa $5$ viên bi đỏ, $2$ viên bi xanh và $3$ viên bi vàng. Lấy ngẫu nhiên $1$ viên bi. Tính xác suất lấy được bi đỏ.",3/5,1/2,1/3,1/4,B,0.97,-0.36,Phân tích xem các trường hợp xảy ra có xung khắc (rời nhau) hay không.,Tính xác suất từng trường hợp rồi áp dụng quy tắc cộng xác suất $P(A \cup B) = P(A) + P(B)$.
PROB_DR_103,Xac suat co dien,SKILL_ADDITION_RULE,KienThuc_KyNang,ThongHieu,"Một túi đựng $6$ bi đỏ, $3$ bi xanh và $4$ bi vàng. Lấy ngẫu nhiên $1$ viên bi. Tính xác suất lấy được bi xanh.",3/13,4/13,3/15,2/13,A,1.1,-0.32,Phân tích xem các trường hợp xảy ra có xung khắc (rời nhau) hay không.,Tính xác suất từng trường hợp rồi áp dụng quy tắc cộng xác suất $P(A \cup B) = P(A) + P(B)$.
PROB_DR_104,Xac suat co dien,SKILL_ADDITION_RULE,KienThuc_KyNang,ThongHieu,"Một bình đựng $7$ bi đỏ, $4$ bi xanh và $5$ bi vàng. Lấy ngẫu nhiên $1$ viên bi. Tính xác suất lấy được bi không phải màu vàng.",11/16,12/16,10/16,11/18,A,0.87,-0.28,Phân tích xem các trường hợp xảy ra có xung khắc (rời nhau) hay không.,Tính xác suất từng trường hợp rồi áp dụng quy tắc cộng xác suất $P(A \cup B) = P(A) + P(B)$.
PROB_DR_105,Xac suat co dien,SKILL_ADDITION_RULE,KienThuc_KyNang,ThongHieu,"Một hộp chứa $8$ viên bi đỏ, $5$ viên bi xanh và $1$ viên bi vàng. Lấy ngẫu nhiên $1$ viên bi. Tính xác suất lấy được bi đỏ.",3/7,5/7,4/9,4/7,D,1.0,-0.24,Phân tích xem các trường hợp xảy ra có xung khắc (rời nhau) hay không.,Tính xác suất từng trường hợp rồi áp dụng quy tắc cộng xác suất $P(A \cup B) = P(A) + P(B)$.
PROB_DR_106,Xac suat co dien,SKILL_ADDITION_RULE,KienThuc_KyNang,ThongHieu,"Một túi đựng $9$ bi đỏ, $6$ bi xanh và $2$ bi vàng. Lấy ngẫu nhiên $1$ viên bi. Tính xác suất lấy được bi xanh.",6/17,7/17,5/17,6/19,A,1.13,-0.2,Phân tích xem các trường hợp xảy ra có xung khắc (rời nhau) hay không.,Tính xác suất từng trường hợp rồi áp dụng quy tắc cộng xác suất $P(A \cup B) = P(A) + P(B)$.
PROB_DR_107,Xac suat co dien,SKILL_ADDITION_RULE,KienThuc_KyNang,ThongHieu,"Một bình đựng $10$ bi đỏ, $7$ bi xanh và $3$ bi vàng. Lấy ngẫu nhiên $1$ viên bi. Tính xác suất lấy được bi không phải màu vàng.",18/20,16/20,17/20,17/22,C,0.9,-0.16,Phân tích xem các trường hợp xảy ra có xung khắc (rời nhau) hay không.,Tính xác suất từng trường hợp rồi áp dụng quy tắc cộng xác suất $P(A \cup B) = P(A) + P(B)$.
PROB_DR_108,Xac suat co dien,SKILL_ADDITION_RULE,KienThuc_KyNang,ThongHieu,"Một hộp chứa $3$ viên bi đỏ, $2$ viên bi xanh và $4$ viên bi vàng. Lấy ngẫu nhiên $1$ viên bi. Tính xác suất lấy được bi đỏ.",2/3,1/5,1/3,3/6,C,1.03,-0.12,Phân tích xem các trường hợp xảy ra có xung khắc (rời nhau) hay không.,Tính xác suất từng trường hợp rồi áp dụng quy tắc cộng xác suất $P(A \cup B) = P(A) + P(B)$.
PROB_DR_109,Xac suat co dien,SKILL_ADDITION_RULE,KienThuc_KyNang,ThongHieu,"Một túi đựng $4$ bi đỏ, $3$ bi xanh và $5$ bi vàng. Lấy ngẫu nhiên $1$ viên bi. Tính xác suất lấy được bi xanh.",3/7,1/4,1/6,2/4,B,0.8,-0.08,Phân tích xem các trường hợp xảy ra có xung khắc (rời nhau) hay không.,Tính xác suất từng trường hợp rồi áp dụng quy tắc cộng xác suất $P(A \cup B) = P(A) + P(B)$.
PROB_DR_110,Xac suat co dien,SKILL_ADDITION_RULE,KienThuc_KyNang,ThongHieu,"Một bình đựng $5$ bi đỏ, $4$ bi xanh và $1$ bi vàng. Lấy ngẫu nhiên $1$ viên bi. Tính xác suất lấy được bi không phải màu vàng.",8/10,9/10,9/12,9/11,B,0.93,-0.04,Phân tích xem các trường hợp xảy ra có xung khắc (rời nhau) hay không.,Tính xác suất từng trường hợp rồi áp dụng quy tắc cộng xác suất $P(A \cup B) = P(A) + P(B)$.
PROB_DR_111,Xac suat co dien,SKILL_ADDITION_RULE,KienThuc_KyNang,ThongHieu,"Một hộp chứa $6$ viên bi đỏ, $5$ viên bi xanh và $2$ viên bi vàng. Lấy ngẫu nhiên $1$ viên bi. Tính xác suất lấy được bi đỏ.",6/13,6/15,7/13,5/13,A,1.06,0.0,Phân tích xem các trường hợp xảy ra có xung khắc (rời nhau) hay không.,Tính xác suất từng trường hợp rồi áp dụng quy tắc cộng xác suất $P(A \cup B) = P(A) + P(B)$.
PROB_DR_112,Xac suat co dien,SKILL_ADDITION_RULE,KienThuc_KyNang,ThongHieu,"Một túi đựng $7$ bi đỏ, $6$ bi xanh và $3$ bi vàng. Lấy ngẫu nhiên $1$ viên bi. Tính xác suất lấy được bi xanh.",2/8,4/8,3/10,3/8,D,0.83,0.04,Phân tích xem các trường hợp xảy ra có xung khắc (rời nhau) hay không.,Tính xác suất từng trường hợp rồi áp dụng quy tắc cộng xác suất $P(A \cup B) = P(A) + P(B)$.
PROB_DR_113,Xac suat co dien,SKILL_ADDITION_RULE,KienThuc_KyNang,ThongHieu,"Một bình đựng $8$ bi đỏ, $7$ bi xanh và $4$ bi vàng. Lấy ngẫu nhiên $1$ viên bi. Tính xác suất lấy được bi không phải màu vàng.",15/21,14/19,16/19,15/19,D,0.96,0.08,Phân tích xem các trường hợp xảy ra có xung khắc (rời nhau) hay không.,Tính xác suất từng trường hợp rồi áp dụng quy tắc cộng xác suất $P(A \cup B) = P(A) + P(B)$.
PROB_DR_114,Xac suat co dien,SKILL_ADDITION_RULE,KienThuc_KyNang,ThongHieu,"Một hộp chứa $9$ viên bi đỏ, $2$ viên bi xanh và $5$ viên bi vàng. Lấy ngẫu nhiên $1$ viên bi. Tính xác suất lấy được bi đỏ.",8/16,10/16,9/18,9/16,D,1.09,0.12,Phân tích xem các trường hợp xảy ra có xung khắc (rời nhau) hay không.,Tính xác suất từng trường hợp rồi áp dụng quy tắc cộng xác suất $P(A \cup B) = P(A) + P(B)$.
PROB_DR_115,Xac suat co dien,SKILL_ADDITION_RULE,KienThuc_KyNang,ThongHieu,"Một túi đựng $10$ bi đỏ, $3$ bi xanh và $1$ bi vàng. Lấy ngẫu nhiên $1$ viên bi. Tính xác suất lấy được bi xanh.",4/14,3/14,3/16,2/14,B,0.86,0.16,Phân tích xem các trường hợp xảy ra có xung khắc (rời nhau) hay không.,Tính xác suất từng trường hợp rồi áp dụng quy tắc cộng xác suất $P(A \cup B) = P(A) + P(B)$.
PROB_DR_116,Xac suat co dien,SKILL_ADDITION_RULE,KienThuc_KyNang,ThongHieu,"Một bình đựng $3$ bi đỏ, $4$ bi xanh và $2$ bi vàng. Lấy ngẫu nhiên $1$ viên bi. Tính xác suất lấy được bi không phải màu vàng.",8/9,7/11,6/9,7/9,D,0.99,0.2,Phân tích xem các trường hợp xảy ra có xung khắc (rời nhau) hay không.,Tính xác suất từng trường hợp rồi áp dụng quy tắc cộng xác suất $P(A \cup B) = P(A) + P(B)$.
PROB_DR_117,Xac suat co dien,SKILL_ADDITION_RULE,KienThuc_KyNang,ThongHieu,"Một hộp chứa $4$ viên bi đỏ, $5$ viên bi xanh và $3$ viên bi vàng. Lấy ngẫu nhiên $1$ viên bi. Tính xác suất lấy được bi đỏ.",1/3,2/3,1/5,3/6,A,1.12,0.24,Phân tích xem các trường hợp xảy ra có xung khắc (rời nhau) hay không.,Tính xác suất từng trường hợp rồi áp dụng quy tắc cộng xác suất $P(A \cup B) = P(A) + P(B)$.
PROB_DR_118,Xac suat co dien,SKILL_ADDITION_RULE,KienThuc_KyNang,ThongHieu,"Một túi đựng $5$ bi đỏ, $6$ bi xanh và $4$ bi vàng. Lấy ngẫu nhiên $1$ viên bi. Tính xác suất lấy được bi xanh.",2/5,1/5,3/5,2/7,A,0.89,0.28,Phân tích xem các trường hợp xảy ra có xung khắc (rời nhau) hay không.,Tính xác suất từng trường hợp rồi áp dụng quy tắc cộng xác suất $P(A \cup B) = P(A) + P(B)$.
PROB_DR_119,Xac suat co dien,SKILL_ADDITION_RULE,KienThuc_KyNang,ThongHieu,"Một bình đựng $6$ bi đỏ, $7$ bi xanh và $5$ bi vàng. Lấy ngẫu nhiên $1$ viên bi. Tính xác suất lấy được bi không phải màu vàng.",14/18,13/20,12/18,13/18,D,1.02,0.32,Phân tích xem các trường hợp xảy ra có xung khắc (rời nhau) hay không.,Tính xác suất từng trường hợp rồi áp dụng quy tắc cộng xác suất $P(A \cup B) = P(A) + P(B)$.
PROB_DR_120,Xac suat co dien,SKILL_ADDITION_RULE,KienThuc_KyNang,ThongHieu,"Một hộp chứa $7$ viên bi đỏ, $2$ viên bi xanh và $1$ viên bi vàng. Lấy ngẫu nhiên $1$ viên bi. Tính xác suất lấy được bi đỏ.",7/10,6/10,8/10,7/12,A,1.15,0.36,Phân tích xem các trường hợp xảy ra có xung khắc (rời nhau) hay không.,Tính xác suất từng trường hợp rồi áp dụng quy tắc cộng xác suất $P(A \cup B) = P(A) + P(B)$.
PROB_DR_121,Quy tac dem va Xac suat,SKILL_MULTIPLICATION_RULE,KienThuc_KyNang,ThongHieu,"Một túi đựng $8$ bi đỏ, $3$ bi xanh và $2$ bi vàng. Lấy ngẫu nhiên $1$ viên bi. Tính xác suất lấy được bi xanh.",2/13,3/13,4/13,3/15,B,0.92,0.4,Xác định các giai đoạn liên tiếp hoặc các phép thử thành phần độc lập trong bài toán.,Áp dụng quy tắc nhân xác suất $P(A \cap B) = P(A) \cdot P(B)$.
PROB_DR_122,Quy tac dem va Xac suat,SKILL_MULTIPLICATION_RULE,KienThuc_KyNang,ThongHieu,"Một bình đựng $9$ bi đỏ, $4$ bi xanh và $3$ bi vàng. Lấy ngẫu nhiên $1$ viên bi. Tính xác suất lấy được bi không phải màu vàng.",12/16,13/16,14/16,13/18,B,1.05,0.44,Xác định các giai đoạn liên tiếp hoặc các phép thử thành phần độc lập trong bài toán.,Áp dụng quy tắc nhân xác suất $P(A \cap B) = P(A) \cdot P(B)$.
PROB_DR_123,Quy tac dem va Xac suat,SKILL_MULTIPLICATION_RULE,KienThuc_KyNang,ThongHieu,"Một hộp chứa $10$ viên bi đỏ, $5$ viên bi xanh và $4$ viên bi vàng. Lấy ngẫu nhiên $1$ viên bi. Tính xác suất lấy được bi đỏ.",11/19,10/21,10/19,9/19,C,0.82,0.48,Xác định các giai đoạn liên tiếp hoặc các phép thử thành phần độc lập trong bài toán.,Áp dụng quy tắc nhân xác suất $P(A \cap B) = P(A) \cdot P(B)$.
PROB_DR_124,Quy tac dem va Xac suat,SKILL_MULTIPLICATION_RULE,KienThuc_KyNang,ThongHieu,"Một túi đựng $3$ bi đỏ, $6$ bi xanh và $5$ bi vàng. Lấy ngẫu nhiên $1$ viên bi. Tính xác suất lấy được bi xanh.",3/7,2/7,3/9,4/7,A,0.95,0.52,Xác định các giai đoạn liên tiếp hoặc các phép thử thành phần độc lập trong bài toán.,Áp dụng quy tắc nhân xác suất $P(A \cap B) = P(A) \cdot P(B)$.
PROB_DR_125,Quy tac dem va Xac suat,SKILL_MULTIPLICATION_RULE,KienThuc_KyNang,ThongHieu,"Một bình đựng $4$ bi đỏ, $7$ bi xanh và $1$ bi vàng. Lấy ngẫu nhiên $1$ viên bi. Tính xác suất lấy được bi không phải màu vàng.",10/12,11/12,11/14,11/13,B,1.08,0.56,Xác định các giai đoạn liên tiếp hoặc các phép thử thành phần độc lập trong bài toán.,Áp dụng quy tắc nhân xác suất $P(A \cap B) = P(A) \cdot P(B)$.
PROB_DR_126,Quy tac dem va Xac suat,SKILL_MULTIPLICATION_RULE,KienThuc_KyNang,ThongHieu,"Một hộp chứa $5$ viên bi đỏ, $2$ viên bi xanh và $2$ viên bi vàng. Lấy ngẫu nhiên $1$ viên bi. Tính xác suất lấy được bi đỏ.",6/9,4/9,5/9,5/11,C,0.85,-0.4,Xác định các giai đoạn liên tiếp hoặc các phép thử thành phần độc lập trong bài toán.,Áp dụng quy tắc nhân xác suất $P(A \cap B) = P(A) \cdot P(B)$.
PROB_DR_127,Quy tac dem va Xac suat,SKILL_MULTIPLICATION_RULE,KienThuc_KyNang,ThongHieu,"Một túi đựng $6$ bi đỏ, $3$ bi xanh và $3$ bi vàng. Lấy ngẫu nhiên $1$ viên bi. Tính xác suất lấy được bi xanh.",1/6,2/4,1/4,3/7,C,0.98,-0.36,Xác định các giai đoạn liên tiếp hoặc các phép thử thành phần độc lập trong bài toán.,Áp dụng quy tắc nhân xác suất $P(A \cap B) = P(A) \cdot P(B)$.
PROB_DR_128,Quy tac dem va Xac suat,SKILL_MULTIPLICATION_RULE,KienThuc_KyNang,ThongHieu,"Một bình đựng $7$ bi đỏ, $4$ bi xanh và $4$ bi vàng. Lấy ngẫu nhiên $1$ viên bi. Tính xác suất lấy được bi không phải màu vàng.",10/15,11/17,12/15,11/15,D,1.11,-0.32,Xác định các giai đoạn liên tiếp hoặc các phép thử thành phần độc lập trong bài toán.,Áp dụng quy tắc nhân xác suất $P(A \cap B) = P(A) \cdot P(B)$.
PROB_DR_129,Quy tac dem va Xac suat,SKILL_MULTIPLICATION_RULE,KienThuc_KyNang,ThongHieu,"Một hộp chứa $8$ viên bi đỏ, $5$ viên bi xanh và $5$ viên bi vàng. Lấy ngẫu nhiên $1$ viên bi. Tính xác suất lấy được bi đỏ.",5/9,4/9,3/9,4/11,B,0.88,-0.28,Xác định các giai đoạn liên tiếp hoặc các phép thử thành phần độc lập trong bài toán.,Áp dụng quy tắc nhân xác suất $P(A \cap B) = P(A) \cdot P(B)$.
PROB_DR_130,Quy tac dem va Xac suat,SKILL_MULTIPLICATION_RULE,KienThuc_KyNang,ThongHieu,"Một túi đựng $9$ bi đỏ, $6$ bi xanh và $1$ bi vàng. Lấy ngẫu nhiên $1$ viên bi. Tính xác suất lấy được bi xanh.",2/8,4/8,3/10,3/8,D,1.01,-0.24,Xác định các giai đoạn liên tiếp hoặc các phép thử thành phần độc lập trong bài toán.,Áp dụng quy tắc nhân xác suất $P(A \cap B) = P(A) \cdot P(B)$.
PROB_DR_131,Quy tac dem va Xac suat,SKILL_MULTIPLICATION_RULE,KienThuc_KyNang,ThongHieu,"Một bình đựng $10$ bi đỏ, $7$ bi xanh và $2$ bi vàng. Lấy ngẫu nhiên $1$ viên bi. Tính xác suất lấy được bi không phải màu vàng.",18/19,17/19,16/19,17/21,B,1.14,-0.2,Xác định các giai đoạn liên tiếp hoặc các phép thử thành phần độc lập trong bài toán.,Áp dụng quy tắc nhân xác suất $P(A \cap B) = P(A) \cdot P(B)$.
PROB_DR_132,Quy tac dem va Xac suat,SKILL_MULTIPLICATION_RULE,KienThuc_KyNang,ThongHieu,"Một hộp chứa $3$ viên bi đỏ, $2$ viên bi xanh và $3$ viên bi vàng. Lấy ngẫu nhiên $1$ viên bi. Tính xác suất lấy được bi đỏ.",3/8,3/10,2/8,4/8,A,0.91,-0.16,Xác định các giai đoạn liên tiếp hoặc các phép thử thành phần độc lập trong bài toán.,Áp dụng quy tắc nhân xác suất $P(A \cap B) = P(A) \cdot P(B)$.
PROB_DR_133,Quy tac dem va Xac suat,SKILL_MULTIPLICATION_RULE,KienThuc_KyNang,ThongHieu,"Một túi đựng $4$ bi đỏ, $3$ bi xanh và $4$ bi vàng. Lấy ngẫu nhiên $1$ viên bi. Tính xác suất lấy được bi xanh.",3/11,2/11,3/13,4/11,A,1.04,-0.12,Xác định các giai đoạn liên tiếp hoặc các phép thử thành phần độc lập trong bài toán.,Áp dụng quy tắc nhân xác suất $P(A \cap B) = P(A) \cdot P(B)$.
PROB_DR_134,Quy tac dem va Xac suat,SKILL_MULTIPLICATION_RULE,KienThuc_KyNang,ThongHieu,"Một bình đựng $5$ bi đỏ, $4$ bi xanh và $5$ bi vàng. Lấy ngẫu nhiên $1$ viên bi. Tính xác suất lấy được bi không phải màu vàng.",9/16,8/14,9/14,10/14,C,0.81,-0.08,Xác định các giai đoạn liên tiếp hoặc các phép thử thành phần độc lập trong bài toán.,Áp dụng quy tắc nhân xác suất $P(A \cap B) = P(A) \cdot P(B)$.
PROB_DR_135,Quy tac dem va Xac suat,SKILL_MULTIPLICATION_RULE,KienThuc_KyNang,ThongHieu,"Một hộp chứa $6$ viên bi đỏ, $5$ viên bi xanh và $1$ viên bi vàng. Lấy ngẫu nhiên $1$ viên bi. Tính xác suất lấy được bi đỏ.",3/5,1/2,1/4,1/3,B,0.94,-0.04,Xác định các giai đoạn liên tiếp hoặc các phép thử thành phần độc lập trong bài toán.,Áp dụng quy tắc nhân xác suất $P(A \cap B) = P(A) \cdot P(B)$.
PROB_DR_136,Quy tac dem va Xac suat,SKILL_MULTIPLICATION_RULE,KienThuc_KyNang,ThongHieu,"Một túi đựng $7$ bi đỏ, $6$ bi xanh và $2$ bi vàng. Lấy ngẫu nhiên $1$ viên bi. Tính xác suất lấy được bi xanh.",1/5,2/7,2/5,3/5,C,1.07,0.0,Xác định các giai đoạn liên tiếp hoặc các phép thử thành phần độc lập trong bài toán.,Áp dụng quy tắc nhân xác suất $P(A \cap B) = P(A) \cdot P(B)$.
PROB_DR_137,Quy tac dem va Xac suat,SKILL_MULTIPLICATION_RULE,KienThuc_KyNang,ThongHieu,"Một bình đựng $8$ bi đỏ, $7$ bi xanh và $3$ bi vàng. Lấy ngẫu nhiên $1$ viên bi. Tính xác suất lấy được bi không phải màu vàng.",5/8,5/7,4/6,5/6,D,0.84,0.04,Xác định các giai đoạn liên tiếp hoặc các phép thử thành phần độc lập trong bài toán.,Áp dụng quy tắc nhân xác suất $P(A \cap B) = P(A) \cdot P(B)$.
PROB_DR_138,Quy tac dem va Xac suat,SKILL_MULTIPLICATION_RULE,KienThuc_KyNang,ThongHieu,"Một hộp chứa $9$ viên bi đỏ, $2$ viên bi xanh và $4$ viên bi vàng. Lấy ngẫu nhiên $1$ viên bi. Tính xác suất lấy được bi đỏ.",2/5,4/5,3/7,3/5,D,0.97,0.08,Xác định các giai đoạn liên tiếp hoặc các phép thử thành phần độc lập trong bài toán.,Áp dụng quy tắc nhân xác suất $P(A \cap B) = P(A) \cdot P(B)$.
PROB_DR_139,Quy tac dem va Xac suat,SKILL_MULTIPLICATION_RULE,KienThuc_KyNang,ThongHieu,"Một túi đựng $10$ bi đỏ, $3$ bi xanh và $5$ bi vàng. Lấy ngẫu nhiên $1$ viên bi. Tính xác suất lấy được bi xanh.",3/9,2/6,1/8,1/6,D,1.1,0.12,Xác định các giai đoạn liên tiếp hoặc các phép thử thành phần độc lập trong bài toán.,Áp dụng quy tắc nhân xác suất $P(A \cap B) = P(A) \cdot P(B)$.
PROB_DR_140,Quy tac dem va Xac suat,SKILL_MULTIPLICATION_RULE,KienThuc_KyNang,ThongHieu,Cho hai biến cố xung khắc $A$ và $B$. Biết $P(A) = 0.2$ và $P(B) = 0.15$. Tính xác suất $P(A \cup B)$.,0.175,0.45,0.35,0.25,C,0.87,0.16,Xác định các giai đoạn liên tiếp hoặc các phép thử thành phần độc lập trong bài toán.,Áp dụng quy tắc nhân xác suất $P(A \cap B) = P(A) \cdot P(B)$.
PROB_DR_141,Quy tac dem va Xac suat,SKILL_MULTIPLICATION_RULE,KienThuc_KyNang,ThongHieu,Cho hai biến cố độc lập $A$ và $B$. Biết $P(A) = 0.3$ và $P(B) = 0.25$. Tính xác suất $P(A \cap B)$.,0.01,0.0375,0.175,0.075,D,1.0,0.2,Xác định các giai đoạn liên tiếp hoặc các phép thử thành phần độc lập trong bài toán.,Áp dụng quy tắc nhân xác suất $P(A \cap B) = P(A) \cdot P(B)$.
PROB_DR_142,Quy tac dem va Xac suat,SKILL_MULTIPLICATION_RULE,KienThuc_KyNang,ThongHieu,"Cho hai biến cố $A, B$ có $P(A) = 0.4$, $P(B) = 0.35$ và $P(A \cap B) = 0.07$. Tính $P(A \cup B)$.",0.58,0.34,0.68,0.78,C,1.13,0.24,Xác định các giai đoạn liên tiếp hoặc các phép thử thành phần độc lập trong bài toán.,Áp dụng quy tắc nhân xác suất $P(A \cap B) = P(A) \cdot P(B)$.
PROB_DR_143,Quy tac dem va Xac suat,SKILL_MULTIPLICATION_RULE,KienThuc_KyNang,ThongHieu,Cho biến cố $A$ có xác suất $P(A) = 0.5$. Tính xác suất của biến cố đối $\overline{A}$.,0.6,0.25,0.5,0.4,C,0.9,0.28,Xác định các giai đoạn liên tiếp hoặc các phép thử thành phần độc lập trong bài toán.,Áp dụng quy tắc nhân xác suất $P(A \cap B) = P(A) \cdot P(B)$.
PROB_DR_144,Quy tac dem va Xac suat,SKILL_MULTIPLICATION_RULE,KienThuc_KyNang,ThongHieu,Cho hai biến cố xung khắc $A$ và $B$. Biết $P(A) = 0.6$ và $P(B) = 0.55$. Tính xác suất $P(A \cup B)$.,1.25,1.05,1.15,0.575,C,1.03,0.32,Xác định các giai đoạn liên tiếp hoặc các phép thử thành phần độc lập trong bài toán.,Áp dụng quy tắc nhân xác suất $P(A \cap B) = P(A) \cdot P(B)$.
PROB_DR_145,Quy tac dem va Xac suat,SKILL_MULTIPLICATION_RULE,KienThuc_KyNang,ThongHieu,Cho hai biến cố độc lập $A$ và $B$. Biết $P(A) = 0.7$ và $P(B) = 0.65$. Tính xác suất $P(A \cap B)$.,0.2275,0.355,0.455,0.555,C,0.8,0.36,Xác định các giai đoạn liên tiếp hoặc các phép thử thành phần độc lập trong bài toán.,Áp dụng quy tắc nhân xác suất $P(A \cap B) = P(A) \cdot P(B)$.
PROB_DR_146,Quy tac dem va Xac suat,SKILL_MULTIPLICATION_RULE,KienThuc_KyNang,ThongHieu,"Cho hai biến cố $A, B$ có $P(A) = 0.8$, $P(B) = 0.05$ và $P(A \cap B) = 0.02$. Tính $P(A \cup B)$.",0.415,0.93,0.83,0.73,C,0.93,0.4,Xác định các giai đoạn liên tiếp hoặc các phép thử thành phần độc lập trong bài toán.,Áp dụng quy tắc nhân xác suất $P(A \cap B) = P(A) \cdot P(B)$.
PROB_DR_147,Quy tac dem va Xac suat,SKILL_MULTIPLICATION_RULE,KienThuc_KyNang,ThongHieu,Cho biến cố $A$ có xác suất $P(A) = 0.1$. Tính xác suất của biến cố đối $\overline{A}$.,1.0,0.45,0.9,0.8,C,1.06,0.44,Xác định các giai đoạn liên tiếp hoặc các phép thử thành phần độc lập trong bài toán.,Áp dụng quy tắc nhân xác suất $P(A \cap B) = P(A) \cdot P(B)$.
PROB_DR_148,Quy tac dem va Xac suat,SKILL_MULTIPLICATION_RULE,KienThuc_KyNang,ThongHieu,Cho hai biến cố xung khắc $A$ và $B$. Biết $P(A) = 0.2$ và $P(B) = 0.25$. Tính xác suất $P(A \cup B)$.,0.55,0.45,0.35,0.225,B,0.83,0.48,Xác định các giai đoạn liên tiếp hoặc các phép thử thành phần độc lập trong bài toán.,Áp dụng quy tắc nhân xác suất $P(A \cap B) = P(A) \cdot P(B)$.
PROB_DR_149,Quy tac dem va Xac suat,SKILL_MULTIPLICATION_RULE,KienThuc_KyNang,ThongHieu,Cho hai biến cố độc lập $A$ và $B$. Biết $P(A) = 0.3$ và $P(B) = 0.35$. Tính xác suất $P(A \cap B)$.,0.105,0.205,0.01,0.0525,A,0.96,0.52,Xác định các giai đoạn liên tiếp hoặc các phép thử thành phần độc lập trong bài toán.,Áp dụng quy tắc nhân xác suất $P(A \cap B) = P(A) \cdot P(B)$.
PROB_DR_150,Quy tac dem va Xac suat,SKILL_MULTIPLICATION_RULE,KienThuc_KyNang,ThongHieu,"Cho hai biến cố $A, B$ có $P(A) = 0.4$, $P(B) = 0.45$ và $P(A \cap B) = 0.09$. Tính $P(A \cup B)$.",0.66,0.38,0.76,0.86,C,1.09,0.56,Xác định các giai đoạn liên tiếp hoặc các phép thử thành phần độc lập trong bài toán.,Áp dụng quy tắc nhân xác suất $P(A \cap B) = P(A) \cdot P(B)$.
PROB_DR_151,Quy tac dem va Xac suat,SKILL_MULTIPLICATION_RULE,KienThuc_KyNang,ThongHieu,Cho biến cố $A$ có xác suất $P(A) = 0.5$. Tính xác suất của biến cố đối $\overline{A}$.,0.5,0.25,0.6,0.4,A,0.86,-0.4,Xác định các giai đoạn liên tiếp hoặc các phép thử thành phần độc lập trong bài toán.,Áp dụng quy tắc nhân xác suất $P(A \cap B) = P(A) \cdot P(B)$.
PROB_DR_152,Quy tac dem va Xac suat,SKILL_MULTIPLICATION_RULE,KienThuc_KyNang,ThongHieu,Cho hai biến cố xung khắc $A$ và $B$. Biết $P(A) = 0.6$ và $P(B) = 0.65$. Tính xác suất $P(A \cup B)$.,1.25,0.625,1.35,1.15,A,0.99,-0.36,Xác định các giai đoạn liên tiếp hoặc các phép thử thành phần độc lập trong bài toán.,Áp dụng quy tắc nhân xác suất $P(A \cap B) = P(A) \cdot P(B)$.
PROB_DR_153,Quy tac dem va Xac suat,SKILL_MULTIPLICATION_RULE,KienThuc_KyNang,ThongHieu,Cho hai biến cố độc lập $A$ và $B$. Biết $P(A) = 0.7$ và $P(B) = 0.05$. Tính xác suất $P(A \cap B)$.,0.035,0.0175,0.01,0.135,A,1.12,-0.32,Xác định các giai đoạn liên tiếp hoặc các phép thử thành phần độc lập trong bài toán.,Áp dụng quy tắc nhân xác suất $P(A \cap B) = P(A) \cdot P(B)$.
PROB_DR_154,Quy tac dem va Xac suat,SKILL_MULTIPLICATION_RULE,KienThuc_KyNang,ThongHieu,"Cho hai biến cố $A, B$ có $P(A) = 0.8$, $P(B) = 0.15$ và $P(A \cap B) = 0.06$. Tính $P(A \cup B)$.",0.445,0.89,0.99,0.79,B,0.89,-0.28,Xác định các giai đoạn liên tiếp hoặc các phép thử thành phần độc lập trong bài toán.,Áp dụng quy tắc nhân xác suất $P(A \cap B) = P(A) \cdot P(B)$.
PROB_DR_155,Quy tac dem va Xac suat,SKILL_MULTIPLICATION_RULE,KienThuc_KyNang,ThongHieu,Cho biến cố $A$ có xác suất $P(A) = 0.1$. Tính xác suất của biến cố đối $\overline{A}$.,0.9,0.45,1.0,0.8,A,1.02,-0.24,Xác định các giai đoạn liên tiếp hoặc các phép thử thành phần độc lập trong bài toán.,Áp dụng quy tắc nhân xác suất $P(A \cap B) = P(A) \cdot P(B)$.
PROB_DR_156,Quy tac dem va Xac suat,SKILL_MULTIPLICATION_RULE,KienThuc_KyNang,ThongHieu,Cho hai biến cố xung khắc $A$ và $B$. Biết $P(A) = 0.2$ và $P(B) = 0.35$. Tính xác suất $P(A \cup B)$.,0.45,0.275,0.55,0.65,C,1.15,-0.2,Xác định các giai đoạn liên tiếp hoặc các phép thử thành phần độc lập trong bài toán.,Áp dụng quy tắc nhân xác suất $P(A \cap B) = P(A) \cdot P(B)$.
PROB_DR_157,Quy tac dem va Xac suat,SKILL_MULTIPLICATION_RULE,KienThuc_KyNang,ThongHieu,Cho hai biến cố độc lập $A$ và $B$. Biết $P(A) = 0.3$ và $P(B) = 0.45$. Tính xác suất $P(A \cap B)$.,0.235,0.035,0.0675,0.135,D,0.92,-0.16,Xác định các giai đoạn liên tiếp hoặc các phép thử thành phần độc lập trong bài toán.,Áp dụng quy tắc nhân xác suất $P(A \cap B) = P(A) \cdot P(B)$.
PROB_DR_158,Quy tac dem va Xac suat,SKILL_MULTIPLICATION_RULE,KienThuc_KyNang,ThongHieu,"Cho hai biến cố $A, B$ có $P(A) = 0.4$, $P(B) = 0.55$ và $P(A \cap B) = 0.11$. Tính $P(A \cup B)$.",0.42,0.84,0.74,0.94,B,1.05,-0.12,Xác định các giai đoạn liên tiếp hoặc các phép thử thành phần độc lập trong bài toán.,Áp dụng quy tắc nhân xác suất $P(A \cap B) = P(A) \cdot P(B)$.
PROB_DR_159,Quy tac dem va Xac suat,SKILL_MULTIPLICATION_RULE,KienThuc_KyNang,ThongHieu,Cho biến cố $A$ có xác suất $P(A) = 0.5$. Tính xác suất của biến cố đối $\overline{A}$.,0.5,0.25,0.4,0.6,A,0.82,-0.08,Xác định các giai đoạn liên tiếp hoặc các phép thử thành phần độc lập trong bài toán.,Áp dụng quy tắc nhân xác suất $P(A \cap B) = P(A) \cdot P(B)$.
PROB_DR_160,Quy tac dem va Xac suat,SKILL_MULTIPLICATION_RULE,KienThuc_KyNang,ThongHieu,Cho hai biến cố xung khắc $A$ và $B$. Biết $P(A) = 0.6$ và $P(B) = 0.05$. Tính xác suất $P(A \cup B)$.,0.325,0.65,0.75,0.55,B,0.95,-0.04,Xác định các giai đoạn liên tiếp hoặc các phép thử thành phần độc lập trong bài toán.,Áp dụng quy tắc nhân xác suất $P(A \cap B) = P(A) \cdot P(B)$.
PROB_DR_161,Quy tac dem va Xac suat,SKILL_COMPLEMENTARY_EVENT,KienThuc_KyNang,ThongHieu,Cho hai biến cố độc lập $A$ và $B$. Biết $P(A) = 0.7$ và $P(B) = 0.15$. Tính xác suất $P(A \cap B)$.,0.01,0.205,0.105,0.0525,C,1.08,0.0,Xem xét biến cố đối: trường hợp ngược lại hoàn toàn với yêu cầu đề bài là gì?,Sử dụng công thức biến cố đối $P(A) = 1 - P(\overline{A})$ để rút gọn các bước tính toán.
PROB_DR_162,Quy tac dem va Xac suat,SKILL_COMPLEMENTARY_EVENT,KienThuc_KyNang,ThongHieu,"Cho hai biến cố $A, B$ có $P(A) = 0.8$, $P(B) = 0.25$ và $P(A \cap B) = 0.1$. Tính $P(A \cup B)$.",0.475,0.95,0.85,1.05,B,0.85,0.04,Xem xét biến cố đối: trường hợp ngược lại hoàn toàn với yêu cầu đề bài là gì?,Sử dụng công thức biến cố đối $P(A) = 1 - P(\overline{A})$ để rút gọn các bước tính toán.
PROB_DR_163,Quy tac dem va Xac suat,SKILL_COMPLEMENTARY_EVENT,KienThuc_KyNang,ThongHieu,Cho biến cố $A$ có xác suất $P(A) = 0.1$. Tính xác suất của biến cố đối $\overline{A}$.,0.8,1.0,0.9,0.45,C,0.98,0.08,Xem xét biến cố đối: trường hợp ngược lại hoàn toàn với yêu cầu đề bài là gì?,Sử dụng công thức biến cố đối $P(A) = 1 - P(\overline{A})$ để rút gọn các bước tính toán.
PROB_DR_164,Quy tac dem va Xac suat,SKILL_COMPLEMENTARY_EVENT,KienThuc_KyNang,ThongHieu,Cho hai biến cố xung khắc $A$ và $B$. Biết $P(A) = 0.2$ và $P(B) = 0.45$. Tính xác suất $P(A \cup B)$.,0.325,0.55,0.75,0.65,D,1.11,0.12,Xem xét biến cố đối: trường hợp ngược lại hoàn toàn với yêu cầu đề bài là gì?,Sử dụng công thức biến cố đối $P(A) = 1 - P(\overline{A})$ để rút gọn các bước tính toán.
PROB_DR_165,Quy tac dem va Xac suat,SKILL_COMPLEMENTARY_EVENT,KienThuc_KyNang,ThongHieu,Cho hai biến cố độc lập $A$ và $B$. Biết $P(A) = 0.3$ và $P(B) = 0.55$. Tính xác suất $P(A \cap B)$.,0.0825,0.165,0.065,0.265,B,0.88,0.16,Xem xét biến cố đối: trường hợp ngược lại hoàn toàn với yêu cầu đề bài là gì?,Sử dụng công thức biến cố đối $P(A) = 1 - P(\overline{A})$ để rút gọn các bước tính toán.
PROB_DR_166,Quy tac dem va Xac suat,SKILL_COMPLEMENTARY_EVENT,KienThuc_KyNang,ThongHieu,"Cho hai biến cố $A, B$ có $P(A) = 0.4$, $P(B) = 0.65$ và $P(A \cap B) = 0.13$. Tính $P(A \cup B)$.",0.92,0.46,1.02,0.82,A,1.01,0.2,Xem xét biến cố đối: trường hợp ngược lại hoàn toàn với yêu cầu đề bài là gì?,Sử dụng công thức biến cố đối $P(A) = 1 - P(\overline{A})$ để rút gọn các bước tính toán.
PROB_DR_167,Quy tac dem va Xac suat,SKILL_COMPLEMENTARY_EVENT,KienThuc_KyNang,ThongHieu,Cho biến cố $A$ có xác suất $P(A) = 0.5$. Tính xác suất của biến cố đối $\overline{A}$.,0.6,0.5,0.4,0.25,B,1.14,0.24,Xem xét biến cố đối: trường hợp ngược lại hoàn toàn với yêu cầu đề bài là gì?,Sử dụng công thức biến cố đối $P(A) = 1 - P(\overline{A})$ để rút gọn các bước tính toán.
PROB_DR_168,Quy tac dem va Xac suat,SKILL_COMPLEMENTARY_EVENT,KienThuc_KyNang,ThongHieu,Cho hai biến cố xung khắc $A$ và $B$. Biết $P(A) = 0.6$ và $P(B) = 0.15$. Tính xác suất $P(A \cup B)$.,0.375,0.75,0.65,0.85,B,0.91,0.28,Xem xét biến cố đối: trường hợp ngược lại hoàn toàn với yêu cầu đề bài là gì?,Sử dụng công thức biến cố đối $P(A) = 1 - P(\overline{A})$ để rút gọn các bước tính toán.
PROB_DR_169,Quy tac dem va Xac suat,SKILL_COMPLEMENTARY_EVENT,KienThuc_KyNang,ThongHieu,Cho hai biến cố độc lập $A$ và $B$. Biết $P(A) = 0.7$ và $P(B) = 0.25$. Tính xác suất $P(A \cap B)$.,0.175,0.0875,0.075,0.275,A,1.04,0.32,Xem xét biến cố đối: trường hợp ngược lại hoàn toàn với yêu cầu đề bài là gì?,Sử dụng công thức biến cố đối $P(A) = 1 - P(\overline{A})$ để rút gọn các bước tính toán.
PROB_DR_170,Quy tac dem va Xac suat,SKILL_COMPLEMENTARY_EVENT,KienThuc_KyNang,ThongHieu,"Cho hai biến cố $A, B$ có $P(A) = 0.8$, $P(B) = 0.35$ và $P(A \cap B) = 0.14$. Tính $P(A \cup B)$.",0.505,0.91,1.11,1.01,D,0.81,0.36,Xem xét biến cố đối: trường hợp ngược lại hoàn toàn với yêu cầu đề bài là gì?,Sử dụng công thức biến cố đối $P(A) = 1 - P(\overline{A})$ để rút gọn các bước tính toán.
PROB_DR_171,Quy tac dem va Xac suat,SKILL_COMPLEMENTARY_EVENT,KienThuc_KyNang,ThongHieu,Cho biến cố $A$ có xác suất $P(A) = 0.1$. Tính xác suất của biến cố đối $\overline{A}$.,0.8,0.9,0.45,1.0,B,0.94,0.4,Xem xét biến cố đối: trường hợp ngược lại hoàn toàn với yêu cầu đề bài là gì?,Sử dụng công thức biến cố đối $P(A) = 1 - P(\overline{A})$ để rút gọn các bước tính toán.
PROB_DR_172,Quy tac dem va Xac suat,SKILL_COMPLEMENTARY_EVENT,KienThuc_KyNang,ThongHieu,Cho hai biến cố xung khắc $A$ và $B$. Biết $P(A) = 0.2$ và $P(B) = 0.55$. Tính xác suất $P(A \cup B)$.,0.75,0.65,0.85,0.375,A,1.07,0.44,Xem xét biến cố đối: trường hợp ngược lại hoàn toàn với yêu cầu đề bài là gì?,Sử dụng công thức biến cố đối $P(A) = 1 - P(\overline{A})$ để rút gọn các bước tính toán.
PROB_DR_173,Quy tac dem va Xac suat,SKILL_COMPLEMENTARY_EVENT,KienThuc_KyNang,ThongHieu,Cho hai biến cố độc lập $A$ và $B$. Biết $P(A) = 0.3$ và $P(B) = 0.65$. Tính xác suất $P(A \cap B)$.,0.0975,0.195,0.295,0.095,B,0.84,0.48,Xem xét biến cố đối: trường hợp ngược lại hoàn toàn với yêu cầu đề bài là gì?,Sử dụng công thức biến cố đối $P(A) = 1 - P(\overline{A})$ để rút gọn các bước tính toán.
PROB_DR_174,Quy tac dem va Xac suat,SKILL_COMPLEMENTARY_EVENT,KienThuc_KyNang,ThongHieu,"Cho hai biến cố $A, B$ có $P(A) = 0.4$, $P(B) = 0.05$ và $P(A \cap B) = 0.01$. Tính $P(A \cup B)$.",0.54,0.34,0.44,0.22,C,0.97,0.52,Xem xét biến cố đối: trường hợp ngược lại hoàn toàn với yêu cầu đề bài là gì?,Sử dụng công thức biến cố đối $P(A) = 1 - P(\overline{A})$ để rút gọn các bước tính toán.
PROB_DR_175,Quy tac dem va Xac suat,SKILL_COMPLEMENTARY_EVENT,KienThuc_KyNang,ThongHieu,Cho biến cố $A$ có xác suất $P(A) = 0.5$. Tính xác suất của biến cố đối $\overline{A}$.,0.4,0.6,0.5,0.25,C,1.1,0.56,Xem xét biến cố đối: trường hợp ngược lại hoàn toàn với yêu cầu đề bài là gì?,Sử dụng công thức biến cố đối $P(A) = 1 - P(\overline{A})$ để rút gọn các bước tính toán.
PROB_DR_176,Quy tac dem va Xac suat,SKILL_COMPLEMENTARY_EVENT,KienThuc_KyNang,ThongHieu,Cho hai biến cố xung khắc $A$ và $B$. Biết $P(A) = 0.6$ và $P(B) = 0.25$. Tính xác suất $P(A \cup B)$.,0.95,0.75,0.85,0.425,C,0.87,-0.4,Xem xét biến cố đối: trường hợp ngược lại hoàn toàn với yêu cầu đề bài là gì?,Sử dụng công thức biến cố đối $P(A) = 1 - P(\overline{A})$ để rút gọn các bước tính toán.
PROB_DR_177,Quy tac dem va Xac suat,SKILL_COMPLEMENTARY_EVENT,KienThuc_KyNang,ThongHieu,Cho hai biến cố độc lập $A$ và $B$. Biết $P(A) = 0.7$ và $P(B) = 0.35$. Tính xác suất $P(A \cap B)$.,0.145,0.245,0.345,0.1225,B,1.0,-0.36,Xem xét biến cố đối: trường hợp ngược lại hoàn toàn với yêu cầu đề bài là gì?,Sử dụng công thức biến cố đối $P(A) = 1 - P(\overline{A})$ để rút gọn các bước tính toán.
PROB_DR_178,Quy tac dem va Xac suat,SKILL_COMPLEMENTARY_EVENT,KienThuc_KyNang,ThongHieu,"Cho hai biến cố $A, B$ có $P(A) = 0.8$, $P(B) = 0.45$ và $P(A \cap B) = 0.18$. Tính $P(A \cup B)$.",0.97,1.07,1.17,0.535,B,1.13,-0.32,Xem xét biến cố đối: trường hợp ngược lại hoàn toàn với yêu cầu đề bài là gì?,Sử dụng công thức biến cố đối $P(A) = 1 - P(\overline{A})$ để rút gọn các bước tính toán.
PROB_DR_179,Quy tac dem va Xac suat,SKILL_COMPLEMENTARY_EVENT,KienThuc_KyNang,ThongHieu,Cho biến cố $A$ có xác suất $P(A) = 0.1$. Tính xác suất của biến cố đối $\overline{A}$.,0.9,1.0,0.45,0.8,A,0.9,-0.28,Xem xét biến cố đối: trường hợp ngược lại hoàn toàn với yêu cầu đề bài là gì?,Sử dụng công thức biến cố đối $P(A) = 1 - P(\overline{A})$ để rút gọn các bước tính toán.
PROB_DR_180,Quy tac dem va Xac suat,SKILL_COMPLEMENTARY_EVENT,KienThuc_KyNang,ThongHieu,Cho hai biến cố xung khắc $A$ và $B$. Biết $P(A) = 0.2$ và $P(B) = 0.65$. Tính xác suất $P(A \cup B)$.,0.75,0.95,0.85,0.425,C,1.03,-0.24,Xem xét biến cố đối: trường hợp ngược lại hoàn toàn với yêu cầu đề bài là gì?,Sử dụng công thức biến cố đối $P(A) = 1 - P(\overline{A})$ để rút gọn các bước tính toán.
PROB_DR_181,Quy tac dem va Xac suat,SKILL_COMPLEMENTARY_EVENT,KienThuc_KyNang,ThongHieu,Cho hai biến cố độc lập $A$ và $B$. Biết $P(A) = 0.3$ và $P(B) = 0.05$. Tính xác suất $P(A \cap B)$.,0.015,0.01,0.115,0.0075,A,0.8,-0.2,Xem xét biến cố đối: trường hợp ngược lại hoàn toàn với yêu cầu đề bài là gì?,Sử dụng công thức biến cố đối $P(A) = 1 - P(\overline{A})$ để rút gọn các bước tính toán.
PROB_DR_182,Quy tac dem va Xac suat,SKILL_COMPLEMENTARY_EVENT,KienThuc_KyNang,ThongHieu,"Cho hai biến cố $A, B$ có $P(A) = 0.4$, $P(B) = 0.15$ và $P(A \cap B) = 0.03$. Tính $P(A \cup B)$.",0.26,0.62,0.52,0.42,C,0.93,-0.16,Xem xét biến cố đối: trường hợp ngược lại hoàn toàn với yêu cầu đề bài là gì?,Sử dụng công thức biến cố đối $P(A) = 1 - P(\overline{A})$ để rút gọn các bước tính toán.
PROB_DR_183,Quy tac dem va Xac suat,SKILL_COMPLEMENTARY_EVENT,KienThuc_KyNang,ThongHieu,Cho biến cố $A$ có xác suất $P(A) = 0.5$. Tính xác suất của biến cố đối $\overline{A}$.,0.5,0.6,0.25,0.4,A,1.06,-0.12,Xem xét biến cố đối: trường hợp ngược lại hoàn toàn với yêu cầu đề bài là gì?,Sử dụng công thức biến cố đối $P(A) = 1 - P(\overline{A})$ để rút gọn các bước tính toán.
PROB_DR_184,Quy tac dem va Xac suat,SKILL_COMPLEMENTARY_EVENT,KienThuc_KyNang,ThongHieu,Cho hai biến cố xung khắc $A$ và $B$. Biết $P(A) = 0.6$ và $P(B) = 0.35$. Tính xác suất $P(A \cup B)$.,0.95,0.475,0.85,1.05,A,0.83,-0.08,Xem xét biến cố đối: trường hợp ngược lại hoàn toàn với yêu cầu đề bài là gì?,Sử dụng công thức biến cố đối $P(A) = 1 - P(\overline{A})$ để rút gọn các bước tính toán.
PROB_DR_185,Quy tac dem va Xac suat,SKILL_COMPLEMENTARY_EVENT,KienThuc_KyNang,ThongHieu,Cho hai biến cố độc lập $A$ và $B$. Biết $P(A) = 0.7$ và $P(B) = 0.45$. Tính xác suất $P(A \cap B)$.,0.215,0.1575,0.415,0.315,D,0.96,-0.04,Xem xét biến cố đối: trường hợp ngược lại hoàn toàn với yêu cầu đề bài là gì?,Sử dụng công thức biến cố đối $P(A) = 1 - P(\overline{A})$ để rút gọn các bước tính toán.
PROB_DR_186,Quy tac dem va Xac suat,SKILL_COMPLEMENTARY_EVENT,KienThuc_KyNang,ThongHieu,"Cho hai biến cố $A, B$ có $P(A) = 0.8$, $P(B) = 0.55$ và $P(A \cap B) = 0.22$. Tính $P(A \cup B)$.",0.565,1.13,1.03,1.23,B,1.09,0.0,Xem xét biến cố đối: trường hợp ngược lại hoàn toàn với yêu cầu đề bài là gì?,Sử dụng công thức biến cố đối $P(A) = 1 - P(\overline{A})$ để rút gọn các bước tính toán.
PROB_DR_187,Quy tac dem va Xac suat,SKILL_COMPLEMENTARY_EVENT,KienThuc_KyNang,ThongHieu,Cho biến cố $A$ có xác suất $P(A) = 0.1$. Tính xác suất của biến cố đối $\overline{A}$.,1.0,0.8,0.45,0.9,D,0.86,0.04,Xem xét biến cố đối: trường hợp ngược lại hoàn toàn với yêu cầu đề bài là gì?,Sử dụng công thức biến cố đối $P(A) = 1 - P(\overline{A})$ để rút gọn các bước tính toán.
PROB_DR_188,Quy tac dem va Xac suat,SKILL_COMPLEMENTARY_EVENT,KienThuc_KyNang,ThongHieu,Cho hai biến cố xung khắc $A$ và $B$. Biết $P(A) = 0.2$ và $P(B) = 0.05$. Tính xác suất $P(A \cup B)$.,0.15,0.25,0.125,0.35,B,0.99,0.08,Xem xét biến cố đối: trường hợp ngược lại hoàn toàn với yêu cầu đề bài là gì?,Sử dụng công thức biến cố đối $P(A) = 1 - P(\overline{A})$ để rút gọn các bước tính toán.
PROB_DR_189,Quy tac dem va Xac suat,SKILL_COMPLEMENTARY_EVENT,KienThuc_KyNang,ThongHieu,Cho hai biến cố độc lập $A$ và $B$. Biết $P(A) = 0.3$ và $P(B) = 0.15$. Tính xác suất $P(A \cap B)$.,0.045,0.0225,0.145,0.01,A,1.12,0.12,Xem xét biến cố đối: trường hợp ngược lại hoàn toàn với yêu cầu đề bài là gì?,Sử dụng công thức biến cố đối $P(A) = 1 - P(\overline{A})$ để rút gọn các bước tính toán.
PROB_DR_190,Quy tac dem va Xac suat,SKILL_COMPLEMENTARY_EVENT,KienThuc_KyNang,ThongHieu,"Cho hai biến cố $A, B$ có $P(A) = 0.4$, $P(B) = 0.25$ và $P(A \cap B) = 0.05$. Tính $P(A \cup B)$.",0.6,0.5,0.3,0.7,A,0.89,0.16,Xem xét biến cố đối: trường hợp ngược lại hoàn toàn với yêu cầu đề bài là gì?,Sử dụng công thức biến cố đối $P(A) = 1 - P(\overline{A})$ để rút gọn các bước tính toán.
PROB_DR_191,Quy tac dem va Xac suat,SKILL_COMPLEMENTARY_EVENT,KienThuc_KyNang,ThongHieu,Cho biến cố $A$ có xác suất $P(A) = 0.5$. Tính xác suất của biến cố đối $\overline{A}$.,0.6,0.4,0.25,0.5,D,1.02,0.2,Xem xét biến cố đối: trường hợp ngược lại hoàn toàn với yêu cầu đề bài là gì?,Sử dụng công thức biến cố đối $P(A) = 1 - P(\overline{A})$ để rút gọn các bước tính toán.
PROB_DR_192,Quy tac dem va Xac suat,SKILL_COMPLEMENTARY_EVENT,KienThuc_KyNang,ThongHieu,Cho hai biến cố xung khắc $A$ và $B$. Biết $P(A) = 0.6$ và $P(B) = 0.45$. Tính xác suất $P(A \cup B)$.,1.15,0.95,0.525,1.05,D,1.15,0.24,Xem xét biến cố đối: trường hợp ngược lại hoàn toàn với yêu cầu đề bài là gì?,Sử dụng công thức biến cố đối $P(A) = 1 - P(\overline{A})$ để rút gọn các bước tính toán.
PROB_DR_193,Quy tac dem va Xac suat,SKILL_COMPLEMENTARY_EVENT,KienThuc_KyNang,ThongHieu,Cho hai biến cố độc lập $A$ và $B$. Biết $P(A) = 0.7$ và $P(B) = 0.55$. Tính xác suất $P(A \cap B)$.,0.485,0.385,0.285,0.1925,B,0.92,0.28,Xem xét biến cố đối: trường hợp ngược lại hoàn toàn với yêu cầu đề bài là gì?,Sử dụng công thức biến cố đối $P(A) = 1 - P(\overline{A})$ để rút gọn các bước tính toán.
PROB_DR_194,Quy tac dem va Xac suat,SKILL_COMPLEMENTARY_EVENT,KienThuc_KyNang,ThongHieu,"Cho hai biến cố $A, B$ có $P(A) = 0.8$, $P(B) = 0.65$ và $P(A \cap B) = 0.26$. Tính $P(A \cup B)$.",0.595,1.09,1.19,1.29,C,1.05,0.32,Xem xét biến cố đối: trường hợp ngược lại hoàn toàn với yêu cầu đề bài là gì?,Sử dụng công thức biến cố đối $P(A) = 1 - P(\overline{A})$ để rút gọn các bước tính toán.
PROB_DR_195,Quy tac dem va Xac suat,SKILL_COMPLEMENTARY_EVENT,KienThuc_KyNang,ThongHieu,Cho biến cố $A$ có xác suất $P(A) = 0.1$. Tính xác suất của biến cố đối $\overline{A}$.,0.9,0.45,1.0,0.8,A,0.82,0.36,Xem xét biến cố đối: trường hợp ngược lại hoàn toàn với yêu cầu đề bài là gì?,Sử dụng công thức biến cố đối $P(A) = 1 - P(\overline{A})$ để rút gọn các bước tính toán.
PROB_DR_196,Quy tac dem va Xac suat,SKILL_COMPLEMENTARY_EVENT,KienThuc_KyNang,ThongHieu,Cho hai biến cố xung khắc $A$ và $B$. Biết $P(A) = 0.2$ và $P(B) = 0.15$. Tính xác suất $P(A \cup B)$.,0.175,0.45,0.35,0.25,C,0.95,0.4,Xem xét biến cố đối: trường hợp ngược lại hoàn toàn với yêu cầu đề bài là gì?,Sử dụng công thức biến cố đối $P(A) = 1 - P(\overline{A})$ để rút gọn các bước tính toán.
PROB_DR_197,Quy tac dem va Xac suat,SKILL_COMPLEMENTARY_EVENT,KienThuc_KyNang,ThongHieu,Cho hai biến cố độc lập $A$ và $B$. Biết $P(A) = 0.3$ và $P(B) = 0.25$. Tính xác suất $P(A \cap B)$.,0.01,0.175,0.0375,0.075,D,1.08,0.44,Xem xét biến cố đối: trường hợp ngược lại hoàn toàn với yêu cầu đề bài là gì?,Sử dụng công thức biến cố đối $P(A) = 1 - P(\overline{A})$ để rút gọn các bước tính toán.
PROB_DR_198,Quy tac dem va Xac suat,SKILL_COMPLEMENTARY_EVENT,KienThuc_KyNang,ThongHieu,"Cho hai biến cố $A, B$ có $P(A) = 0.4$, $P(B) = 0.35$ và $P(A \cap B) = 0.07$. Tính $P(A \cup B)$.",0.78,0.58,0.68,0.34,C,0.85,0.48,Xem xét biến cố đối: trường hợp ngược lại hoàn toàn với yêu cầu đề bài là gì?,Sử dụng công thức biến cố đối $P(A) = 1 - P(\overline{A})$ để rút gọn các bước tính toán.
PROB_DR_199,Quy tac dem va Xac suat,SKILL_COMPLEMENTARY_EVENT,KienThuc_KyNang,ThongHieu,Cho biến cố $A$ có xác suất $P(A) = 0.5$. Tính xác suất của biến cố đối $\overline{A}$.,0.25,0.4,0.6,0.5,D,0.98,0.52,Xem xét biến cố đối: trường hợp ngược lại hoàn toàn với yêu cầu đề bài là gì?,Sử dụng công thức biến cố đối $P(A) = 1 - P(\overline{A})$ để rút gọn các bước tính toán.
PROB_DR_200,Quy tac dem va Xac suat,SKILL_COMPLEMENTARY_EVENT,KienThuc_KyNang,ThongHieu,Cho hai biến cố xung khắc $A$ và $B$. Biết $P(A) = 0.6$ và $P(B) = 0.55$. Tính xác suất $P(A \cup B)$.,1.05,0.575,1.15,1.25,C,1.11,0.56,Xem xét biến cố đối: trường hợp ngược lại hoàn toàn với yêu cầu đề bài là gì?,Sử dụng công thức biến cố đối $P(A) = 1 - P(\overline{A})$ để rút gọn các bước tính toán.
PROB_PISA_001,Y te - Duoc pham,SKILL_INDEP_MEDICAL,GiaiQuyetVanDe,ThongHieu,"Ba nhóm bệnh nhân độc lập gồm nhóm 1, nhóm 2 và nhóm 3 được chỉ định phác đồ điều trị mới. Xác suất đáp ứng thuốc tốt của mỗi nhóm lần lượt là $0.79$, $0.84$ và $0.89$. Tính xác suất để có đúng hai trong ba nhóm đáp ứng tốt với phác đồ điều trị.",0.3775,0.3425,0.3005,0.4005,B,1.1,0.1,"Phân tích thành 3 trường hợp rời nhau (xung khắc): (nhóm 1 và 2 đạt, nhóm 3 không), (nhóm 1 và 3 đạt, nhóm 2 không), hoặc (nhóm 2 và 3 đạt, nhóm 1 không).","Áp dụng quy tắc nhân xác suất cho các biến cố độc lập trong từng trường hợp, sau đó áp dụng quy tắc cộng xác suất để tìm kết quả chung."
PROB_PISA_002,Tai chinh - Kinh te,SKILL_RISK_FINANCE,GiaiQuyetVanDe,ThongHieu,Một nhà đầu tư tài chính phân bổ vốn vào hai quỹ mở $F_1$ và $F_2$ hoạt động trên hai thị trường độc lập. Xác suất quỹ $F_1$ đạt mục tiêu lợi nhuận trong quý là $0.7$ và quỹ $F_2$ là $0.75$. Tính xác suất để nhà đầu tư có ít nhất một quỹ đạt mục tiêu lợi nhuận đã đề ra.,0.96,0.925,0.883,0.983,B,1.27,0.14,Xác định biến cố đối: Tình huống xấu nhất 'cả hai quỹ đều không đạt mục tiêu lợi nhuận' xảy ra với xác suất bao nhiêu?,"Vì hai quỹ hoạt động độc lập, tính xác suất biến cố đối bằng quy tắc nhân: $P(\text{Đối}) = (1 - P(F_1))(1 - P(F_2))$, sau đó lấy $1 - P(\text{Đối})$."
PROB_PISA_003,Ky thuat - San xuat,SKILL_RELIABILITY_TECH,GiaiQuyetVanDe,ThongHieu,Một nhà máy sản xuất linh kiện điện tử có hai dây chuyền $L_1$ và $L_2$ cùng sản xuất một mã sản phẩm. Dây chuyền $L_1$ chiếm $60\%$ tổng sản lượng với tỷ lệ phế phẩm là $1.5\%$; dây chuyền $L_2$ chiếm $40\%$ sản lượng với tỷ lệ phế phẩm là $2.5\%$. Chọn ngẫu nhiên một linh kiện trong kho thành phẩm. Tính xác suất linh kiện được chọn là sản phẩm đạt chuẩn chất lượng.,0.939,0.916,0.981,0.896,C,1.44,0.18,"Sử dụng công thức xác suất toàn phần để xác định tỷ lệ phế phẩm chung của toàn nhà máy: $P(\text{Phế phẩm}) = 0{,}6 \cdot P(\text{Lỗi}\mid L_1) + 0{,}4 \cdot P(\text{Lỗi}\mid L_2)$.",Áp dụng công thức biến cố đối: Xác suất sản phẩm đạt chuẩn chất lượng xuất xưởng là $P(\text{Đạt}) = 1 - P(\text{Phế phẩm})$.
PROB_PISA_004,Cong nghe thong tin,SKILL_RELIABILITY_TECH,GiaiQuyetVanDe,ThongHieu,"Một hệ thống cơ sở dữ liệu y tế trực tuyến sử dụng $3$ máy chủ đám mây hoạt động song song độc lập. Xác suất gặp sự cố gián đoạn mạng trong ngày của mỗi máy chủ lần lượt là $0.05$, $0.08$ và $0.1$. Hệ thống duy trì hoạt động bình thường nếu có ít nhất một máy chủ vận hành tốt. Tính xác suất hệ thống dữ liệu hoạt động thông suốt không bị ngắt quãng trong ngày.",0.9576,0.9346,0.9146,0.9996,D,1.25,0.22,Hệ thống chỉ bị gián đoạn toàn phần khi tất cả 3 máy chủ cùng đồng thời gặp sự cố kỹ thuật.,"Vì 3 máy chủ hoạt động độc lập, xác suất gián đoạn toàn bộ là $q_1 \cdot q_2 \cdot q_3$. Áp dụng nguyên lý biến cố đối để tìm xác suất hệ thống hoạt động thông suốt."
PROB_PISA_005,Giao thong - Logistics,SKILL_LOGISTICS,GiaiQuyetVanDe,ThongHieu,"Một kiện hàng hóa sinh học được vận chuyển qua ba cung đường độc lập: hàng không, đường sắt và vận tải nội đô. Xác suất xảy ra chậm trễ giờ ở mỗi cung đường lần lượt là $0.04$, $0.06$ và $0.08$. Tính xác suất để kiện hàng đến đích hoàn toàn đúng thời gian quy định (không trễ ở bất kỳ chặng nào).",0.8302,0.8652,0.7882,0.8882,A,1.42,0.26,"Để toàn bộ kiện hàng đến đúng hẹn, điều kiện cần và đủ là cả 3 chặng vận chuyển đều phải hoàn thành đúng giờ.","Tính xác suất đúng giờ của từng chặng: $1 - d_i$, sau đó áp dụng quy tắc nhân xác suất cho 3 biến cố độc lập liên tiếp."
PROB_PISA_006,Y te - Duoc pham,SKILL_INDEP_MEDICAL,GiaiQuyetVanDe,ThongHieu,"Trong một nghiên cứu y khoa, ba phương pháp xét nghiệm sinh học $M_1$, $M_2$ và $M_3$ hoạt động độc lập để phát hiện kháng thể trong huyết thanh bệnh nhân. Xác suất phát hiện thành công của mỗi phương pháp lần lượt là $0.79$, $0.88$ và $0.85$. Tính xác suất để có ít nhất một phương pháp phát hiện thành công kháng thể.",0.9542,0.9312,0.9962,0.9112,C,1.23,0.3,Xác định biến cố đối: Tình huống 'cả ba phương pháp đều không phát hiện được kháng thể' xảy ra khi từng phương pháp đồng thời thất bại.,"Vì các phương pháp hoạt động độc lập, hãy tính xác suất cả 3 cùng thất bại: $P(\text{Đối}) = (1 - 0.79)(1 - 0.88)(1 - 0.85)$, sau đó tính $P = 1 - P(\text{Đối})$."
PROB_PISA_007,Tai chinh - Kinh te,SKILL_RISK_FINANCE,GiaiQuyetVanDe,ThongHieu,Một nhà đầu tư tài chính phân bổ vốn vào hai quỹ mở $F_1$ và $F_2$ hoạt động trên hai thị trường độc lập. Xác suất quỹ $F_1$ đạt mục tiêu lợi nhuận trong quý là $0.74$ và quỹ $F_2$ là $0.79$. Tính xác suất để nhà đầu tư có ít nhất một quỹ đạt mục tiêu lợi nhuận đã đề ra.,0.9804,0.9034,0.9454,0.8804,C,1.4,0.34,Xác định biến cố đối: Tình huống xấu nhất 'cả hai quỹ đều không đạt mục tiêu lợi nhuận' xảy ra với xác suất bao nhiêu?,"Vì hai quỹ hoạt động độc lập, tính xác suất biến cố đối bằng quy tắc nhân: $P(\text{Đối}) = (1 - P(F_1))(1 - P(F_2))$, sau đó lấy $1 - P(\text{Đối})$."
PROB_PISA_008,Ky thuat - San xuat,SKILL_RELIABILITY_TECH,GiaiQuyetVanDe,ThongHieu,Một nhà máy sản xuất linh kiện điện tử có hai dây chuyền $L_1$ và $L_2$ cùng sản xuất một mã sản phẩm. Dây chuyền $L_1$ chiếm $60\%$ tổng sản lượng với tỷ lệ phế phẩm là $2.0\%$; dây chuyền $L_2$ chiếm $40\%$ sản lượng với tỷ lệ phế phẩm là $3.0\%$. Chọn ngẫu nhiên một linh kiện trong kho thành phẩm. Tính xác suất linh kiện được chọn là sản phẩm đạt chuẩn chất lượng.,0.934,0.911,0.891,0.976,D,1.21,0.38,"Sử dụng công thức xác suất toàn phần để xác định tỷ lệ phế phẩm chung của toàn nhà máy: $P(\text{Phế phẩm}) = 0{,}6 \cdot P(\text{Lỗi}\mid L_1) + 0{,}4 \cdot P(\text{Lỗi}\mid L_2)$.",Áp dụng công thức biến cố đối: Xác suất sản phẩm đạt chuẩn chất lượng xuất xưởng là $P(\text{Đạt}) = 1 - P(\text{Phế phẩm})$.
PROB_PISA_009,Cong nghe thong tin,SKILL_RELIABILITY_TECH,GiaiQuyetVanDe,ThongHieu,"Một hệ thống cơ sở dữ liệu y tế trực tuyến sử dụng $3$ máy chủ đám mây hoạt động song song độc lập. Xác suất gặp sự cố gián đoạn mạng trong ngày của mỗi máy chủ lần lượt là $0.07$, $0.1$ và $0.12$. Hệ thống duy trì hoạt động bình thường nếu có ít nhất một máy chủ vận hành tốt. Tính xác suất hệ thống dữ liệu hoạt động thông suốt không bị ngắt quãng trong ngày.",0.9992,0.9572,0.9342,0.9142,A,1.38,0.42,Hệ thống chỉ bị gián đoạn toàn phần khi tất cả 3 máy chủ cùng đồng thời gặp sự cố kỹ thuật.,"Vì 3 máy chủ hoạt động độc lập, xác suất gián đoạn toàn bộ là $q_1 \cdot q_2 \cdot q_3$. Áp dụng nguyên lý biến cố đối để tìm xác suất hệ thống hoạt động thông suốt."
PROB_PISA_010,Giao thong - Logistics,SKILL_LOGISTICS,GiaiQuyetVanDe,ThongHieu,"Một kiện hàng hóa sinh học được vận chuyển qua ba cung đường độc lập: hàng không, đường sắt và vận tải nội đô. Xác suất xảy ra chậm trễ giờ ở mỗi cung đường lần lượt là $0.06$, $0.08$ và $0.1$. Tính xác suất để kiện hàng đến đích hoàn toàn đúng thời gian quy định (không trễ ở bất kỳ chặng nào).",0.8133,0.7783,0.7363,0.8363,B,1.19,0.46,"Để toàn bộ kiện hàng đến đúng hẹn, điều kiện cần và đủ là cả 3 chặng vận chuyển đều phải hoàn thành đúng giờ.","Tính xác suất đúng giờ của từng chặng: $1 - d_i$, sau đó áp dụng quy tắc nhân xác suất cho 3 biến cố độc lập liên tiếp."
PROB_PISA_011,Y te - Duoc pham,SKILL_INDEP_MEDICAL,GiaiQuyetVanDe,ThongHieu,"Ba nhóm bệnh nhân độc lập gồm nhóm 1, nhóm 2 và nhóm 3 được chỉ định phác đồ điều trị mới. Xác suất đáp ứng thuốc tốt của mỗi nhóm lần lượt là $0.79$, $0.92$ và $0.93$. Tính xác suất để có đúng hai trong ba nhóm đáp ứng tốt với phác đồ điều trị.",0.3243,0.2473,0.3473,0.2893,D,1.36,0.5,"Phân tích thành 3 trường hợp rời nhau (xung khắc): (nhóm 1 và 2 đạt, nhóm 3 không), (nhóm 1 và 3 đạt, nhóm 2 không), hoặc (nhóm 2 và 3 đạt, nhóm 1 không).","Áp dụng quy tắc nhân xác suất cho các biến cố độc lập trong từng trường hợp, sau đó áp dụng quy tắc cộng xác suất để tìm kết quả chung."
PROB_PISA_012,Tai chinh - Kinh te,SKILL_RISK_FINANCE,GiaiQuyetVanDe,ThongHieu,Một nhà đầu tư tài chính phân bổ vốn vào hai quỹ mở $F_1$ và $F_2$ hoạt động trên hai thị trường độc lập. Xác suất quỹ $F_1$ đạt mục tiêu lợi nhuận trong quý là $0.78$ và quỹ $F_2$ là $0.83$. Tính xác suất để nhà đầu tư có ít nhất một quỹ đạt mục tiêu lợi nhuận đã đề ra.,0.9976,0.9206,0.8976,0.9626,D,1.17,0.54,Xác định biến cố đối: Tình huống xấu nhất 'cả hai quỹ đều không đạt mục tiêu lợi nhuận' xảy ra với xác suất bao nhiêu?,"Vì hai quỹ hoạt động độc lập, tính xác suất biến cố đối bằng quy tắc nhân: $P(\text{Đối}) = (1 - P(F_1))(1 - P(F_2))$, sau đó lấy $1 - P(\text{Đối})$."
PROB_PISA_013,Ky thuat - San xuat,SKILL_RELIABILITY_TECH,GiaiQuyetVanDe,ThongHieu,Một nhà máy sản xuất linh kiện điện tử có hai dây chuyền $L_1$ và $L_2$ cùng sản xuất một mã sản phẩm. Dây chuyền $L_1$ chiếm $60\%$ tổng sản lượng với tỷ lệ phế phẩm là $2.5\%$; dây chuyền $L_2$ chiếm $40\%$ sản lượng với tỷ lệ phế phẩm là $3.5000000000000004\%$. Chọn ngẫu nhiên một linh kiện trong kho thành phẩm. Tính xác suất linh kiện được chọn là sản phẩm đạt chuẩn chất lượng.,0.971,0.929,0.906,0.886,A,1.34,0.58,"Sử dụng công thức xác suất toàn phần để xác định tỷ lệ phế phẩm chung của toàn nhà máy: $P(\text{Phế phẩm}) = 0{,}6 \cdot P(\text{Lỗi}\mid L_1) + 0{,}4 \cdot P(\text{Lỗi}\mid L_2)$.",Áp dụng công thức biến cố đối: Xác suất sản phẩm đạt chuẩn chất lượng xuất xưởng là $P(\text{Đạt}) = 1 - P(\text{Phế phẩm})$.
PROB_PISA_014,Cong nghe thong tin,SKILL_RELIABILITY_TECH,GiaiQuyetVanDe,ThongHieu,"Một hệ thống cơ sở dữ liệu y tế trực tuyến sử dụng $3$ máy chủ đám mây hoạt động song song độc lập. Xác suất gặp sự cố gián đoạn mạng trong ngày của mỗi máy chủ lần lượt là $0.09$, $0.12$ và $0.14$. Hệ thống duy trì hoạt động bình thường nếu có ít nhất một máy chủ vận hành tốt. Tính xác suất hệ thống dữ liệu hoạt động thông suốt không bị ngắt quãng trong ngày.",0.9565,0.9985,0.9335,0.9135,B,1.15,0.62,Hệ thống chỉ bị gián đoạn toàn phần khi tất cả 3 máy chủ cùng đồng thời gặp sự cố kỹ thuật.,"Vì 3 máy chủ hoạt động độc lập, xác suất gián đoạn toàn bộ là $q_1 \cdot q_2 \cdot q_3$. Áp dụng nguyên lý biến cố đối để tìm xác suất hệ thống hoạt động thông suốt."
PROB_PISA_015,Giao thong - Logistics,SKILL_LOGISTICS,GiaiQuyetVanDe,ThongHieu,"Một kiện hàng hóa sinh học được vận chuyển qua ba cung đường độc lập: hàng không, đường sắt và vận tải nội đô. Xác suất xảy ra chậm trễ giờ ở mỗi cung đường lần lượt là $0.08$, $0.1$ và $0.12$. Tính xác suất để kiện hàng đến đích hoàn toàn đúng thời gian quy định (không trễ ở bất kỳ chặng nào).",0.7636,0.6866,0.7286,0.7866,C,1.32,0.66,"Để toàn bộ kiện hàng đến đúng hẹn, điều kiện cần và đủ là cả 3 chặng vận chuyển đều phải hoàn thành đúng giờ.","Tính xác suất đúng giờ của từng chặng: $1 - d_i$, sau đó áp dụng quy tắc nhân xác suất cho 3 biến cố độc lập liên tiếp."
PROB_PISA_016,Y te - Duoc pham,SKILL_INDEP_MEDICAL,GiaiQuyetVanDe,ThongHieu,"Trong một nghiên cứu y khoa, ba phương pháp xét nghiệm sinh học $M_1$, $M_2$ và $M_3$ hoạt động độc lập để phát hiện kháng thể trong huyết thanh bệnh nhân. Xác suất phát hiện thành công của mỗi phương pháp lần lượt là $0.79$, $0.8$ và $0.89$. Tính xác suất để có ít nhất một phương pháp phát hiện thành công kháng thể.",0.9954,0.9534,0.9304,0.9104,A,1.13,0.7,Xác định biến cố đối: Tình huống 'cả ba phương pháp đều không phát hiện được kháng thể' xảy ra khi từng phương pháp đồng thời thất bại.,"Vì các phương pháp hoạt động độc lập, hãy tính xác suất cả 3 cùng thất bại: $P(\text{Đối}) = (1 - 0.79)(1 - 0.8)(1 - 0.89)$, sau đó tính $P = 1 - P(\text{Đối})$."
PROB_PISA_017,Tai chinh - Kinh te,SKILL_RISK_FINANCE,GiaiQuyetVanDe,ThongHieu,Một nhà đầu tư tài chính phân bổ vốn vào hai quỹ mở $F_1$ và $F_2$ hoạt động trên hai thị trường độc lập. Xác suất quỹ $F_1$ đạt mục tiêu lợi nhuận trong quý là $0.82$ và quỹ $F_2$ là $0.87$. Tính xác suất để nhà đầu tư có ít nhất một quỹ đạt mục tiêu lợi nhuận đã đề ra.,0.9766,0.9346,0.9116,0.8916,A,1.3,0.74,Xác định biến cố đối: Tình huống xấu nhất 'cả hai quỹ đều không đạt mục tiêu lợi nhuận' xảy ra với xác suất bao nhiêu?,"Vì hai quỹ hoạt động độc lập, tính xác suất biến cố đối bằng quy tắc nhân: $P(\text{Đối}) = (1 - P(F_1))(1 - P(F_2))$, sau đó lấy $1 - P(\text{Đối})$."
PROB_PISA_018,Ky thuat - San xuat,SKILL_RELIABILITY_TECH,GiaiQuyetVanDe,ThongHieu,Một nhà máy sản xuất linh kiện điện tử có hai dây chuyền $L_1$ và $L_2$ cùng sản xuất một mã sản phẩm. Dây chuyền $L_1$ chiếm $60\%$ tổng sản lượng với tỷ lệ phế phẩm là $3.0\%$; dây chuyền $L_2$ chiếm $40\%$ sản lượng với tỷ lệ phế phẩm là $2.5\%$. Chọn ngẫu nhiên một linh kiện trong kho thành phẩm. Tính xác suất linh kiện được chọn là sản phẩm đạt chuẩn chất lượng.,0.93,0.972,0.907,0.887,B,1.11,0.78,"Sử dụng công thức xác suất toàn phần để xác định tỷ lệ phế phẩm chung của toàn nhà máy: $P(\text{Phế phẩm}) = 0{,}6 \cdot P(\text{Lỗi}\mid L_1) + 0{,}4 \cdot P(\text{Lỗi}\mid L_2)$.",Áp dụng công thức biến cố đối: Xác suất sản phẩm đạt chuẩn chất lượng xuất xưởng là $P(\text{Đạt}) = 1 - P(\text{Phế phẩm})$.
PROB_PISA_019,Cong nghe thong tin,SKILL_RELIABILITY_TECH,GiaiQuyetVanDe,ThongHieu,"Một hệ thống cơ sở dữ liệu y tế trực tuyến sử dụng $3$ máy chủ đám mây hoạt động song song độc lập. Xác suất gặp sự cố gián đoạn mạng trong ngày của mỗi máy chủ lần lượt là $0.11$, $0.08$ và $0.1$. Hệ thống duy trì hoạt động bình thường nếu có ít nhất một máy chủ vận hành tốt. Tính xác suất hệ thống dữ liệu hoạt động thông suốt không bị ngắt quãng trong ngày.",0.9571,0.9341,0.9991,0.9141,C,1.28,0.82,Hệ thống chỉ bị gián đoạn toàn phần khi tất cả 3 máy chủ cùng đồng thời gặp sự cố kỹ thuật.,"Vì 3 máy chủ hoạt động độc lập, xác suất gián đoạn toàn bộ là $q_1 \cdot q_2 \cdot q_3$. Áp dụng nguyên lý biến cố đối để tìm xác suất hệ thống hoạt động thông suốt."
PROB_PISA_020,Giao thong - Logistics,SKILL_LOGISTICS,GiaiQuyetVanDe,ThongHieu,"Một kiện hàng hóa sinh học được vận chuyển qua ba cung đường độc lập: hàng không, đường sắt và vận tải nội đô. Xác suất xảy ra chậm trễ giờ ở mỗi cung đường lần lượt là $0.04$, $0.06$ và $0.14$. Tính xác suất để kiện hàng đến đích hoàn toàn đúng thời gian quy định (không trễ ở bất kỳ chặng nào).",0.8111,0.7341,0.8341,0.7761,D,1.45,0.86,"Để toàn bộ kiện hàng đến đúng hẹn, điều kiện cần và đủ là cả 3 chặng vận chuyển đều phải hoàn thành đúng giờ.","Tính xác suất đúng giờ của từng chặng: $1 - d_i$, sau đó áp dụng quy tắc nhân xác suất cho 3 biến cố độc lập liên tiếp."
PROB_PISA_021,Y te - Duoc pham,SKILL_INDEP_MEDICAL,GiaiQuyetVanDe,ThongHieu,"Ba nhóm bệnh nhân độc lập gồm nhóm 1, nhóm 2 và nhóm 3 được chỉ định phác đồ điều trị mới. Xác suất đáp ứng thuốc tốt của mỗi nhóm lần lượt là $0.79$, $0.84$ và $0.85$. Tính xác suất để có đúng hai trong ba nhóm đáp ứng tốt với phác đồ điều trị.",0.3919,0.3569,0.3149,0.4149,B,1.26,0.9,"Phân tích thành 3 trường hợp rời nhau (xung khắc): (nhóm 1 và 2 đạt, nhóm 3 không), (nhóm 1 và 3 đạt, nhóm 2 không), hoặc (nhóm 2 và 3 đạt, nhóm 1 không).","Áp dụng quy tắc nhân xác suất cho các biến cố độc lập trong từng trường hợp, sau đó áp dụng quy tắc cộng xác suất để tìm kết quả chung."
PROB_PISA_022,Tai chinh - Kinh te,SKILL_RISK_FINANCE,GiaiQuyetVanDe,ThongHieu,Một nhà đầu tư tài chính phân bổ vốn vào hai quỹ mở $F_1$ và $F_2$ hoạt động trên hai thị trường độc lập. Xác suất quỹ $F_1$ đạt mục tiêu lợi nhuận trong quý là $0.86$ và quỹ $F_2$ là $0.75$. Tính xác suất để nhà đầu tư có ít nhất một quỹ đạt mục tiêu lợi nhuận đã đề ra.,0.923,0.965,0.9,0.88,B,1.43,0.94,Xác định biến cố đối: Tình huống xấu nhất 'cả hai quỹ đều không đạt mục tiêu lợi nhuận' xảy ra với xác suất bao nhiêu?,"Vì hai quỹ hoạt động độc lập, tính xác suất biến cố đối bằng quy tắc nhân: $P(\text{Đối}) = (1 - P(F_1))(1 - P(F_2))$, sau đó lấy $1 - P(\text{Đối})$."
PROB_PISA_023,Ky thuat - San xuat,SKILL_RELIABILITY_TECH,GiaiQuyetVanDe,ThongHieu,Một nhà máy sản xuất linh kiện điện tử có hai dây chuyền $L_1$ và $L_2$ cùng sản xuất một mã sản phẩm. Dây chuyền $L_1$ chiếm $60\%$ tổng sản lượng với tỷ lệ phế phẩm là $1.5\%$; dây chuyền $L_2$ chiếm $40\%$ sản lượng với tỷ lệ phế phẩm là $3.0\%$. Chọn ngẫu nhiên một linh kiện trong kho thành phẩm. Tính xác suất linh kiện được chọn là sản phẩm đạt chuẩn chất lượng.,0.937,0.914,0.979,0.894,C,1.24,0.98,"Sử dụng công thức xác suất toàn phần để xác định tỷ lệ phế phẩm chung của toàn nhà máy: $P(\text{Phế phẩm}) = 0{,}6 \cdot P(\text{Lỗi}\mid L_1) + 0{,}4 \cdot P(\text{Lỗi}\mid L_2)$.",Áp dụng công thức biến cố đối: Xác suất sản phẩm đạt chuẩn chất lượng xuất xưởng là $P(\text{Đạt}) = 1 - P(\text{Phế phẩm})$.
PROB_PISA_024,Cong nghe thong tin,SKILL_RELIABILITY_TECH,GiaiQuyetVanDe,ThongHieu,"Một hệ thống cơ sở dữ liệu y tế trực tuyến sử dụng $3$ máy chủ đám mây hoạt động song song độc lập. Xác suất gặp sự cố gián đoạn mạng trong ngày của mỗi máy chủ lần lượt là $0.05$, $0.1$ và $0.12$. Hệ thống duy trì hoạt động bình thường nếu có ít nhất một máy chủ vận hành tốt. Tính xác suất hệ thống dữ liệu hoạt động thông suốt không bị ngắt quãng trong ngày.",0.9574,0.9344,0.9144,0.9994,D,1.41,1.02,Hệ thống chỉ bị gián đoạn toàn phần khi tất cả 3 máy chủ cùng đồng thời gặp sự cố kỹ thuật.,"Vì 3 máy chủ hoạt động độc lập, xác suất gián đoạn toàn bộ là $q_1 \cdot q_2 \cdot q_3$. Áp dụng nguyên lý biến cố đối để tìm xác suất hệ thống hoạt động thông suốt."
PROB_PISA_025,Giao thong - Logistics,SKILL_LOGISTICS,GiaiQuyetVanDe,ThongHieu,"Một kiện hàng hóa sinh học được vận chuyển qua ba cung đường độc lập: hàng không, đường sắt và vận tải nội đô. Xác suất xảy ra chậm trễ giờ ở mỗi cung đường lần lượt là $0.06$, $0.08$ và $0.08$. Tính xác suất để kiện hàng đến đích hoàn toàn đúng thời gian quy định (không trễ ở bất kỳ chặng nào).",0.7956,0.8306,0.7536,0.8536,A,1.22,1.06,"Để toàn bộ kiện hàng đến đúng hẹn, điều kiện cần và đủ là cả 3 chặng vận chuyển đều phải hoàn thành đúng giờ.","Tính xác suất đúng giờ của từng chặng: $1 - d_i$, sau đó áp dụng quy tắc nhân xác suất cho 3 biến cố độc lập liên tiếp."
PROB_PISA_026,Y te - Duoc pham,SKILL_INDEP_MEDICAL,GiaiQuyetVanDe,ThongHieu,"Trong một nghiên cứu y khoa, ba phương pháp xét nghiệm sinh học $M_1$, $M_2$ và $M_3$ hoạt động độc lập để phát hiện kháng thể trong huyết thanh bệnh nhân. Xác suất phát hiện thành công của mỗi phương pháp lần lượt là $0.79$, $0.88$ và $0.93$. Tính xác suất để có ít nhất một phương pháp phát hiện thành công kháng thể.",0.9562,0.9332,0.9982,0.9132,C,1.39,0.1,Xác định biến cố đối: Tình huống 'cả ba phương pháp đều không phát hiện được kháng thể' xảy ra khi từng phương pháp đồng thời thất bại.,"Vì các phương pháp hoạt động độc lập, hãy tính xác suất cả 3 cùng thất bại: $P(\text{Đối}) = (1 - 0.79)(1 - 0.88)(1 - 0.93)$, sau đó tính $P = 1 - P(\text{Đối})$."
PROB_PISA_027,Tai chinh - Kinh te,SKILL_RISK_FINANCE,GiaiQuyetVanDe,ThongHieu,Một nhà đầu tư tài chính phân bổ vốn vào hai quỹ mở $F_1$ và $F_2$ hoạt động trên hai thị trường độc lập. Xác suất quỹ $F_1$ đạt mục tiêu lợi nhuận trong quý là $0.7$ và quỹ $F_2$ là $0.79$. Tính xác suất để nhà đầu tư có ít nhất một quỹ đạt mục tiêu lợi nhuận đã đề ra.,0.972,0.895,0.937,0.995,C,1.2,0.14,Xác định biến cố đối: Tình huống xấu nhất 'cả hai quỹ đều không đạt mục tiêu lợi nhuận' xảy ra với xác suất bao nhiêu?,"Vì hai quỹ hoạt động độc lập, tính xác suất biến cố đối bằng quy tắc nhân: $P(\text{Đối}) = (1 - P(F_1))(1 - P(F_2))$, sau đó lấy $1 - P(\text{Đối})$."
PROB_PISA_028,Ky thuat - San xuat,SKILL_RELIABILITY_TECH,GiaiQuyetVanDe,ThongHieu,Một nhà máy sản xuất linh kiện điện tử có hai dây chuyền $L_1$ và $L_2$ cùng sản xuất một mã sản phẩm. Dây chuyền $L_1$ chiếm $60\%$ tổng sản lượng với tỷ lệ phế phẩm là $2.0\%$; dây chuyền $L_2$ chiếm $40\%$ sản lượng với tỷ lệ phế phẩm là $3.5000000000000004\%$. Chọn ngẫu nhiên một linh kiện trong kho thành phẩm. Tính xác suất linh kiện được chọn là sản phẩm đạt chuẩn chất lượng.,0.932,0.909,0.889,0.974,D,1.37,0.18,"Sử dụng công thức xác suất toàn phần để xác định tỷ lệ phế phẩm chung của toàn nhà máy: $P(\text{Phế phẩm}) = 0{,}6 \cdot P(\text{Lỗi}\mid L_1) + 0{,}4 \cdot P(\text{Lỗi}\mid L_2)$.",Áp dụng công thức biến cố đối: Xác suất sản phẩm đạt chuẩn chất lượng xuất xưởng là $P(\text{Đạt}) = 1 - P(\text{Phế phẩm})$.
PROB_PISA_029,Cong nghe thong tin,SKILL_RELIABILITY_TECH,GiaiQuyetVanDe,ThongHieu,"Một hệ thống cơ sở dữ liệu y tế trực tuyến sử dụng $3$ máy chủ đám mây hoạt động song song độc lập. Xác suất gặp sự cố gián đoạn mạng trong ngày của mỗi máy chủ lần lượt là $0.07$, $0.12$ và $0.14$. Hệ thống duy trì hoạt động bình thường nếu có ít nhất một máy chủ vận hành tốt. Tính xác suất hệ thống dữ liệu hoạt động thông suốt không bị ngắt quãng trong ngày.",0.9988,0.9568,0.9338,0.9138,A,1.18,0.22,Hệ thống chỉ bị gián đoạn toàn phần khi tất cả 3 máy chủ cùng đồng thời gặp sự cố kỹ thuật.,"Vì 3 máy chủ hoạt động độc lập, xác suất gián đoạn toàn bộ là $q_1 \cdot q_2 \cdot q_3$. Áp dụng nguyên lý biến cố đối để tìm xác suất hệ thống hoạt động thông suốt."
PROB_PISA_030,Giao thong - Logistics,SKILL_LOGISTICS,GiaiQuyetVanDe,ThongHieu,"Một kiện hàng hóa sinh học được vận chuyển qua ba cung đường độc lập: hàng không, đường sắt và vận tải nội đô. Xác suất xảy ra chậm trễ giờ ở mỗi cung đường lần lượt là $0.08$, $0.1$ và $0.1$. Tính xác suất để kiện hàng đến đích hoàn toàn đúng thời gian quy định (không trễ ở bất kỳ chặng nào).",0.7802,0.7452,0.7032,0.8032,B,1.35,0.26,"Để toàn bộ kiện hàng đến đúng hẹn, điều kiện cần và đủ là cả 3 chặng vận chuyển đều phải hoàn thành đúng giờ.","Tính xác suất đúng giờ của từng chặng: $1 - d_i$, sau đó áp dụng quy tắc nhân xác suất cho 3 biến cố độc lập liên tiếp."
PROB_PISA_031,Y te - Duoc pham,SKILL_INDEP_MEDICAL,GiaiQuyetVanDe,ThongHieu,"Ba nhóm bệnh nhân độc lập gồm nhóm 1, nhóm 2 và nhóm 3 được chỉ định phác đồ điều trị mới. Xác suất đáp ứng thuốc tốt của mỗi nhóm lần lượt là $0.79$, $0.92$ và $0.89$. Tính xác suất để có đúng hai trong ba nhóm đáp ứng tốt với phác đồ điều trị.",0.3431,0.2661,0.3661,0.3081,D,1.16,0.3,"Phân tích thành 3 trường hợp rời nhau (xung khắc): (nhóm 1 và 2 đạt, nhóm 3 không), (nhóm 1 và 3 đạt, nhóm 2 không), hoặc (nhóm 2 và 3 đạt, nhóm 1 không).","Áp dụng quy tắc nhân xác suất cho các biến cố độc lập trong từng trường hợp, sau đó áp dụng quy tắc cộng xác suất để tìm kết quả chung."
PROB_PISA_032,Tai chinh - Kinh te,SKILL_RISK_FINANCE,GiaiQuyetVanDe,ThongHieu,Một nhà đầu tư tài chính phân bổ vốn vào hai quỹ mở $F_1$ và $F_2$ hoạt động trên hai thị trường độc lập. Xác suất quỹ $F_1$ đạt mục tiêu lợi nhuận trong quý là $0.74$ và quỹ $F_2$ là $0.83$. Tính xác suất để nhà đầu tư có ít nhất một quỹ đạt mục tiêu lợi nhuận đã đề ra.,0.9908,0.9138,0.8908,0.9558,D,1.33,0.34,Xác định biến cố đối: Tình huống xấu nhất 'cả hai quỹ đều không đạt mục tiêu lợi nhuận' xảy ra với xác suất bao nhiêu?,"Vì hai quỹ hoạt động độc lập, tính xác suất biến cố đối bằng quy tắc nhân: $P(\text{Đối}) = (1 - P(F_1))(1 - P(F_2))$, sau đó lấy $1 - P(\text{Đối})$."
PROB_PISA_033,Ky thuat - San xuat,SKILL_RELIABILITY_TECH,GiaiQuyetVanDe,ThongHieu,Một nhà máy sản xuất linh kiện điện tử có hai dây chuyền $L_1$ và $L_2$ cùng sản xuất một mã sản phẩm. Dây chuyền $L_1$ chiếm $60\%$ tổng sản lượng với tỷ lệ phế phẩm là $2.5\%$; dây chuyền $L_2$ chiếm $40\%$ sản lượng với tỷ lệ phế phẩm là $2.5\%$. Chọn ngẫu nhiên một linh kiện trong kho thành phẩm. Tính xác suất linh kiện được chọn là sản phẩm đạt chuẩn chất lượng.,0.975,0.933,0.91,0.89,A,1.14,0.38,"Sử dụng công thức xác suất toàn phần để xác định tỷ lệ phế phẩm chung của toàn nhà máy: $P(\text{Phế phẩm}) = 0{,}6 \cdot P(\text{Lỗi}\mid L_1) + 0{,}4 \cdot P(\text{Lỗi}\mid L_2)$.",Áp dụng công thức biến cố đối: Xác suất sản phẩm đạt chuẩn chất lượng xuất xưởng là $P(\text{Đạt}) = 1 - P(\text{Phế phẩm})$.
PROB_PISA_034,Cong nghe thong tin,SKILL_RELIABILITY_TECH,GiaiQuyetVanDe,ThongHieu,"Một hệ thống cơ sở dữ liệu y tế trực tuyến sử dụng $3$ máy chủ đám mây hoạt động song song độc lập. Xác suất gặp sự cố gián đoạn mạng trong ngày của mỗi máy chủ lần lượt là $0.09$, $0.08$ và $0.1$. Hệ thống duy trì hoạt động bình thường nếu có ít nhất một máy chủ vận hành tốt. Tính xác suất hệ thống dữ liệu hoạt động thông suốt không bị ngắt quãng trong ngày.",0.9573,0.9993,0.9343,0.9143,B,1.31,0.42,Hệ thống chỉ bị gián đoạn toàn phần khi tất cả 3 máy chủ cùng đồng thời gặp sự cố kỹ thuật.,"Vì 3 máy chủ hoạt động độc lập, xác suất gián đoạn toàn bộ là $q_1 \cdot q_2 \cdot q_3$. Áp dụng nguyên lý biến cố đối để tìm xác suất hệ thống hoạt động thông suốt."
PROB_PISA_035,Giao thong - Logistics,SKILL_LOGISTICS,GiaiQuyetVanDe,ThongHieu,"Một kiện hàng hóa sinh học được vận chuyển qua ba cung đường độc lập: hàng không, đường sắt và vận tải nội đô. Xác suất xảy ra chậm trễ giờ ở mỗi cung đường lần lượt là $0.04$, $0.06$ và $0.12$. Tính xác suất để kiện hàng đến đích hoàn toàn đúng thời gian quy định (không trễ ở bất kỳ chặng nào).",0.8291,0.7521,0.7941,0.8521,C,1.12,0.46,"Để toàn bộ kiện hàng đến đúng hẹn, điều kiện cần và đủ là cả 3 chặng vận chuyển đều phải hoàn thành đúng giờ.","Tính xác suất đúng giờ của từng chặng: $1 - d_i$, sau đó áp dụng quy tắc nhân xác suất cho 3 biến cố độc lập liên tiếp."
PROB_PISA_036,Y te - Duoc pham,SKILL_INDEP_MEDICAL,GiaiQuyetVanDe,ThongHieu,"Trong một nghiên cứu y khoa, ba phương pháp xét nghiệm sinh học $M_1$, $M_2$ và $M_3$ hoạt động độc lập để phát hiện kháng thể trong huyết thanh bệnh nhân. Xác suất phát hiện thành công của mỗi phương pháp lần lượt là $0.79$, $0.8$ và $0.85$. Tính xác suất để có ít nhất một phương pháp phát hiện thành công kháng thể.",0.9937,0.9517,0.9287,0.9087,A,1.29,0.5,Xác định biến cố đối: Tình huống 'cả ba phương pháp đều không phát hiện được kháng thể' xảy ra khi từng phương pháp đồng thời thất bại.,"Vì các phương pháp hoạt động độc lập, hãy tính xác suất cả 3 cùng thất bại: $P(\text{Đối}) = (1 - 0.79)(1 - 0.8)(1 - 0.85)$, sau đó tính $P = 1 - P(\text{Đối})$."
PROB_PISA_037,Tai chinh - Kinh te,SKILL_RISK_FINANCE,GiaiQuyetVanDe,ThongHieu,Một nhà đầu tư tài chính phân bổ vốn vào hai quỹ mở $F_1$ và $F_2$ hoạt động trên hai thị trường độc lập. Xác suất quỹ $F_1$ đạt mục tiêu lợi nhuận trong quý là $0.78$ và quỹ $F_2$ là $0.87$. Tính xác suất để nhà đầu tư có ít nhất một quỹ đạt mục tiêu lợi nhuận đã đề ra.,0.9714,0.9294,0.9064,0.8864,A,1.1,0.54,Xác định biến cố đối: Tình huống xấu nhất 'cả hai quỹ đều không đạt mục tiêu lợi nhuận' xảy ra với xác suất bao nhiêu?,"Vì hai quỹ hoạt động độc lập, tính xác suất biến cố đối bằng quy tắc nhân: $P(\text{Đối}) = (1 - P(F_1))(1 - P(F_2))$, sau đó lấy $1 - P(\text{Đối})$."
PROB_PISA_038,Ky thuat - San xuat,SKILL_RELIABILITY_TECH,GiaiQuyetVanDe,ThongHieu,Một nhà máy sản xuất linh kiện điện tử có hai dây chuyền $L_1$ và $L_2$ cùng sản xuất một mã sản phẩm. Dây chuyền $L_1$ chiếm $60\%$ tổng sản lượng với tỷ lệ phế phẩm là $3.0\%$; dây chuyền $L_2$ chiếm $40\%$ sản lượng với tỷ lệ phế phẩm là $3.0\%$. Chọn ngẫu nhiên một linh kiện trong kho thành phẩm. Tính xác suất linh kiện được chọn là sản phẩm đạt chuẩn chất lượng.,0.928,0.97,0.905,0.885,B,1.27,0.58,"Sử dụng công thức xác suất toàn phần để xác định tỷ lệ phế phẩm chung của toàn nhà máy: $P(\text{Phế phẩm}) = 0{,}6 \cdot P(\text{Lỗi}\mid L_1) + 0{,}4 \cdot P(\text{Lỗi}\mid L_2)$.",Áp dụng công thức biến cố đối: Xác suất sản phẩm đạt chuẩn chất lượng xuất xưởng là $P(\text{Đạt}) = 1 - P(\text{Phế phẩm})$.
PROB_PISA_039,Cong nghe thong tin,SKILL_RELIABILITY_TECH,GiaiQuyetVanDe,ThongHieu,"Một hệ thống cơ sở dữ liệu y tế trực tuyến sử dụng $3$ máy chủ đám mây hoạt động song song độc lập. Xác suất gặp sự cố gián đoạn mạng trong ngày của mỗi máy chủ lần lượt là $0.11$, $0.1$ và $0.12$. Hệ thống duy trì hoạt động bình thường nếu có ít nhất một máy chủ vận hành tốt. Tính xác suất hệ thống dữ liệu hoạt động thông suốt không bị ngắt quãng trong ngày.",0.9567,0.9337,0.9987,0.9137,C,1.44,0.62,Hệ thống chỉ bị gián đoạn toàn phần khi tất cả 3 máy chủ cùng đồng thời gặp sự cố kỹ thuật.,"Vì 3 máy chủ hoạt động độc lập, xác suất gián đoạn toàn bộ là $q_1 \cdot q_2 \cdot q_3$. Áp dụng nguyên lý biến cố đối để tìm xác suất hệ thống hoạt động thông suốt."
PROB_PISA_040,Giao thong - Logistics,SKILL_LOGISTICS,GiaiQuyetVanDe,ThongHieu,"Một kiện hàng hóa sinh học được vận chuyển qua ba cung đường độc lập: hàng không, đường sắt và vận tải nội đô. Xác suất xảy ra chậm trễ giờ ở mỗi cung đường lần lượt là $0.06$, $0.08$ và $0.14$. Tính xác suất để kiện hàng đến đích hoàn toàn đúng thời gian quy định (không trễ ở bất kỳ chặng nào).",0.7787,0.7017,0.8017,0.7437,D,1.25,0.66,"Để toàn bộ kiện hàng đến đúng hẹn, điều kiện cần và đủ là cả 3 chặng vận chuyển đều phải hoàn thành đúng giờ.","Tính xác suất đúng giờ của từng chặng: $1 - d_i$, sau đó áp dụng quy tắc nhân xác suất cho 3 biến cố độc lập liên tiếp."
PROB_PISA_041,Y te - Duoc pham,SKILL_INDEP_MEDICAL,GiaiQuyetVanDe,ThongHieu,"Ba nhóm bệnh nhân độc lập gồm nhóm 1, nhóm 2 và nhóm 3 được chỉ định phác đồ điều trị mới. Xác suất đáp ứng thuốc tốt của mỗi nhóm lần lượt là $0.79$, $0.84$ và $0.93$. Tính xác suất để có đúng hai trong ba nhóm đáp ứng tốt với phác đồ điều trị.",0.3631,0.3281,0.2861,0.3861,B,1.42,0.7,"Phân tích thành 3 trường hợp rời nhau (xung khắc): (nhóm 1 và 2 đạt, nhóm 3 không), (nhóm 1 và 3 đạt, nhóm 2 không), hoặc (nhóm 2 và 3 đạt, nhóm 1 không).","Áp dụng quy tắc nhân xác suất cho các biến cố độc lập trong từng trường hợp, sau đó áp dụng quy tắc cộng xác suất để tìm kết quả chung."
PROB_PISA_042,Tai chinh - Kinh te,SKILL_RISK_FINANCE,GiaiQuyetVanDe,ThongHieu,Một nhà đầu tư tài chính phân bổ vốn vào hai quỹ mở $F_1$ và $F_2$ hoạt động trên hai thị trường độc lập. Xác suất quỹ $F_1$ đạt mục tiêu lợi nhuận trong quý là $0.82$ và quỹ $F_2$ là $0.75$. Tính xác suất để nhà đầu tư có ít nhất một quỹ đạt mục tiêu lợi nhuận đã đề ra.,0.99,0.955,0.913,0.89,B,1.23,0.74,Xác định biến cố đối: Tình huống xấu nhất 'cả hai quỹ đều không đạt mục tiêu lợi nhuận' xảy ra với xác suất bao nhiêu?,"Vì hai quỹ hoạt động độc lập, tính xác suất biến cố đối bằng quy tắc nhân: $P(\text{Đối}) = (1 - P(F_1))(1 - P(F_2))$, sau đó lấy $1 - P(\text{Đối})$."
PROB_PISA_043,Ky thuat - San xuat,SKILL_RELIABILITY_TECH,GiaiQuyetVanDe,ThongHieu,Một nhà máy sản xuất linh kiện điện tử có hai dây chuyền $L_1$ và $L_2$ cùng sản xuất một mã sản phẩm. Dây chuyền $L_1$ chiếm $60\%$ tổng sản lượng với tỷ lệ phế phẩm là $1.5\%$; dây chuyền $L_2$ chiếm $40\%$ sản lượng với tỷ lệ phế phẩm là $3.5000000000000004\%$. Chọn ngẫu nhiên một linh kiện trong kho thành phẩm. Tính xác suất linh kiện được chọn là sản phẩm đạt chuẩn chất lượng.,0.935,0.912,0.977,0.892,C,1.4,0.78,"Sử dụng công thức xác suất toàn phần để xác định tỷ lệ phế phẩm chung của toàn nhà máy: $P(\text{Phế phẩm}) = 0{,}6 \cdot P(\text{Lỗi}\mid L_1) + 0{,}4 \cdot P(\text{Lỗi}\mid L_2)$.",Áp dụng công thức biến cố đối: Xác suất sản phẩm đạt chuẩn chất lượng xuất xưởng là $P(\text{Đạt}) = 1 - P(\text{Phế phẩm})$.
PROB_PISA_044,Cong nghe thong tin,SKILL_RELIABILITY_TECH,GiaiQuyetVanDe,ThongHieu,"Một hệ thống cơ sở dữ liệu y tế trực tuyến sử dụng $3$ máy chủ đám mây hoạt động song song độc lập. Xác suất gặp sự cố gián đoạn mạng trong ngày của mỗi máy chủ lần lượt là $0.05$, $0.12$ và $0.14$. Hệ thống duy trì hoạt động bình thường nếu có ít nhất một máy chủ vận hành tốt. Tính xác suất hệ thống dữ liệu hoạt động thông suốt không bị ngắt quãng trong ngày.",0.9572,0.9342,0.9142,0.9992,D,1.21,0.82,Hệ thống chỉ bị gián đoạn toàn phần khi tất cả 3 máy chủ cùng đồng thời gặp sự cố kỹ thuật.,"Vì 3 máy chủ hoạt động độc lập, xác suất gián đoạn toàn bộ là $q_1 \cdot q_2 \cdot q_3$. Áp dụng nguyên lý biến cố đối để tìm xác suất hệ thống hoạt động thông suốt."
PROB_PISA_045,Giao thong - Logistics,SKILL_LOGISTICS,GiaiQuyetVanDe,ThongHieu,"Một kiện hàng hóa sinh học được vận chuyển qua ba cung đường độc lập: hàng không, đường sắt và vận tải nội đô. Xác suất xảy ra chậm trễ giờ ở mỗi cung đường lần lượt là $0.08$, $0.1$ và $0.08$. Tính xác suất để kiện hàng đến đích hoàn toàn đúng thời gian quy định (không trễ ở bất kỳ chặng nào).",0.7618,0.7968,0.7198,0.8198,A,1.38,0.86,"Để toàn bộ kiện hàng đến đúng hẹn, điều kiện cần và đủ là cả 3 chặng vận chuyển đều phải hoàn thành đúng giờ.","Tính xác suất đúng giờ của từng chặng: $1 - d_i$, sau đó áp dụng quy tắc nhân xác suất cho 3 biến cố độc lập liên tiếp."
PROB_PISA_046,Y te - Duoc pham,SKILL_INDEP_MEDICAL,GiaiQuyetVanDe,ThongHieu,"Trong một nghiên cứu y khoa, ba phương pháp xét nghiệm sinh học $M_1$, $M_2$ và $M_3$ hoạt động độc lập để phát hiện kháng thể trong huyết thanh bệnh nhân. Xác suất phát hiện thành công của mỗi phương pháp lần lượt là $0.79$, $0.88$ và $0.89$. Tính xác suất để có ít nhất một phương pháp phát hiện thành công kháng thể.",0.9552,0.9322,0.9972,0.9122,C,1.19,0.9,Xác định biến cố đối: Tình huống 'cả ba phương pháp đều không phát hiện được kháng thể' xảy ra khi từng phương pháp đồng thời thất bại.,"Vì các phương pháp hoạt động độc lập, hãy tính xác suất cả 3 cùng thất bại: $P(\text{Đối}) = (1 - 0.79)(1 - 0.88)(1 - 0.89)$, sau đó tính $P = 1 - P(\text{Đối})$."
PROB_PISA_047,Tai chinh - Kinh te,SKILL_RISK_FINANCE,GiaiQuyetVanDe,ThongHieu,Một nhà đầu tư tài chính phân bổ vốn vào hai quỹ mở $F_1$ và $F_2$ hoạt động trên hai thị trường độc lập. Xác suất quỹ $F_1$ đạt mục tiêu lợi nhuận trong quý là $0.86$ và quỹ $F_2$ là $0.79$. Tính xác suất để nhà đầu tư có ít nhất một quỹ đạt mục tiêu lợi nhuận đã đề ra.,0.9286,0.9056,0.9706,0.8856,C,1.36,0.94,Xác định biến cố đối: Tình huống xấu nhất 'cả hai quỹ đều không đạt mục tiêu lợi nhuận' xảy ra với xác suất bao nhiêu?,"Vì hai quỹ hoạt động độc lập, tính xác suất biến cố đối bằng quy tắc nhân: $P(\text{Đối}) = (1 - P(F_1))(1 - P(F_2))$, sau đó lấy $1 - P(\text{Đối})$."
PROB_PISA_048,Ky thuat - San xuat,SKILL_RELIABILITY_TECH,GiaiQuyetVanDe,ThongHieu,Một nhà máy sản xuất linh kiện điện tử có hai dây chuyền $L_1$ và $L_2$ cùng sản xuất một mã sản phẩm. Dây chuyền $L_1$ chiếm $60\%$ tổng sản lượng với tỷ lệ phế phẩm là $2.0\%$; dây chuyền $L_2$ chiếm $40\%$ sản lượng với tỷ lệ phế phẩm là $2.5\%$. Chọn ngẫu nhiên một linh kiện trong kho thành phẩm. Tính xác suất linh kiện được chọn là sản phẩm đạt chuẩn chất lượng.,0.936,0.913,0.893,0.978,D,1.17,0.98,"Sử dụng công thức xác suất toàn phần để xác định tỷ lệ phế phẩm chung của toàn nhà máy: $P(\text{Phế phẩm}) = 0{,}6 \cdot P(\text{Lỗi}\mid L_1) + 0{,}4 \cdot P(\text{Lỗi}\mid L_2)$.",Áp dụng công thức biến cố đối: Xác suất sản phẩm đạt chuẩn chất lượng xuất xưởng là $P(\text{Đạt}) = 1 - P(\text{Phế phẩm})$.
PROB_PISA_049,Cong nghe thong tin,SKILL_RELIABILITY_TECH,GiaiQuyetVanDe,ThongHieu,"Một hệ thống cơ sở dữ liệu y tế trực tuyến sử dụng $3$ máy chủ đám mây hoạt động song song độc lập. Xác suất gặp sự cố gián đoạn mạng trong ngày của mỗi máy chủ lần lượt là $0.07$, $0.08$ và $0.1$. Hệ thống duy trì hoạt động bình thường nếu có ít nhất một máy chủ vận hành tốt. Tính xác suất hệ thống dữ liệu hoạt động thông suốt không bị ngắt quãng trong ngày.",0.9994,0.9574,0.9344,0.9144,A,1.34,1.02,Hệ thống chỉ bị gián đoạn toàn phần khi tất cả 3 máy chủ cùng đồng thời gặp sự cố kỹ thuật.,"Vì 3 máy chủ hoạt động độc lập, xác suất gián đoạn toàn bộ là $q_1 \cdot q_2 \cdot q_3$. Áp dụng nguyên lý biến cố đối để tìm xác suất hệ thống hoạt động thông suốt."
PROB_PISA_050,Giao thong - Logistics,SKILL_LOGISTICS,GiaiQuyetVanDe,ThongHieu,"Một kiện hàng hóa sinh học được vận chuyển qua ba cung đường độc lập: hàng không, đường sắt và vận tải nội đô. Xác suất xảy ra chậm trễ giờ ở mỗi cung đường lần lượt là $0.04$, $0.06$ và $0.1$. Tính xác suất để kiện hàng đến đích hoàn toàn đúng thời gian quy định (không trễ ở bất kỳ chặng nào).",0.8472,0.8122,0.7702,0.8702,B,1.15,1.06,"Để toàn bộ kiện hàng đến đúng hẹn, điều kiện cần và đủ là cả 3 chặng vận chuyển đều phải hoàn thành đúng giờ.","Tính xác suất đúng giờ của từng chặng: $1 - d_i$, sau đó áp dụng quy tắc nhân xác suất cho 3 biến cố độc lập liên tiếp."
PROB_PISA_051,Y te - Duoc pham,SKILL_INDEP_MEDICAL,GiaiQuyetVanDe,ThongHieu,"Ba nhóm bệnh nhân độc lập gồm nhóm 1, nhóm 2 và nhóm 3 được chỉ định phác đồ điều trị mới. Xác suất đáp ứng thuốc tốt của mỗi nhóm lần lượt là $0.79$, $0.92$ và $0.85$. Tính xác suất để có đúng hai trong ba nhóm đáp ứng tốt với phác đồ điều trị.",0.362,0.285,0.385,0.327,D,1.32,0.1,"Phân tích thành 3 trường hợp rời nhau (xung khắc): (nhóm 1 và 2 đạt, nhóm 3 không), (nhóm 1 và 3 đạt, nhóm 2 không), hoặc (nhóm 2 và 3 đạt, nhóm 1 không).","Áp dụng quy tắc nhân xác suất cho các biến cố độc lập trong từng trường hợp, sau đó áp dụng quy tắc cộng xác suất để tìm kết quả chung."
PROB_PISA_052,Tai chinh - Kinh te,SKILL_RISK_FINANCE,GiaiQuyetVanDe,ThongHieu,Một nhà đầu tư tài chính phân bổ vốn vào hai quỹ mở $F_1$ và $F_2$ hoạt động trên hai thị trường độc lập. Xác suất quỹ $F_1$ đạt mục tiêu lợi nhuận trong quý là $0.7$ và quỹ $F_2$ là $0.83$. Tính xác suất để nhà đầu tư có ít nhất một quỹ đạt mục tiêu lợi nhuận đã đề ra.,0.984,0.907,0.884,0.949,D,1.13,0.14,Xác định biến cố đối: Tình huống xấu nhất 'cả hai quỹ đều không đạt mục tiêu lợi nhuận' xảy ra với xác suất bao nhiêu?,"Vì hai quỹ hoạt động độc lập, tính xác suất biến cố đối bằng quy tắc nhân: $P(\text{Đối}) = (1 - P(F_1))(1 - P(F_2))$, sau đó lấy $1 - P(\text{Đối})$."
PROB_PISA_053,Ky thuat - San xuat,SKILL_RELIABILITY_TECH,GiaiQuyetVanDe,ThongHieu,Một nhà máy sản xuất linh kiện điện tử có hai dây chuyền $L_1$ và $L_2$ cùng sản xuất một mã sản phẩm. Dây chuyền $L_1$ chiếm $60\%$ tổng sản lượng với tỷ lệ phế phẩm là $2.5\%$; dây chuyền $L_2$ chiếm $40\%$ sản lượng với tỷ lệ phế phẩm là $3.0\%$. Chọn ngẫu nhiên một linh kiện trong kho thành phẩm. Tính xác suất linh kiện được chọn là sản phẩm đạt chuẩn chất lượng.,0.973,0.931,0.908,0.888,A,1.3,0.18,"Sử dụng công thức xác suất toàn phần để xác định tỷ lệ phế phẩm chung của toàn nhà máy: $P(\text{Phế phẩm}) = 0{,}6 \cdot P(\text{Lỗi}\mid L_1) + 0{,}4 \cdot P(\text{Lỗi}\mid L_2)$.",Áp dụng công thức biến cố đối: Xác suất sản phẩm đạt chuẩn chất lượng xuất xưởng là $P(\text{Đạt}) = 1 - P(\text{Phế phẩm})$.
PROB_PISA_054,Cong nghe thong tin,SKILL_RELIABILITY_TECH,GiaiQuyetVanDe,ThongHieu,"Một hệ thống cơ sở dữ liệu y tế trực tuyến sử dụng $3$ máy chủ đám mây hoạt động song song độc lập. Xác suất gặp sự cố gián đoạn mạng trong ngày của mỗi máy chủ lần lượt là $0.09$, $0.1$ và $0.12$. Hệ thống duy trì hoạt động bình thường nếu có ít nhất một máy chủ vận hành tốt. Tính xác suất hệ thống dữ liệu hoạt động thông suốt không bị ngắt quãng trong ngày.",0.9569,0.9989,0.9339,0.9139,B,1.11,0.22,Hệ thống chỉ bị gián đoạn toàn phần khi tất cả 3 máy chủ cùng đồng thời gặp sự cố kỹ thuật.,"Vì 3 máy chủ hoạt động độc lập, xác suất gián đoạn toàn bộ là $q_1 \cdot q_2 \cdot q_3$. Áp dụng nguyên lý biến cố đối để tìm xác suất hệ thống hoạt động thông suốt."
PROB_PISA_055,Giao thong - Logistics,SKILL_LOGISTICS,GiaiQuyetVanDe,ThongHieu,"Một kiện hàng hóa sinh học được vận chuyển qua ba cung đường độc lập: hàng không, đường sắt và vận tải nội đô. Xác suất xảy ra chậm trễ giờ ở mỗi cung đường lần lượt là $0.06$, $0.08$ và $0.12$. Tính xác suất để kiện hàng đến đích hoàn toàn đúng thời gian quy định (không trễ ở bất kỳ chặng nào).",0.796,0.719,0.761,0.819,C,1.28,0.26,"Để toàn bộ kiện hàng đến đúng hẹn, điều kiện cần và đủ là cả 3 chặng vận chuyển đều phải hoàn thành đúng giờ.","Tính xác suất đúng giờ của từng chặng: $1 - d_i$, sau đó áp dụng quy tắc nhân xác suất cho 3 biến cố độc lập liên tiếp."
PROB_PISA_056,Y te - Duoc pham,SKILL_INDEP_MEDICAL,GiaiQuyetVanDe,ThongHieu,"Trong một nghiên cứu y khoa, ba phương pháp xét nghiệm sinh học $M_1$, $M_2$ và $M_3$ hoạt động độc lập để phát hiện kháng thể trong huyết thanh bệnh nhân. Xác suất phát hiện thành công của mỗi phương pháp lần lượt là $0.79$, $0.8$ và $0.93$. Tính xác suất để có ít nhất một phương pháp phát hiện thành công kháng thể.",0.9971,0.9551,0.9321,0.9121,A,1.45,0.3,Xác định biến cố đối: Tình huống 'cả ba phương pháp đều không phát hiện được kháng thể' xảy ra khi từng phương pháp đồng thời thất bại.,"Vì các phương pháp hoạt động độc lập, hãy tính xác suất cả 3 cùng thất bại: $P(\text{Đối}) = (1 - 0.79)(1 - 0.8)(1 - 0.93)$, sau đó tính $P = 1 - P(\text{Đối})$."
PROB_PISA_057,Tai chinh - Kinh te,SKILL_RISK_FINANCE,GiaiQuyetVanDe,ThongHieu,Một nhà đầu tư tài chính phân bổ vốn vào hai quỹ mở $F_1$ và $F_2$ hoạt động trên hai thị trường độc lập. Xác suất quỹ $F_1$ đạt mục tiêu lợi nhuận trong quý là $0.74$ và quỹ $F_2$ là $0.87$. Tính xác suất để nhà đầu tư có ít nhất một quỹ đạt mục tiêu lợi nhuận đã đề ra.,0.9662,0.9242,0.9012,0.8812,A,1.26,0.34,Xác định biến cố đối: Tình huống xấu nhất 'cả hai quỹ đều không đạt mục tiêu lợi nhuận' xảy ra với xác suất bao nhiêu?,"Vì hai quỹ hoạt động độc lập, tính xác suất biến cố đối bằng quy tắc nhân: $P(\text{Đối}) = (1 - P(F_1))(1 - P(F_2))$, sau đó lấy $1 - P(\text{Đối})$."
PROB_PISA_058,Ky thuat - San xuat,SKILL_RELIABILITY_TECH,GiaiQuyetVanDe,ThongHieu,Một nhà máy sản xuất linh kiện điện tử có hai dây chuyền $L_1$ và $L_2$ cùng sản xuất một mã sản phẩm. Dây chuyền $L_1$ chiếm $60\%$ tổng sản lượng với tỷ lệ phế phẩm là $3.0\%$; dây chuyền $L_2$ chiếm $40\%$ sản lượng với tỷ lệ phế phẩm là $3.5000000000000004\%$. Chọn ngẫu nhiên một linh kiện trong kho thành phẩm. Tính xác suất linh kiện được chọn là sản phẩm đạt chuẩn chất lượng.,0.926,0.968,0.903,0.883,B,1.43,0.38,"Sử dụng công thức xác suất toàn phần để xác định tỷ lệ phế phẩm chung của toàn nhà máy: $P(\text{Phế phẩm}) = 0{,}6 \cdot P(\text{Lỗi}\mid L_1) + 0{,}4 \cdot P(\text{Lỗi}\mid L_2)$.",Áp dụng công thức biến cố đối: Xác suất sản phẩm đạt chuẩn chất lượng xuất xưởng là $P(\text{Đạt}) = 1 - P(\text{Phế phẩm})$.
PROB_PISA_059,Cong nghe thong tin,SKILL_RELIABILITY_TECH,GiaiQuyetVanDe,ThongHieu,"Một hệ thống cơ sở dữ liệu y tế trực tuyến sử dụng $3$ máy chủ đám mây hoạt động song song độc lập. Xác suất gặp sự cố gián đoạn mạng trong ngày của mỗi máy chủ lần lượt là $0.11$, $0.12$ và $0.14$. Hệ thống duy trì hoạt động bình thường nếu có ít nhất một máy chủ vận hành tốt. Tính xác suất hệ thống dữ liệu hoạt động thông suốt không bị ngắt quãng trong ngày.",0.9562,0.9332,0.9982,0.9132,C,1.24,0.42,Hệ thống chỉ bị gián đoạn toàn phần khi tất cả 3 máy chủ cùng đồng thời gặp sự cố kỹ thuật.,"Vì 3 máy chủ hoạt động độc lập, xác suất gián đoạn toàn bộ là $q_1 \cdot q_2 \cdot q_3$. Áp dụng nguyên lý biến cố đối để tìm xác suất hệ thống hoạt động thông suốt."
PROB_PISA_060,Giao thong - Logistics,SKILL_LOGISTICS,GiaiQuyetVanDe,ThongHieu,"Một kiện hàng hóa sinh học được vận chuyển qua ba cung đường độc lập: hàng không, đường sắt và vận tải nội đô. Xác suất xảy ra chậm trễ giờ ở mỗi cung đường lần lượt là $0.08$, $0.1$ và $0.14$. Tính xác suất để kiện hàng đến đích hoàn toàn đúng thời gian quy định (không trễ ở bất kỳ chặng nào).",0.7471,0.6701,0.7701,0.7121,D,1.41,0.46,"Để toàn bộ kiện hàng đến đúng hẹn, điều kiện cần và đủ là cả 3 chặng vận chuyển đều phải hoàn thành đúng giờ.","Tính xác suất đúng giờ của từng chặng: $1 - d_i$, sau đó áp dụng quy tắc nhân xác suất cho 3 biến cố độc lập liên tiếp."
PROB_PISA_061,Y te - Duoc pham,SKILL_INDEP_MEDICAL,GiaiQuyetVanDe,ThongHieu,"Ba nhóm bệnh nhân độc lập gồm nhóm 1, nhóm 2 và nhóm 3 được chỉ định phác đồ điều trị mới. Xác suất đáp ứng thuốc tốt của mỗi nhóm lần lượt là $0.79$, $0.84$ và $0.89$. Tính xác suất để có đúng hai trong ba nhóm đáp ứng tốt với phác đồ điều trị.",0.3775,0.3425,0.3005,0.4005,B,1.22,0.5,"Phân tích thành 3 trường hợp rời nhau (xung khắc): (nhóm 1 và 2 đạt, nhóm 3 không), (nhóm 1 và 3 đạt, nhóm 2 không), hoặc (nhóm 2 và 3 đạt, nhóm 1 không).","Áp dụng quy tắc nhân xác suất cho các biến cố độc lập trong từng trường hợp, sau đó áp dụng quy tắc cộng xác suất để tìm kết quả chung."
PROB_PISA_062,Tai chinh - Kinh te,SKILL_RISK_FINANCE,GiaiQuyetVanDe,ThongHieu,Một nhà đầu tư tài chính phân bổ vốn vào hai quỹ mở $F_1$ và $F_2$ hoạt động trên hai thị trường độc lập. Xác suất quỹ $F_1$ đạt mục tiêu lợi nhuận trong quý là $0.78$ và quỹ $F_2$ là $0.75$. Tính xác suất để nhà đầu tư có ít nhất một quỹ đạt mục tiêu lợi nhuận đã đề ra.,0.98,0.945,0.903,0.88,B,1.39,0.54,Xác định biến cố đối: Tình huống xấu nhất 'cả hai quỹ đều không đạt mục tiêu lợi nhuận' xảy ra với xác suất bao nhiêu?,"Vì hai quỹ hoạt động độc lập, tính xác suất biến cố đối bằng quy tắc nhân: $P(\text{Đối}) = (1 - P(F_1))(1 - P(F_2))$, sau đó lấy $1 - P(\text{Đối})$."
PROB_PISA_063,Ky thuat - San xuat,SKILL_RELIABILITY_TECH,GiaiQuyetVanDe,ThongHieu,Một nhà máy sản xuất linh kiện điện tử có hai dây chuyền $L_1$ và $L_2$ cùng sản xuất một mã sản phẩm. Dây chuyền $L_1$ chiếm $60\%$ tổng sản lượng với tỷ lệ phế phẩm là $1.5\%$; dây chuyền $L_2$ chiếm $40\%$ sản lượng với tỷ lệ phế phẩm là $2.5\%$. Chọn ngẫu nhiên một linh kiện trong kho thành phẩm. Tính xác suất linh kiện được chọn là sản phẩm đạt chuẩn chất lượng.,0.939,0.916,0.981,0.896,C,1.2,0.58,"Sử dụng công thức xác suất toàn phần để xác định tỷ lệ phế phẩm chung của toàn nhà máy: $P(\text{Phế phẩm}) = 0{,}6 \cdot P(\text{Lỗi}\mid L_1) + 0{,}4 \cdot P(\text{Lỗi}\mid L_2)$.",Áp dụng công thức biến cố đối: Xác suất sản phẩm đạt chuẩn chất lượng xuất xưởng là $P(\text{Đạt}) = 1 - P(\text{Phế phẩm})$.
PROB_PISA_064,Cong nghe thong tin,SKILL_RELIABILITY_TECH,GiaiQuyetVanDe,ThongHieu,"Một hệ thống cơ sở dữ liệu y tế trực tuyến sử dụng $3$ máy chủ đám mây hoạt động song song độc lập. Xác suất gặp sự cố gián đoạn mạng trong ngày của mỗi máy chủ lần lượt là $0.05$, $0.08$ và $0.1$. Hệ thống duy trì hoạt động bình thường nếu có ít nhất một máy chủ vận hành tốt. Tính xác suất hệ thống dữ liệu hoạt động thông suốt không bị ngắt quãng trong ngày.",0.9576,0.9346,0.9146,0.9996,D,1.37,0.62,Hệ thống chỉ bị gián đoạn toàn phần khi tất cả 3 máy chủ cùng đồng thời gặp sự cố kỹ thuật.,"Vì 3 máy chủ hoạt động độc lập, xác suất gián đoạn toàn bộ là $q_1 \cdot q_2 \cdot q_3$. Áp dụng nguyên lý biến cố đối để tìm xác suất hệ thống hoạt động thông suốt."
PROB_PISA_065,Giao thong - Logistics,SKILL_LOGISTICS,GiaiQuyetVanDe,ThongHieu,"Một kiện hàng hóa sinh học được vận chuyển qua ba cung đường độc lập: hàng không, đường sắt và vận tải nội đô. Xác suất xảy ra chậm trễ giờ ở mỗi cung đường lần lượt là $0.04$, $0.06$ và $0.08$. Tính xác suất để kiện hàng đến đích hoàn toàn đúng thời gian quy định (không trễ ở bất kỳ chặng nào).",0.8302,0.8652,0.7882,0.8882,A,1.18,0.66,"Để toàn bộ kiện hàng đến đúng hẹn, điều kiện cần và đủ là cả 3 chặng vận chuyển đều phải hoàn thành đúng giờ.","Tính xác suất đúng giờ của từng chặng: $1 - d_i$, sau đó áp dụng quy tắc nhân xác suất cho 3 biến cố độc lập liên tiếp."
PROB_PISA_066,Y te - Duoc pham,SKILL_INDEP_MEDICAL,GiaiQuyetVanDe,ThongHieu,"Trong một nghiên cứu y khoa, ba phương pháp xét nghiệm sinh học $M_1$, $M_2$ và $M_3$ hoạt động độc lập để phát hiện kháng thể trong huyết thanh bệnh nhân. Xác suất phát hiện thành công của mỗi phương pháp lần lượt là $0.79$, $0.88$ và $0.85$. Tính xác suất để có ít nhất một phương pháp phát hiện thành công kháng thể.",0.9542,0.9312,0.9962,0.9112,C,1.35,0.7,Xác định biến cố đối: Tình huống 'cả ba phương pháp đều không phát hiện được kháng thể' xảy ra khi từng phương pháp đồng thời thất bại.,"Vì các phương pháp hoạt động độc lập, hãy tính xác suất cả 3 cùng thất bại: $P(\text{Đối}) = (1 - 0.79)(1 - 0.88)(1 - 0.85)$, sau đó tính $P = 1 - P(\text{Đối})$."
PROB_PISA_067,Tai chinh - Kinh te,SKILL_RISK_FINANCE,GiaiQuyetVanDe,ThongHieu,Một nhà đầu tư tài chính phân bổ vốn vào hai quỹ mở $F_1$ và $F_2$ hoạt động trên hai thị trường độc lập. Xác suất quỹ $F_1$ đạt mục tiêu lợi nhuận trong quý là $0.82$ và quỹ $F_2$ là $0.79$. Tính xác suất để nhà đầu tư có ít nhất một quỹ đạt mục tiêu lợi nhuận đã đề ra.,0.9972,0.9202,0.9622,0.8972,C,1.16,0.74,Xác định biến cố đối: Tình huống xấu nhất 'cả hai quỹ đều không đạt mục tiêu lợi nhuận' xảy ra với xác suất bao nhiêu?,"Vì hai quỹ hoạt động độc lập, tính xác suất biến cố đối bằng quy tắc nhân: $P(\text{Đối}) = (1 - P(F_1))(1 - P(F_2))$, sau đó lấy $1 - P(\text{Đối})$."
PROB_PISA_068,Ky thuat - San xuat,SKILL_RELIABILITY_TECH,GiaiQuyetVanDe,ThongHieu,Một nhà máy sản xuất linh kiện điện tử có hai dây chuyền $L_1$ và $L_2$ cùng sản xuất một mã sản phẩm. Dây chuyền $L_1$ chiếm $60\%$ tổng sản lượng với tỷ lệ phế phẩm là $2.0\%$; dây chuyền $L_2$ chiếm $40\%$ sản lượng với tỷ lệ phế phẩm là $3.0\%$. Chọn ngẫu nhiên một linh kiện trong kho thành phẩm. Tính xác suất linh kiện được chọn là sản phẩm đạt chuẩn chất lượng.,0.934,0.911,0.891,0.976,D,1.33,0.78,"Sử dụng công thức xác suất toàn phần để xác định tỷ lệ phế phẩm chung của toàn nhà máy: $P(\text{Phế phẩm}) = 0{,}6 \cdot P(\text{Lỗi}\mid L_1) + 0{,}4 \cdot P(\text{Lỗi}\mid L_2)$.",Áp dụng công thức biến cố đối: Xác suất sản phẩm đạt chuẩn chất lượng xuất xưởng là $P(\text{Đạt}) = 1 - P(\text{Phế phẩm})$.
PROB_PISA_069,Cong nghe thong tin,SKILL_RELIABILITY_TECH,GiaiQuyetVanDe,ThongHieu,"Một hệ thống cơ sở dữ liệu y tế trực tuyến sử dụng $3$ máy chủ đám mây hoạt động song song độc lập. Xác suất gặp sự cố gián đoạn mạng trong ngày của mỗi máy chủ lần lượt là $0.07$, $0.1$ và $0.12$. Hệ thống duy trì hoạt động bình thường nếu có ít nhất một máy chủ vận hành tốt. Tính xác suất hệ thống dữ liệu hoạt động thông suốt không bị ngắt quãng trong ngày.",0.9992,0.9572,0.9342,0.9142,A,1.14,0.82,Hệ thống chỉ bị gián đoạn toàn phần khi tất cả 3 máy chủ cùng đồng thời gặp sự cố kỹ thuật.,"Vì 3 máy chủ hoạt động độc lập, xác suất gián đoạn toàn bộ là $q_1 \cdot q_2 \cdot q_3$. Áp dụng nguyên lý biến cố đối để tìm xác suất hệ thống hoạt động thông suốt."
PROB_PISA_070,Giao thong - Logistics,SKILL_LOGISTICS,GiaiQuyetVanDe,ThongHieu,"Một kiện hàng hóa sinh học được vận chuyển qua ba cung đường độc lập: hàng không, đường sắt và vận tải nội đô. Xác suất xảy ra chậm trễ giờ ở mỗi cung đường lần lượt là $0.06$, $0.08$ và $0.1$. Tính xác suất để kiện hàng đến đích hoàn toàn đúng thời gian quy định (không trễ ở bất kỳ chặng nào).",0.8133,0.7783,0.7363,0.8363,B,1.31,0.86,"Để toàn bộ kiện hàng đến đúng hẹn, điều kiện cần và đủ là cả 3 chặng vận chuyển đều phải hoàn thành đúng giờ.","Tính xác suất đúng giờ của từng chặng: $1 - d_i$, sau đó áp dụng quy tắc nhân xác suất cho 3 biến cố độc lập liên tiếp."
PROB_PISA_071,Y te - Duoc pham,SKILL_INDEP_MEDICAL,GiaiQuyetVanDe,ThongHieu,"Ba nhóm bệnh nhân độc lập gồm nhóm 1, nhóm 2 và nhóm 3 được chỉ định phác đồ điều trị mới. Xác suất đáp ứng thuốc tốt của mỗi nhóm lần lượt là $0.79$, $0.92$ và $0.93$. Tính xác suất để có đúng hai trong ba nhóm đáp ứng tốt với phác đồ điều trị.",0.3243,0.2473,0.3473,0.2893,D,1.12,0.9,"Phân tích thành 3 trường hợp rời nhau (xung khắc): (nhóm 1 và 2 đạt, nhóm 3 không), (nhóm 1 và 3 đạt, nhóm 2 không), hoặc (nhóm 2 và 3 đạt, nhóm 1 không).","Áp dụng quy tắc nhân xác suất cho các biến cố độc lập trong từng trường hợp, sau đó áp dụng quy tắc cộng xác suất để tìm kết quả chung."
PROB_PISA_072,Tai chinh - Kinh te,SKILL_RISK_FINANCE,GiaiQuyetVanDe,ThongHieu,Một nhà đầu tư tài chính phân bổ vốn vào hai quỹ mở $F_1$ và $F_2$ hoạt động trên hai thị trường độc lập. Xác suất quỹ $F_1$ đạt mục tiêu lợi nhuận trong quý là $0.86$ và quỹ $F_2$ là $0.83$. Tính xác suất để nhà đầu tư có ít nhất một quỹ đạt mục tiêu lợi nhuận đã đề ra.,0.9342,0.9112,0.8912,0.9762,D,1.29,0.94,Xác định biến cố đối: Tình huống xấu nhất 'cả hai quỹ đều không đạt mục tiêu lợi nhuận' xảy ra với xác suất bao nhiêu?,"Vì hai quỹ hoạt động độc lập, tính xác suất biến cố đối bằng quy tắc nhân: $P(\text{Đối}) = (1 - P(F_1))(1 - P(F_2))$, sau đó lấy $1 - P(\text{Đối})$."
PROB_PISA_073,Ky thuat - San xuat,SKILL_RELIABILITY_TECH,GiaiQuyetVanDe,ThongHieu,Một nhà máy sản xuất linh kiện điện tử có hai dây chuyền $L_1$ và $L_2$ cùng sản xuất một mã sản phẩm. Dây chuyền $L_1$ chiếm $60\%$ tổng sản lượng với tỷ lệ phế phẩm là $2.5\%$; dây chuyền $L_2$ chiếm $40\%$ sản lượng với tỷ lệ phế phẩm là $3.5000000000000004\%$. Chọn ngẫu nhiên một linh kiện trong kho thành phẩm. Tính xác suất linh kiện được chọn là sản phẩm đạt chuẩn chất lượng.,0.971,0.929,0.906,0.886,A,1.1,0.98,"Sử dụng công thức xác suất toàn phần để xác định tỷ lệ phế phẩm chung của toàn nhà máy: $P(\text{Phế phẩm}) = 0{,}6 \cdot P(\text{Lỗi}\mid L_1) + 0{,}4 \cdot P(\text{Lỗi}\mid L_2)$.",Áp dụng công thức biến cố đối: Xác suất sản phẩm đạt chuẩn chất lượng xuất xưởng là $P(\text{Đạt}) = 1 - P(\text{Phế phẩm})$.
PROB_PISA_074,Cong nghe thong tin,SKILL_RELIABILITY_TECH,GiaiQuyetVanDe,ThongHieu,"Một hệ thống cơ sở dữ liệu y tế trực tuyến sử dụng $3$ máy chủ đám mây hoạt động song song độc lập. Xác suất gặp sự cố gián đoạn mạng trong ngày của mỗi máy chủ lần lượt là $0.09$, $0.12$ và $0.14$. Hệ thống duy trì hoạt động bình thường nếu có ít nhất một máy chủ vận hành tốt. Tính xác suất hệ thống dữ liệu hoạt động thông suốt không bị ngắt quãng trong ngày.",0.9565,0.9985,0.9335,0.9135,B,1.27,1.02,Hệ thống chỉ bị gián đoạn toàn phần khi tất cả 3 máy chủ cùng đồng thời gặp sự cố kỹ thuật.,"Vì 3 máy chủ hoạt động độc lập, xác suất gián đoạn toàn bộ là $q_1 \cdot q_2 \cdot q_3$. Áp dụng nguyên lý biến cố đối để tìm xác suất hệ thống hoạt động thông suốt."
PROB_PISA_075,Giao thong - Logistics,SKILL_LOGISTICS,GiaiQuyetVanDe,ThongHieu,"Một kiện hàng hóa sinh học được vận chuyển qua ba cung đường độc lập: hàng không, đường sắt và vận tải nội đô. Xác suất xảy ra chậm trễ giờ ở mỗi cung đường lần lượt là $0.08$, $0.1$ và $0.12$. Tính xác suất để kiện hàng đến đích hoàn toàn đúng thời gian quy định (không trễ ở bất kỳ chặng nào).",0.7636,0.6866,0.7286,0.7866,C,1.44,1.06,"Để toàn bộ kiện hàng đến đúng hẹn, điều kiện cần và đủ là cả 3 chặng vận chuyển đều phải hoàn thành đúng giờ.","Tính xác suất đúng giờ của từng chặng: $1 - d_i$, sau đó áp dụng quy tắc nhân xác suất cho 3 biến cố độc lập liên tiếp."
PROB_PISA_076,Y te - Duoc pham,SKILL_INDEP_MEDICAL,GiaiQuyetVanDe,ThongHieu,"Trong một nghiên cứu y khoa, ba phương pháp xét nghiệm sinh học $M_1$, $M_2$ và $M_3$ hoạt động độc lập để phát hiện kháng thể trong huyết thanh bệnh nhân. Xác suất phát hiện thành công của mỗi phương pháp lần lượt là $0.79$, $0.8$ và $0.89$. Tính xác suất để có ít nhất một phương pháp phát hiện thành công kháng thể.",0.9954,0.9534,0.9304,0.9104,A,1.25,0.1,Xác định biến cố đối: Tình huống 'cả ba phương pháp đều không phát hiện được kháng thể' xảy ra khi từng phương pháp đồng thời thất bại.,"Vì các phương pháp hoạt động độc lập, hãy tính xác suất cả 3 cùng thất bại: $P(\text{Đối}) = (1 - 0.79)(1 - 0.8)(1 - 0.89)$, sau đó tính $P = 1 - P(\text{Đối})$."
PROB_PISA_077,Tai chinh - Kinh te,SKILL_RISK_FINANCE,GiaiQuyetVanDe,ThongHieu,Một nhà đầu tư tài chính phân bổ vốn vào hai quỹ mở $F_1$ và $F_2$ hoạt động trên hai thị trường độc lập. Xác suất quỹ $F_1$ đạt mục tiêu lợi nhuận trong quý là $0.7$ và quỹ $F_2$ là $0.87$. Tính xác suất để nhà đầu tư có ít nhất một quỹ đạt mục tiêu lợi nhuận đã đề ra.,0.961,0.996,0.919,0.896,A,1.42,0.14,Xác định biến cố đối: Tình huống xấu nhất 'cả hai quỹ đều không đạt mục tiêu lợi nhuận' xảy ra với xác suất bao nhiêu?,"Vì hai quỹ hoạt động độc lập, tính xác suất biến cố đối bằng quy tắc nhân: $P(\text{Đối}) = (1 - P(F_1))(1 - P(F_2))$, sau đó lấy $1 - P(\text{Đối})$."
PROB_PISA_078,Ky thuat - San xuat,SKILL_RELIABILITY_TECH,GiaiQuyetVanDe,ThongHieu,Một nhà máy sản xuất linh kiện điện tử có hai dây chuyền $L_1$ và $L_2$ cùng sản xuất một mã sản phẩm. Dây chuyền $L_1$ chiếm $60\%$ tổng sản lượng với tỷ lệ phế phẩm là $3.0\%$; dây chuyền $L_2$ chiếm $40\%$ sản lượng với tỷ lệ phế phẩm là $2.5\%$. Chọn ngẫu nhiên một linh kiện trong kho thành phẩm. Tính xác suất linh kiện được chọn là sản phẩm đạt chuẩn chất lượng.,0.93,0.972,0.907,0.887,B,1.23,0.18,"Sử dụng công thức xác suất toàn phần để xác định tỷ lệ phế phẩm chung của toàn nhà máy: $P(\text{Phế phẩm}) = 0{,}6 \cdot P(\text{Lỗi}\mid L_1) + 0{,}4 \cdot P(\text{Lỗi}\mid L_2)$.",Áp dụng công thức biến cố đối: Xác suất sản phẩm đạt chuẩn chất lượng xuất xưởng là $P(\text{Đạt}) = 1 - P(\text{Phế phẩm})$.
PROB_PISA_079,Cong nghe thong tin,SKILL_RELIABILITY_TECH,GiaiQuyetVanDe,ThongHieu,"Một hệ thống cơ sở dữ liệu y tế trực tuyến sử dụng $3$ máy chủ đám mây hoạt động song song độc lập. Xác suất gặp sự cố gián đoạn mạng trong ngày của mỗi máy chủ lần lượt là $0.11$, $0.08$ và $0.1$. Hệ thống duy trì hoạt động bình thường nếu có ít nhất một máy chủ vận hành tốt. Tính xác suất hệ thống dữ liệu hoạt động thông suốt không bị ngắt quãng trong ngày.",0.9571,0.9341,0.9991,0.9141,C,1.4,0.22,Hệ thống chỉ bị gián đoạn toàn phần khi tất cả 3 máy chủ cùng đồng thời gặp sự cố kỹ thuật.,"Vì 3 máy chủ hoạt động độc lập, xác suất gián đoạn toàn bộ là $q_1 \cdot q_2 \cdot q_3$. Áp dụng nguyên lý biến cố đối để tìm xác suất hệ thống hoạt động thông suốt."
PROB_PISA_080,Giao thong - Logistics,SKILL_LOGISTICS,GiaiQuyetVanDe,ThongHieu,"Một kiện hàng hóa sinh học được vận chuyển qua ba cung đường độc lập: hàng không, đường sắt và vận tải nội đô. Xác suất xảy ra chậm trễ giờ ở mỗi cung đường lần lượt là $0.04$, $0.06$ và $0.14$. Tính xác suất để kiện hàng đến đích hoàn toàn đúng thời gian quy định (không trễ ở bất kỳ chặng nào).",0.8111,0.7341,0.8341,0.7761,D,1.21,0.26,"Để toàn bộ kiện hàng đến đúng hẹn, điều kiện cần và đủ là cả 3 chặng vận chuyển đều phải hoàn thành đúng giờ.","Tính xác suất đúng giờ của từng chặng: $1 - d_i$, sau đó áp dụng quy tắc nhân xác suất cho 3 biến cố độc lập liên tiếp."
PROB_PISA_081,Y te - Duoc pham,SKILL_INDEP_MEDICAL,GiaiQuyetVanDe,ThongHieu,"Ba nhóm bệnh nhân độc lập gồm nhóm 1, nhóm 2 và nhóm 3 được chỉ định phác đồ điều trị mới. Xác suất đáp ứng thuốc tốt của mỗi nhóm lần lượt là $0.79$, $0.84$ và $0.85$. Tính xác suất để có đúng hai trong ba nhóm đáp ứng tốt với phác đồ điều trị.",0.3919,0.3569,0.3149,0.4149,B,1.38,0.3,"Phân tích thành 3 trường hợp rời nhau (xung khắc): (nhóm 1 và 2 đạt, nhóm 3 không), (nhóm 1 và 3 đạt, nhóm 2 không), hoặc (nhóm 2 và 3 đạt, nhóm 1 không).","Áp dụng quy tắc nhân xác suất cho các biến cố độc lập trong từng trường hợp, sau đó áp dụng quy tắc cộng xác suất để tìm kết quả chung."
PROB_PISA_082,Tai chinh - Kinh te,SKILL_RISK_FINANCE,GiaiQuyetVanDe,ThongHieu,Một nhà đầu tư tài chính phân bổ vốn vào hai quỹ mở $F_1$ và $F_2$ hoạt động trên hai thị trường độc lập. Xác suất quỹ $F_1$ đạt mục tiêu lợi nhuận trong quý là $0.74$ và quỹ $F_2$ là $0.75$. Tính xác suất để nhà đầu tư có ít nhất một quỹ đạt mục tiêu lợi nhuận đã đề ra.,0.97,0.935,0.893,0.993,B,1.19,0.34,Xác định biến cố đối: Tình huống xấu nhất 'cả hai quỹ đều không đạt mục tiêu lợi nhuận' xảy ra với xác suất bao nhiêu?,"Vì hai quỹ hoạt động độc lập, tính xác suất biến cố đối bằng quy tắc nhân: $P(\text{Đối}) = (1 - P(F_1))(1 - P(F_2))$, sau đó lấy $1 - P(\text{Đối})$."
PROB_PISA_083,Ky thuat - San xuat,SKILL_RELIABILITY_TECH,GiaiQuyetVanDe,ThongHieu,Một nhà máy sản xuất linh kiện điện tử có hai dây chuyền $L_1$ và $L_2$ cùng sản xuất một mã sản phẩm. Dây chuyền $L_1$ chiếm $60\%$ tổng sản lượng với tỷ lệ phế phẩm là $1.5\%$; dây chuyền $L_2$ chiếm $40\%$ sản lượng với tỷ lệ phế phẩm là $3.0\%$. Chọn ngẫu nhiên một linh kiện trong kho thành phẩm. Tính xác suất linh kiện được chọn là sản phẩm đạt chuẩn chất lượng.,0.937,0.914,0.979,0.894,C,1.36,0.38,"Sử dụng công thức xác suất toàn phần để xác định tỷ lệ phế phẩm chung của toàn nhà máy: $P(\text{Phế phẩm}) = 0{,}6 \cdot P(\text{Lỗi}\mid L_1) + 0{,}4 \cdot P(\text{Lỗi}\mid L_2)$.",Áp dụng công thức biến cố đối: Xác suất sản phẩm đạt chuẩn chất lượng xuất xưởng là $P(\text{Đạt}) = 1 - P(\text{Phế phẩm})$.
PROB_PISA_084,Cong nghe thong tin,SKILL_RELIABILITY_TECH,GiaiQuyetVanDe,ThongHieu,"Một hệ thống cơ sở dữ liệu y tế trực tuyến sử dụng $3$ máy chủ đám mây hoạt động song song độc lập. Xác suất gặp sự cố gián đoạn mạng trong ngày của mỗi máy chủ lần lượt là $0.05$, $0.1$ và $0.12$. Hệ thống duy trì hoạt động bình thường nếu có ít nhất một máy chủ vận hành tốt. Tính xác suất hệ thống dữ liệu hoạt động thông suốt không bị ngắt quãng trong ngày.",0.9574,0.9344,0.9144,0.9994,D,1.17,0.42,Hệ thống chỉ bị gián đoạn toàn phần khi tất cả 3 máy chủ cùng đồng thời gặp sự cố kỹ thuật.,"Vì 3 máy chủ hoạt động độc lập, xác suất gián đoạn toàn bộ là $q_1 \cdot q_2 \cdot q_3$. Áp dụng nguyên lý biến cố đối để tìm xác suất hệ thống hoạt động thông suốt."
PROB_PISA_085,Giao thong - Logistics,SKILL_LOGISTICS,GiaiQuyetVanDe,ThongHieu,"Một kiện hàng hóa sinh học được vận chuyển qua ba cung đường độc lập: hàng không, đường sắt và vận tải nội đô. Xác suất xảy ra chậm trễ giờ ở mỗi cung đường lần lượt là $0.06$, $0.08$ và $0.08$. Tính xác suất để kiện hàng đến đích hoàn toàn đúng thời gian quy định (không trễ ở bất kỳ chặng nào).",0.7956,0.8306,0.7536,0.8536,A,1.34,0.46,"Để toàn bộ kiện hàng đến đúng hẹn, điều kiện cần và đủ là cả 3 chặng vận chuyển đều phải hoàn thành đúng giờ.","Tính xác suất đúng giờ của từng chặng: $1 - d_i$, sau đó áp dụng quy tắc nhân xác suất cho 3 biến cố độc lập liên tiếp."
PROB_PISA_086,Y te - Duoc pham,SKILL_INDEP_MEDICAL,GiaiQuyetVanDe,ThongHieu,"Trong một nghiên cứu y khoa, ba phương pháp xét nghiệm sinh học $M_1$, $M_2$ và $M_3$ hoạt động độc lập để phát hiện kháng thể trong huyết thanh bệnh nhân. Xác suất phát hiện thành công của mỗi phương pháp lần lượt là $0.79$, $0.88$ và $0.93$. Tính xác suất để có ít nhất một phương pháp phát hiện thành công kháng thể.",0.9562,0.9332,0.9982,0.9132,C,1.15,0.5,Xác định biến cố đối: Tình huống 'cả ba phương pháp đều không phát hiện được kháng thể' xảy ra khi từng phương pháp đồng thời thất bại.,"Vì các phương pháp hoạt động độc lập, hãy tính xác suất cả 3 cùng thất bại: $P(\text{Đối}) = (1 - 0.79)(1 - 0.88)(1 - 0.93)$, sau đó tính $P = 1 - P(\text{Đối})$."
PROB_PISA_087,Tai chinh - Kinh te,SKILL_RISK_FINANCE,GiaiQuyetVanDe,ThongHieu,Một nhà đầu tư tài chính phân bổ vốn vào hai quỹ mở $F_1$ và $F_2$ hoạt động trên hai thị trường độc lập. Xác suất quỹ $F_1$ đạt mục tiêu lợi nhuận trong quý là $0.78$ và quỹ $F_2$ là $0.79$. Tính xác suất để nhà đầu tư có ít nhất một quỹ đạt mục tiêu lợi nhuận đã đề ra.,0.9888,0.9118,0.9538,0.8888,C,1.32,0.54,Xác định biến cố đối: Tình huống xấu nhất 'cả hai quỹ đều không đạt mục tiêu lợi nhuận' xảy ra với xác suất bao nhiêu?,"Vì hai quỹ hoạt động độc lập, tính xác suất biến cố đối bằng quy tắc nhân: $P(\text{Đối}) = (1 - P(F_1))(1 - P(F_2))$, sau đó lấy $1 - P(\text{Đối})$."
PROB_PISA_088,Ky thuat - San xuat,SKILL_RELIABILITY_TECH,GiaiQuyetVanDe,ThongHieu,Một nhà máy sản xuất linh kiện điện tử có hai dây chuyền $L_1$ và $L_2$ cùng sản xuất một mã sản phẩm. Dây chuyền $L_1$ chiếm $60\%$ tổng sản lượng với tỷ lệ phế phẩm là $2.0\%$; dây chuyền $L_2$ chiếm $40\%$ sản lượng với tỷ lệ phế phẩm là $3.5000000000000004\%$. Chọn ngẫu nhiên một linh kiện trong kho thành phẩm. Tính xác suất linh kiện được chọn là sản phẩm đạt chuẩn chất lượng.,0.932,0.909,0.889,0.974,D,1.13,0.58,"Sử dụng công thức xác suất toàn phần để xác định tỷ lệ phế phẩm chung của toàn nhà máy: $P(\text{Phế phẩm}) = 0{,}6 \cdot P(\text{Lỗi}\mid L_1) + 0{,}4 \cdot P(\text{Lỗi}\mid L_2)$.",Áp dụng công thức biến cố đối: Xác suất sản phẩm đạt chuẩn chất lượng xuất xưởng là $P(\text{Đạt}) = 1 - P(\text{Phế phẩm})$.
PROB_PISA_089,Cong nghe thong tin,SKILL_RELIABILITY_TECH,GiaiQuyetVanDe,ThongHieu,"Một hệ thống cơ sở dữ liệu y tế trực tuyến sử dụng $3$ máy chủ đám mây hoạt động song song độc lập. Xác suất gặp sự cố gián đoạn mạng trong ngày của mỗi máy chủ lần lượt là $0.07$, $0.12$ và $0.14$. Hệ thống duy trì hoạt động bình thường nếu có ít nhất một máy chủ vận hành tốt. Tính xác suất hệ thống dữ liệu hoạt động thông suốt không bị ngắt quãng trong ngày.",0.9988,0.9568,0.9338,0.9138,A,1.3,0.62,Hệ thống chỉ bị gián đoạn toàn phần khi tất cả 3 máy chủ cùng đồng thời gặp sự cố kỹ thuật.,"Vì 3 máy chủ hoạt động độc lập, xác suất gián đoạn toàn bộ là $q_1 \cdot q_2 \cdot q_3$. Áp dụng nguyên lý biến cố đối để tìm xác suất hệ thống hoạt động thông suốt."
PROB_PISA_090,Giao thong - Logistics,SKILL_LOGISTICS,GiaiQuyetVanDe,ThongHieu,"Một kiện hàng hóa sinh học được vận chuyển qua ba cung đường độc lập: hàng không, đường sắt và vận tải nội đô. Xác suất xảy ra chậm trễ giờ ở mỗi cung đường lần lượt là $0.08$, $0.1$ và $0.1$. Tính xác suất để kiện hàng đến đích hoàn toàn đúng thời gian quy định (không trễ ở bất kỳ chặng nào).",0.7802,0.7452,0.7032,0.8032,B,1.11,0.66,"Để toàn bộ kiện hàng đến đúng hẹn, điều kiện cần và đủ là cả 3 chặng vận chuyển đều phải hoàn thành đúng giờ.","Tính xác suất đúng giờ của từng chặng: $1 - d_i$, sau đó áp dụng quy tắc nhân xác suất cho 3 biến cố độc lập liên tiếp."
PROB_PISA_091,Y te - Duoc pham,SKILL_INDEP_MEDICAL,GiaiQuyetVanDe,ThongHieu,"Ba nhóm bệnh nhân độc lập gồm nhóm 1, nhóm 2 và nhóm 3 được chỉ định phác đồ điều trị mới. Xác suất đáp ứng thuốc tốt của mỗi nhóm lần lượt là $0.79$, $0.92$ và $0.89$. Tính xác suất để có đúng hai trong ba nhóm đáp ứng tốt với phác đồ điều trị.",0.3431,0.2661,0.3661,0.3081,D,1.28,0.7,"Phân tích thành 3 trường hợp rời nhau (xung khắc): (nhóm 1 và 2 đạt, nhóm 3 không), (nhóm 1 và 3 đạt, nhóm 2 không), hoặc (nhóm 2 và 3 đạt, nhóm 1 không).","Áp dụng quy tắc nhân xác suất cho các biến cố độc lập trong từng trường hợp, sau đó áp dụng quy tắc cộng xác suất để tìm kết quả chung."
PROB_PISA_092,Tai chinh - Kinh te,SKILL_RISK_FINANCE,GiaiQuyetVanDe,ThongHieu,Một nhà đầu tư tài chính phân bổ vốn vào hai quỹ mở $F_1$ và $F_2$ hoạt động trên hai thị trường độc lập. Xác suất quỹ $F_1$ đạt mục tiêu lợi nhuận trong quý là $0.82$ và quỹ $F_2$ là $0.83$. Tính xác suất để nhà đầu tư có ít nhất một quỹ đạt mục tiêu lợi nhuận đã đề ra.,0.9274,0.9044,0.8844,0.9694,D,1.45,0.74,Xác định biến cố đối: Tình huống xấu nhất 'cả hai quỹ đều không đạt mục tiêu lợi nhuận' xảy ra với xác suất bao nhiêu?,"Vì hai quỹ hoạt động độc lập, tính xác suất biến cố đối bằng quy tắc nhân: $P(\text{Đối}) = (1 - P(F_1))(1 - P(F_2))$, sau đó lấy $1 - P(\text{Đối})$."
PROB_PISA_093,Ky thuat - San xuat,SKILL_RELIABILITY_TECH,GiaiQuyetVanDe,ThongHieu,Một nhà máy sản xuất linh kiện điện tử có hai dây chuyền $L_1$ và $L_2$ cùng sản xuất một mã sản phẩm. Dây chuyền $L_1$ chiếm $60\%$ tổng sản lượng với tỷ lệ phế phẩm là $2.5\%$; dây chuyền $L_2$ chiếm $40\%$ sản lượng với tỷ lệ phế phẩm là $2.5\%$. Chọn ngẫu nhiên một linh kiện trong kho thành phẩm. Tính xác suất linh kiện được chọn là sản phẩm đạt chuẩn chất lượng.,0.975,0.933,0.91,0.89,A,1.26,0.78,"Sử dụng công thức xác suất toàn phần để xác định tỷ lệ phế phẩm chung của toàn nhà máy: $P(\text{Phế phẩm}) = 0{,}6 \cdot P(\text{Lỗi}\mid L_1) + 0{,}4 \cdot P(\text{Lỗi}\mid L_2)$.",Áp dụng công thức biến cố đối: Xác suất sản phẩm đạt chuẩn chất lượng xuất xưởng là $P(\text{Đạt}) = 1 - P(\text{Phế phẩm})$.
PROB_PISA_094,Cong nghe thong tin,SKILL_RELIABILITY_TECH,GiaiQuyetVanDe,ThongHieu,"Một hệ thống cơ sở dữ liệu y tế trực tuyến sử dụng $3$ máy chủ đám mây hoạt động song song độc lập. Xác suất gặp sự cố gián đoạn mạng trong ngày của mỗi máy chủ lần lượt là $0.09$, $0.08$ và $0.1$. Hệ thống duy trì hoạt động bình thường nếu có ít nhất một máy chủ vận hành tốt. Tính xác suất hệ thống dữ liệu hoạt động thông suốt không bị ngắt quãng trong ngày.",0.9573,0.9993,0.9343,0.9143,B,1.43,0.82,Hệ thống chỉ bị gián đoạn toàn phần khi tất cả 3 máy chủ cùng đồng thời gặp sự cố kỹ thuật.,"Vì 3 máy chủ hoạt động độc lập, xác suất gián đoạn toàn bộ là $q_1 \cdot q_2 \cdot q_3$. Áp dụng nguyên lý biến cố đối để tìm xác suất hệ thống hoạt động thông suốt."
PROB_PISA_095,Giao thong - Logistics,SKILL_LOGISTICS,GiaiQuyetVanDe,ThongHieu,"Một kiện hàng hóa sinh học được vận chuyển qua ba cung đường độc lập: hàng không, đường sắt và vận tải nội đô. Xác suất xảy ra chậm trễ giờ ở mỗi cung đường lần lượt là $0.04$, $0.06$ và $0.12$. Tính xác suất để kiện hàng đến đích hoàn toàn đúng thời gian quy định (không trễ ở bất kỳ chặng nào).",0.8291,0.7521,0.7941,0.8521,C,1.24,0.86,"Để toàn bộ kiện hàng đến đúng hẹn, điều kiện cần và đủ là cả 3 chặng vận chuyển đều phải hoàn thành đúng giờ.","Tính xác suất đúng giờ của từng chặng: $1 - d_i$, sau đó áp dụng quy tắc nhân xác suất cho 3 biến cố độc lập liên tiếp."
PROB_PISA_096,Y te - Duoc pham,SKILL_INDEP_MEDICAL,GiaiQuyetVanDe,ThongHieu,"Trong một nghiên cứu y khoa, ba phương pháp xét nghiệm sinh học $M_1$, $M_2$ và $M_3$ hoạt động độc lập để phát hiện kháng thể trong huyết thanh bệnh nhân. Xác suất phát hiện thành công của mỗi phương pháp lần lượt là $0.79$, $0.8$ và $0.85$. Tính xác suất để có ít nhất một phương pháp phát hiện thành công kháng thể.",0.9937,0.9517,0.9287,0.9087,A,1.41,0.9,Xác định biến cố đối: Tình huống 'cả ba phương pháp đều không phát hiện được kháng thể' xảy ra khi từng phương pháp đồng thời thất bại.,"Vì các phương pháp hoạt động độc lập, hãy tính xác suất cả 3 cùng thất bại: $P(\text{Đối}) = (1 - 0.79)(1 - 0.8)(1 - 0.85)$, sau đó tính $P = 1 - P(\text{Đối})$."
PROB_PISA_097,Tai chinh - Kinh te,SKILL_RISK_FINANCE,GiaiQuyetVanDe,ThongHieu,Một nhà đầu tư tài chính phân bổ vốn vào hai quỹ mở $F_1$ và $F_2$ hoạt động trên hai thị trường độc lập. Xác suất quỹ $F_1$ đạt mục tiêu lợi nhuận trong quý là $0.86$ và quỹ $F_2$ là $0.87$. Tính xác suất để nhà đầu tư có ít nhất một quỹ đạt mục tiêu lợi nhuận đã đề ra.,0.9818,0.9398,0.9168,0.8968,A,1.22,0.94,Xác định biến cố đối: Tình huống xấu nhất 'cả hai quỹ đều không đạt mục tiêu lợi nhuận' xảy ra với xác suất bao nhiêu?,"Vì hai quỹ hoạt động độc lập, tính xác suất biến cố đối bằng quy tắc nhân: $P(\text{Đối}) = (1 - P(F_1))(1 - P(F_2))$, sau đó lấy $1 - P(\text{Đối})$."
PROB_PISA_098,Ky thuat - San xuat,SKILL_RELIABILITY_TECH,GiaiQuyetVanDe,ThongHieu,Một nhà máy sản xuất linh kiện điện tử có hai dây chuyền $L_1$ và $L_2$ cùng sản xuất một mã sản phẩm. Dây chuyền $L_1$ chiếm $60\%$ tổng sản lượng với tỷ lệ phế phẩm là $3.0\%$; dây chuyền $L_2$ chiếm $40\%$ sản lượng với tỷ lệ phế phẩm là $3.0\%$. Chọn ngẫu nhiên một linh kiện trong kho thành phẩm. Tính xác suất linh kiện được chọn là sản phẩm đạt chuẩn chất lượng.,0.928,0.97,0.905,0.885,B,1.39,0.98,"Sử dụng công thức xác suất toàn phần để xác định tỷ lệ phế phẩm chung của toàn nhà máy: $P(\text{Phế phẩm}) = 0{,}6 \cdot P(\text{Lỗi}\mid L_1) + 0{,}4 \cdot P(\text{Lỗi}\mid L_2)$.",Áp dụng công thức biến cố đối: Xác suất sản phẩm đạt chuẩn chất lượng xuất xưởng là $P(\text{Đạt}) = 1 - P(\text{Phế phẩm})$.
PROB_PISA_099,Cong nghe thong tin,SKILL_RELIABILITY_TECH,GiaiQuyetVanDe,ThongHieu,"Một hệ thống cơ sở dữ liệu y tế trực tuyến sử dụng $3$ máy chủ đám mây hoạt động song song độc lập. Xác suất gặp sự cố gián đoạn mạng trong ngày của mỗi máy chủ lần lượt là $0.11$, $0.1$ và $0.12$. Hệ thống duy trì hoạt động bình thường nếu có ít nhất một máy chủ vận hành tốt. Tính xác suất hệ thống dữ liệu hoạt động thông suốt không bị ngắt quãng trong ngày.",0.9567,0.9337,0.9987,0.9137,C,1.2,1.02,Hệ thống chỉ bị gián đoạn toàn phần khi tất cả 3 máy chủ cùng đồng thời gặp sự cố kỹ thuật.,"Vì 3 máy chủ hoạt động độc lập, xác suất gián đoạn toàn bộ là $q_1 \cdot q_2 \cdot q_3$. Áp dụng nguyên lý biến cố đối để tìm xác suất hệ thống hoạt động thông suốt."
PROB_PISA_100,Giao thong - Logistics,SKILL_LOGISTICS,GiaiQuyetVanDe,ThongHieu,"Một kiện hàng hóa sinh học được vận chuyển qua ba cung đường độc lập: hàng không, đường sắt và vận tải nội đô. Xác suất xảy ra chậm trễ giờ ở mỗi cung đường lần lượt là $0.06$, $0.08$ và $0.14$. Tính xác suất để kiện hàng đến đích hoàn toàn đúng thời gian quy định (không trễ ở bất kỳ chặng nào).",0.7787,0.7017,0.8017,0.7437,D,1.37,1.06,"Để toàn bộ kiện hàng đến đúng hẹn, điều kiện cần và đủ là cả 3 chặng vận chuyển đều phải hoàn thành đúng giờ.","Tính xác suất đúng giờ của từng chặng: $1 - d_i$, sau đó áp dụng quy tắc nhân xác suất cho 3 biến cố độc lập liên tiếp."
PROB_PISA_101,Y te - Duoc pham,SKILL_INDEP_MEDICAL,GiaiQuyetVanDe,ThongHieu,"Ba nhóm bệnh nhân độc lập gồm nhóm 1, nhóm 2 và nhóm 3 được chỉ định phác đồ điều trị mới. Xác suất đáp ứng thuốc tốt của mỗi nhóm lần lượt là $0.79$, $0.84$ và $0.93$. Tính xác suất để có đúng hai trong ba nhóm đáp ứng tốt với phác đồ điều trị.",0.3631,0.3281,0.2861,0.3861,B,1.18,0.1,"Phân tích thành 3 trường hợp rời nhau (xung khắc): (nhóm 1 và 2 đạt, nhóm 3 không), (nhóm 1 và 3 đạt, nhóm 2 không), hoặc (nhóm 2 và 3 đạt, nhóm 1 không).","Áp dụng quy tắc nhân xác suất cho các biến cố độc lập trong từng trường hợp, sau đó áp dụng quy tắc cộng xác suất để tìm kết quả chung."
PROB_PISA_102,Tai chinh - Kinh te,SKILL_RISK_FINANCE,GiaiQuyetVanDe,ThongHieu,Một nhà đầu tư tài chính phân bổ vốn vào hai quỹ mở $F_1$ và $F_2$ hoạt động trên hai thị trường độc lập. Xác suất quỹ $F_1$ đạt mục tiêu lợi nhuận trong quý là $0.7$ và quỹ $F_2$ là $0.75$. Tính xác suất để nhà đầu tư có ít nhất một quỹ đạt mục tiêu lợi nhuận đã đề ra.,0.96,0.925,0.883,0.983,B,1.35,0.14,Xác định biến cố đối: Tình huống xấu nhất 'cả hai quỹ đều không đạt mục tiêu lợi nhuận' xảy ra với xác suất bao nhiêu?,"Vì hai quỹ hoạt động độc lập, tính xác suất biến cố đối bằng quy tắc nhân: $P(\text{Đối}) = (1 - P(F_1))(1 - P(F_2))$, sau đó lấy $1 - P(\text{Đối})$."
PROB_PISA_103,Ky thuat - San xuat,SKILL_RELIABILITY_TECH,GiaiQuyetVanDe,ThongHieu,Một nhà máy sản xuất linh kiện điện tử có hai dây chuyền $L_1$ và $L_2$ cùng sản xuất một mã sản phẩm. Dây chuyền $L_1$ chiếm $60\%$ tổng sản lượng với tỷ lệ phế phẩm là $1.5\%$; dây chuyền $L_2$ chiếm $40\%$ sản lượng với tỷ lệ phế phẩm là $3.5000000000000004\%$. Chọn ngẫu nhiên một linh kiện trong kho thành phẩm. Tính xác suất linh kiện được chọn là sản phẩm đạt chuẩn chất lượng.,0.935,0.912,0.977,0.892,C,1.16,0.18,"Sử dụng công thức xác suất toàn phần để xác định tỷ lệ phế phẩm chung của toàn nhà máy: $P(\text{Phế phẩm}) = 0{,}6 \cdot P(\text{Lỗi}\mid L_1) + 0{,}4 \cdot P(\text{Lỗi}\mid L_2)$.",Áp dụng công thức biến cố đối: Xác suất sản phẩm đạt chuẩn chất lượng xuất xưởng là $P(\text{Đạt}) = 1 - P(\text{Phế phẩm})$.
PROB_PISA_104,Cong nghe thong tin,SKILL_RELIABILITY_TECH,GiaiQuyetVanDe,ThongHieu,"Một hệ thống cơ sở dữ liệu y tế trực tuyến sử dụng $3$ máy chủ đám mây hoạt động song song độc lập. Xác suất gặp sự cố gián đoạn mạng trong ngày của mỗi máy chủ lần lượt là $0.05$, $0.12$ và $0.14$. Hệ thống duy trì hoạt động bình thường nếu có ít nhất một máy chủ vận hành tốt. Tính xác suất hệ thống dữ liệu hoạt động thông suốt không bị ngắt quãng trong ngày.",0.9572,0.9342,0.9142,0.9992,D,1.33,0.22,Hệ thống chỉ bị gián đoạn toàn phần khi tất cả 3 máy chủ cùng đồng thời gặp sự cố kỹ thuật.,"Vì 3 máy chủ hoạt động độc lập, xác suất gián đoạn toàn bộ là $q_1 \cdot q_2 \cdot q_3$. Áp dụng nguyên lý biến cố đối để tìm xác suất hệ thống hoạt động thông suốt."
PROB_PISA_105,Giao thong - Logistics,SKILL_LOGISTICS,GiaiQuyetVanDe,ThongHieu,"Một kiện hàng hóa sinh học được vận chuyển qua ba cung đường độc lập: hàng không, đường sắt và vận tải nội đô. Xác suất xảy ra chậm trễ giờ ở mỗi cung đường lần lượt là $0.08$, $0.1$ và $0.08$. Tính xác suất để kiện hàng đến đích hoàn toàn đúng thời gian quy định (không trễ ở bất kỳ chặng nào).",0.7618,0.7968,0.7198,0.8198,A,1.14,0.26,"Để toàn bộ kiện hàng đến đúng hẹn, điều kiện cần và đủ là cả 3 chặng vận chuyển đều phải hoàn thành đúng giờ.","Tính xác suất đúng giờ của từng chặng: $1 - d_i$, sau đó áp dụng quy tắc nhân xác suất cho 3 biến cố độc lập liên tiếp."
PROB_PISA_106,Y te - Duoc pham,SKILL_INDEP_MEDICAL,GiaiQuyetVanDe,ThongHieu,"Trong một nghiên cứu y khoa, ba phương pháp xét nghiệm sinh học $M_1$, $M_2$ và $M_3$ hoạt động độc lập để phát hiện kháng thể trong huyết thanh bệnh nhân. Xác suất phát hiện thành công của mỗi phương pháp lần lượt là $0.79$, $0.88$ và $0.89$. Tính xác suất để có ít nhất một phương pháp phát hiện thành công kháng thể.",0.9552,0.9322,0.9972,0.9122,C,1.31,0.3,Xác định biến cố đối: Tình huống 'cả ba phương pháp đều không phát hiện được kháng thể' xảy ra khi từng phương pháp đồng thời thất bại.,"Vì các phương pháp hoạt động độc lập, hãy tính xác suất cả 3 cùng thất bại: $P(\text{Đối}) = (1 - 0.79)(1 - 0.88)(1 - 0.89)$, sau đó tính $P = 1 - P(\text{Đối})$."
PROB_PISA_107,Tai chinh - Kinh te,SKILL_RISK_FINANCE,GiaiQuyetVanDe,ThongHieu,Một nhà đầu tư tài chính phân bổ vốn vào hai quỹ mở $F_1$ và $F_2$ hoạt động trên hai thị trường độc lập. Xác suất quỹ $F_1$ đạt mục tiêu lợi nhuận trong quý là $0.74$ và quỹ $F_2$ là $0.79$. Tính xác suất để nhà đầu tư có ít nhất một quỹ đạt mục tiêu lợi nhuận đã đề ra.,0.9804,0.9034,0.9454,0.8804,C,1.12,0.34,Xác định biến cố đối: Tình huống xấu nhất 'cả hai quỹ đều không đạt mục tiêu lợi nhuận' xảy ra với xác suất bao nhiêu?,"Vì hai quỹ hoạt động độc lập, tính xác suất biến cố đối bằng quy tắc nhân: $P(\text{Đối}) = (1 - P(F_1))(1 - P(F_2))$, sau đó lấy $1 - P(\text{Đối})$."
PROB_PISA_108,Ky thuat - San xuat,SKILL_RELIABILITY_TECH,GiaiQuyetVanDe,ThongHieu,Một nhà máy sản xuất linh kiện điện tử có hai dây chuyền $L_1$ và $L_2$ cùng sản xuất một mã sản phẩm. Dây chuyền $L_1$ chiếm $60\%$ tổng sản lượng với tỷ lệ phế phẩm là $2.0\%$; dây chuyền $L_2$ chiếm $40\%$ sản lượng với tỷ lệ phế phẩm là $2.5\%$. Chọn ngẫu nhiên một linh kiện trong kho thành phẩm. Tính xác suất linh kiện được chọn là sản phẩm đạt chuẩn chất lượng.,0.936,0.913,0.893,0.978,D,1.29,0.38,"Sử dụng công thức xác suất toàn phần để xác định tỷ lệ phế phẩm chung của toàn nhà máy: $P(\text{Phế phẩm}) = 0{,}6 \cdot P(\text{Lỗi}\mid L_1) + 0{,}4 \cdot P(\text{Lỗi}\mid L_2)$.",Áp dụng công thức biến cố đối: Xác suất sản phẩm đạt chuẩn chất lượng xuất xưởng là $P(\text{Đạt}) = 1 - P(\text{Phế phẩm})$.
PROB_PISA_109,Cong nghe thong tin,SKILL_RELIABILITY_TECH,GiaiQuyetVanDe,ThongHieu,"Một hệ thống cơ sở dữ liệu y tế trực tuyến sử dụng $3$ máy chủ đám mây hoạt động song song độc lập. Xác suất gặp sự cố gián đoạn mạng trong ngày của mỗi máy chủ lần lượt là $0.07$, $0.08$ và $0.1$. Hệ thống duy trì hoạt động bình thường nếu có ít nhất một máy chủ vận hành tốt. Tính xác suất hệ thống dữ liệu hoạt động thông suốt không bị ngắt quãng trong ngày.",0.9994,0.9574,0.9344,0.9144,A,1.1,0.42,Hệ thống chỉ bị gián đoạn toàn phần khi tất cả 3 máy chủ cùng đồng thời gặp sự cố kỹ thuật.,"Vì 3 máy chủ hoạt động độc lập, xác suất gián đoạn toàn bộ là $q_1 \cdot q_2 \cdot q_3$. Áp dụng nguyên lý biến cố đối để tìm xác suất hệ thống hoạt động thông suốt."
PROB_PISA_110,Giao thong - Logistics,SKILL_LOGISTICS,GiaiQuyetVanDe,ThongHieu,"Một kiện hàng hóa sinh học được vận chuyển qua ba cung đường độc lập: hàng không, đường sắt và vận tải nội đô. Xác suất xảy ra chậm trễ giờ ở mỗi cung đường lần lượt là $0.04$, $0.06$ và $0.1$. Tính xác suất để kiện hàng đến đích hoàn toàn đúng thời gian quy định (không trễ ở bất kỳ chặng nào).",0.8472,0.8122,0.7702,0.8702,B,1.27,0.46,"Để toàn bộ kiện hàng đến đúng hẹn, điều kiện cần và đủ là cả 3 chặng vận chuyển đều phải hoàn thành đúng giờ.","Tính xác suất đúng giờ của từng chặng: $1 - d_i$, sau đó áp dụng quy tắc nhân xác suất cho 3 biến cố độc lập liên tiếp."
PROB_PISA_111,Y te - Duoc pham,SKILL_INDEP_MEDICAL,GiaiQuyetVanDe,ThongHieu,"Ba nhóm bệnh nhân độc lập gồm nhóm 1, nhóm 2 và nhóm 3 được chỉ định phác đồ điều trị mới. Xác suất đáp ứng thuốc tốt của mỗi nhóm lần lượt là $0.79$, $0.92$ và $0.85$. Tính xác suất để có đúng hai trong ba nhóm đáp ứng tốt với phác đồ điều trị.",0.362,0.285,0.385,0.327,D,1.44,0.5,"Phân tích thành 3 trường hợp rời nhau (xung khắc): (nhóm 1 và 2 đạt, nhóm 3 không), (nhóm 1 và 3 đạt, nhóm 2 không), hoặc (nhóm 2 và 3 đạt, nhóm 1 không).","Áp dụng quy tắc nhân xác suất cho các biến cố độc lập trong từng trường hợp, sau đó áp dụng quy tắc cộng xác suất để tìm kết quả chung."
PROB_PISA_112,Tai chinh - Kinh te,SKILL_RISK_FINANCE,GiaiQuyetVanDe,ThongHieu,Một nhà đầu tư tài chính phân bổ vốn vào hai quỹ mở $F_1$ và $F_2$ hoạt động trên hai thị trường độc lập. Xác suất quỹ $F_1$ đạt mục tiêu lợi nhuận trong quý là $0.78$ và quỹ $F_2$ là $0.83$. Tính xác suất để nhà đầu tư có ít nhất một quỹ đạt mục tiêu lợi nhuận đã đề ra.,0.9976,0.9206,0.8976,0.9626,D,1.25,0.54,Xác định biến cố đối: Tình huống xấu nhất 'cả hai quỹ đều không đạt mục tiêu lợi nhuận' xảy ra với xác suất bao nhiêu?,"Vì hai quỹ hoạt động độc lập, tính xác suất biến cố đối bằng quy tắc nhân: $P(\text{Đối}) = (1 - P(F_1))(1 - P(F_2))$, sau đó lấy $1 - P(\text{Đối})$."
PROB_PISA_113,Ky thuat - San xuat,SKILL_RELIABILITY_TECH,GiaiQuyetVanDe,ThongHieu,Một nhà máy sản xuất linh kiện điện tử có hai dây chuyền $L_1$ và $L_2$ cùng sản xuất một mã sản phẩm. Dây chuyền $L_1$ chiếm $60\%$ tổng sản lượng với tỷ lệ phế phẩm là $2.5\%$; dây chuyền $L_2$ chiếm $40\%$ sản lượng với tỷ lệ phế phẩm là $3.0\%$. Chọn ngẫu nhiên một linh kiện trong kho thành phẩm. Tính xác suất linh kiện được chọn là sản phẩm đạt chuẩn chất lượng.,0.973,0.931,0.908,0.888,A,1.42,0.58,"Sử dụng công thức xác suất toàn phần để xác định tỷ lệ phế phẩm chung của toàn nhà máy: $P(\text{Phế phẩm}) = 0{,}6 \cdot P(\text{Lỗi}\mid L_1) + 0{,}4 \cdot P(\text{Lỗi}\mid L_2)$.",Áp dụng công thức biến cố đối: Xác suất sản phẩm đạt chuẩn chất lượng xuất xưởng là $P(\text{Đạt}) = 1 - P(\text{Phế phẩm})$.
PROB_PISA_114,Cong nghe thong tin,SKILL_RELIABILITY_TECH,GiaiQuyetVanDe,ThongHieu,"Một hệ thống cơ sở dữ liệu y tế trực tuyến sử dụng $3$ máy chủ đám mây hoạt động song song độc lập. Xác suất gặp sự cố gián đoạn mạng trong ngày của mỗi máy chủ lần lượt là $0.09$, $0.1$ và $0.12$. Hệ thống duy trì hoạt động bình thường nếu có ít nhất một máy chủ vận hành tốt. Tính xác suất hệ thống dữ liệu hoạt động thông suốt không bị ngắt quãng trong ngày.",0.9569,0.9989,0.9339,0.9139,B,1.23,0.62,Hệ thống chỉ bị gián đoạn toàn phần khi tất cả 3 máy chủ cùng đồng thời gặp sự cố kỹ thuật.,"Vì 3 máy chủ hoạt động độc lập, xác suất gián đoạn toàn bộ là $q_1 \cdot q_2 \cdot q_3$. Áp dụng nguyên lý biến cố đối để tìm xác suất hệ thống hoạt động thông suốt."
PROB_PISA_115,Giao thong - Logistics,SKILL_LOGISTICS,GiaiQuyetVanDe,ThongHieu,"Một kiện hàng hóa sinh học được vận chuyển qua ba cung đường độc lập: hàng không, đường sắt và vận tải nội đô. Xác suất xảy ra chậm trễ giờ ở mỗi cung đường lần lượt là $0.06$, $0.08$ và $0.12$. Tính xác suất để kiện hàng đến đích hoàn toàn đúng thời gian quy định (không trễ ở bất kỳ chặng nào).",0.796,0.719,0.761,0.819,C,1.4,0.66,"Để toàn bộ kiện hàng đến đúng hẹn, điều kiện cần và đủ là cả 3 chặng vận chuyển đều phải hoàn thành đúng giờ.","Tính xác suất đúng giờ của từng chặng: $1 - d_i$, sau đó áp dụng quy tắc nhân xác suất cho 3 biến cố độc lập liên tiếp."
PROB_PISA_116,Y te - Duoc pham,SKILL_INDEP_MEDICAL,GiaiQuyetVanDe,ThongHieu,"Trong một nghiên cứu y khoa, ba phương pháp xét nghiệm sinh học $M_1$, $M_2$ và $M_3$ hoạt động độc lập để phát hiện kháng thể trong huyết thanh bệnh nhân. Xác suất phát hiện thành công của mỗi phương pháp lần lượt là $0.79$, $0.8$ và $0.93$. Tính xác suất để có ít nhất một phương pháp phát hiện thành công kháng thể.",0.9971,0.9551,0.9321,0.9121,A,1.21,0.7,Xác định biến cố đối: Tình huống 'cả ba phương pháp đều không phát hiện được kháng thể' xảy ra khi từng phương pháp đồng thời thất bại.,"Vì các phương pháp hoạt động độc lập, hãy tính xác suất cả 3 cùng thất bại: $P(\text{Đối}) = (1 - 0.79)(1 - 0.8)(1 - 0.93)$, sau đó tính $P = 1 - P(\text{Đối})$."
PROB_PISA_117,Tai chinh - Kinh te,SKILL_RISK_FINANCE,GiaiQuyetVanDe,ThongHieu,Một nhà đầu tư tài chính phân bổ vốn vào hai quỹ mở $F_1$ và $F_2$ hoạt động trên hai thị trường độc lập. Xác suất quỹ $F_1$ đạt mục tiêu lợi nhuận trong quý là $0.82$ và quỹ $F_2$ là $0.87$. Tính xác suất để nhà đầu tư có ít nhất một quỹ đạt mục tiêu lợi nhuận đã đề ra.,0.9766,0.9346,0.9116,0.8916,A,1.38,0.74,Xác định biến cố đối: Tình huống xấu nhất 'cả hai quỹ đều không đạt mục tiêu lợi nhuận' xảy ra với xác suất bao nhiêu?,"Vì hai quỹ hoạt động độc lập, tính xác suất biến cố đối bằng quy tắc nhân: $P(\text{Đối}) = (1 - P(F_1))(1 - P(F_2))$, sau đó lấy $1 - P(\text{Đối})$."
PROB_PISA_118,Ky thuat - San xuat,SKILL_RELIABILITY_TECH,GiaiQuyetVanDe,ThongHieu,Một nhà máy sản xuất linh kiện điện tử có hai dây chuyền $L_1$ và $L_2$ cùng sản xuất một mã sản phẩm. Dây chuyền $L_1$ chiếm $60\%$ tổng sản lượng với tỷ lệ phế phẩm là $3.0\%$; dây chuyền $L_2$ chiếm $40\%$ sản lượng với tỷ lệ phế phẩm là $3.5000000000000004\%$. Chọn ngẫu nhiên một linh kiện trong kho thành phẩm. Tính xác suất linh kiện được chọn là sản phẩm đạt chuẩn chất lượng.,0.926,0.968,0.903,0.883,B,1.19,0.78,"Sử dụng công thức xác suất toàn phần để xác định tỷ lệ phế phẩm chung của toàn nhà máy: $P(\text{Phế phẩm}) = 0{,}6 \cdot P(\text{Lỗi}\mid L_1) + 0{,}4 \cdot P(\text{Lỗi}\mid L_2)$.",Áp dụng công thức biến cố đối: Xác suất sản phẩm đạt chuẩn chất lượng xuất xưởng là $P(\text{Đạt}) = 1 - P(\text{Phế phẩm})$.
PROB_PISA_119,Cong nghe thong tin,SKILL_RELIABILITY_TECH,GiaiQuyetVanDe,ThongHieu,"Một hệ thống cơ sở dữ liệu y tế trực tuyến sử dụng $3$ máy chủ đám mây hoạt động song song độc lập. Xác suất gặp sự cố gián đoạn mạng trong ngày của mỗi máy chủ lần lượt là $0.11$, $0.12$ và $0.14$. Hệ thống duy trì hoạt động bình thường nếu có ít nhất một máy chủ vận hành tốt. Tính xác suất hệ thống dữ liệu hoạt động thông suốt không bị ngắt quãng trong ngày.",0.9562,0.9332,0.9982,0.9132,C,1.36,0.82,Hệ thống chỉ bị gián đoạn toàn phần khi tất cả 3 máy chủ cùng đồng thời gặp sự cố kỹ thuật.,"Vì 3 máy chủ hoạt động độc lập, xác suất gián đoạn toàn bộ là $q_1 \cdot q_2 \cdot q_3$. Áp dụng nguyên lý biến cố đối để tìm xác suất hệ thống hoạt động thông suốt."
PROB_PISA_120,Giao thong - Logistics,SKILL_LOGISTICS,GiaiQuyetVanDe,ThongHieu,"Một kiện hàng hóa sinh học được vận chuyển qua ba cung đường độc lập: hàng không, đường sắt và vận tải nội đô. Xác suất xảy ra chậm trễ giờ ở mỗi cung đường lần lượt là $0.08$, $0.1$ và $0.14$. Tính xác suất để kiện hàng đến đích hoàn toàn đúng thời gian quy định (không trễ ở bất kỳ chặng nào).",0.7471,0.6701,0.7701,0.7121,D,1.17,0.86,"Để toàn bộ kiện hàng đến đúng hẹn, điều kiện cần và đủ là cả 3 chặng vận chuyển đều phải hoàn thành đúng giờ.","Tính xác suất đúng giờ của từng chặng: $1 - d_i$, sau đó áp dụng quy tắc nhân xác suất cho 3 biến cố độc lập liên tiếp."
PROB_PISA_121,Y te - Duoc pham,SKILL_INDEP_MEDICAL,GiaiQuyetVanDe,ThongHieu,"Ba nhóm bệnh nhân độc lập gồm nhóm 1, nhóm 2 và nhóm 3 được chỉ định phác đồ điều trị mới. Xác suất đáp ứng thuốc tốt của mỗi nhóm lần lượt là $0.79$, $0.84$ và $0.89$. Tính xác suất để có đúng hai trong ba nhóm đáp ứng tốt với phác đồ điều trị.",0.3775,0.3425,0.3005,0.4005,B,1.34,0.9,"Phân tích thành 3 trường hợp rời nhau (xung khắc): (nhóm 1 và 2 đạt, nhóm 3 không), (nhóm 1 và 3 đạt, nhóm 2 không), hoặc (nhóm 2 và 3 đạt, nhóm 1 không).","Áp dụng quy tắc nhân xác suất cho các biến cố độc lập trong từng trường hợp, sau đó áp dụng quy tắc cộng xác suất để tìm kết quả chung."
PROB_PISA_122,Tai chinh - Kinh te,SKILL_RISK_FINANCE,GiaiQuyetVanDe,ThongHieu,Một nhà đầu tư tài chính phân bổ vốn vào hai quỹ mở $F_1$ và $F_2$ hoạt động trên hai thị trường độc lập. Xác suất quỹ $F_1$ đạt mục tiêu lợi nhuận trong quý là $0.86$ và quỹ $F_2$ là $0.75$. Tính xác suất để nhà đầu tư có ít nhất một quỹ đạt mục tiêu lợi nhuận đã đề ra.,0.923,0.965,0.9,0.88,B,1.15,0.94,Xác định biến cố đối: Tình huống xấu nhất 'cả hai quỹ đều không đạt mục tiêu lợi nhuận' xảy ra với xác suất bao nhiêu?,"Vì hai quỹ hoạt động độc lập, tính xác suất biến cố đối bằng quy tắc nhân: $P(\text{Đối}) = (1 - P(F_1))(1 - P(F_2))$, sau đó lấy $1 - P(\text{Đối})$."
PROB_PISA_123,Ky thuat - San xuat,SKILL_RELIABILITY_TECH,GiaiQuyetVanDe,ThongHieu,Một nhà máy sản xuất linh kiện điện tử có hai dây chuyền $L_1$ và $L_2$ cùng sản xuất một mã sản phẩm. Dây chuyền $L_1$ chiếm $60\%$ tổng sản lượng với tỷ lệ phế phẩm là $1.5\%$; dây chuyền $L_2$ chiếm $40\%$ sản lượng với tỷ lệ phế phẩm là $2.5\%$. Chọn ngẫu nhiên một linh kiện trong kho thành phẩm. Tính xác suất linh kiện được chọn là sản phẩm đạt chuẩn chất lượng.,0.939,0.916,0.981,0.896,C,1.32,0.98,"Sử dụng công thức xác suất toàn phần để xác định tỷ lệ phế phẩm chung của toàn nhà máy: $P(\text{Phế phẩm}) = 0{,}6 \cdot P(\text{Lỗi}\mid L_1) + 0{,}4 \cdot P(\text{Lỗi}\mid L_2)$.",Áp dụng công thức biến cố đối: Xác suất sản phẩm đạt chuẩn chất lượng xuất xưởng là $P(\text{Đạt}) = 1 - P(\text{Phế phẩm})$.
PROB_PISA_124,Cong nghe thong tin,SKILL_RELIABILITY_TECH,GiaiQuyetVanDe,ThongHieu,"Một hệ thống cơ sở dữ liệu y tế trực tuyến sử dụng $3$ máy chủ đám mây hoạt động song song độc lập. Xác suất gặp sự cố gián đoạn mạng trong ngày của mỗi máy chủ lần lượt là $0.05$, $0.08$ và $0.1$. Hệ thống duy trì hoạt động bình thường nếu có ít nhất một máy chủ vận hành tốt. Tính xác suất hệ thống dữ liệu hoạt động thông suốt không bị ngắt quãng trong ngày.",0.9576,0.9346,0.9146,0.9996,D,1.13,1.02,Hệ thống chỉ bị gián đoạn toàn phần khi tất cả 3 máy chủ cùng đồng thời gặp sự cố kỹ thuật.,"Vì 3 máy chủ hoạt động độc lập, xác suất gián đoạn toàn bộ là $q_1 \cdot q_2 \cdot q_3$. Áp dụng nguyên lý biến cố đối để tìm xác suất hệ thống hoạt động thông suốt."
PROB_PISA_125,Giao thong - Logistics,SKILL_LOGISTICS,GiaiQuyetVanDe,ThongHieu,"Một kiện hàng hóa sinh học được vận chuyển qua ba cung đường độc lập: hàng không, đường sắt và vận tải nội đô. Xác suất xảy ra chậm trễ giờ ở mỗi cung đường lần lượt là $0.04$, $0.06$ và $0.08$. Tính xác suất để kiện hàng đến đích hoàn toàn đúng thời gian quy định (không trễ ở bất kỳ chặng nào).",0.8302,0.8652,0.7882,0.8882,A,1.3,1.06,"Để toàn bộ kiện hàng đến đúng hẹn, điều kiện cần và đủ là cả 3 chặng vận chuyển đều phải hoàn thành đúng giờ.","Tính xác suất đúng giờ của từng chặng: $1 - d_i$, sau đó áp dụng quy tắc nhân xác suất cho 3 biến cố độc lập liên tiếp."
PROB_PISA_126,Y te - Duoc pham,SKILL_INDEP_MEDICAL,GiaiQuyetVanDe,ThongHieu,"Trong một nghiên cứu y khoa, ba phương pháp xét nghiệm sinh học $M_1$, $M_2$ và $M_3$ hoạt động độc lập để phát hiện kháng thể trong huyết thanh bệnh nhân. Xác suất phát hiện thành công của mỗi phương pháp lần lượt là $0.79$, $0.88$ và $0.85$. Tính xác suất để có ít nhất một phương pháp phát hiện thành công kháng thể.",0.9542,0.9312,0.9962,0.9112,C,1.11,0.1,Xác định biến cố đối: Tình huống 'cả ba phương pháp đều không phát hiện được kháng thể' xảy ra khi từng phương pháp đồng thời thất bại.,"Vì các phương pháp hoạt động độc lập, hãy tính xác suất cả 3 cùng thất bại: $P(\text{Đối}) = (1 - 0.79)(1 - 0.88)(1 - 0.85)$, sau đó tính $P = 1 - P(\text{Đối})$."
PROB_PISA_127,Tai chinh - Kinh te,SKILL_RISK_FINANCE,GiaiQuyetVanDe,ThongHieu,Một nhà đầu tư tài chính phân bổ vốn vào hai quỹ mở $F_1$ và $F_2$ hoạt động trên hai thị trường độc lập. Xác suất quỹ $F_1$ đạt mục tiêu lợi nhuận trong quý là $0.7$ và quỹ $F_2$ là $0.79$. Tính xác suất để nhà đầu tư có ít nhất một quỹ đạt mục tiêu lợi nhuận đã đề ra.,0.972,0.895,0.937,0.995,C,1.28,0.14,Xác định biến cố đối: Tình huống xấu nhất 'cả hai quỹ đều không đạt mục tiêu lợi nhuận' xảy ra với xác suất bao nhiêu?,"Vì hai quỹ hoạt động độc lập, tính xác suất biến cố đối bằng quy tắc nhân: $P(\text{Đối}) = (1 - P(F_1))(1 - P(F_2))$, sau đó lấy $1 - P(\text{Đối})$."
PROB_PISA_128,Ky thuat - San xuat,SKILL_RELIABILITY_TECH,GiaiQuyetVanDe,ThongHieu,Một nhà máy sản xuất linh kiện điện tử có hai dây chuyền $L_1$ và $L_2$ cùng sản xuất một mã sản phẩm. Dây chuyền $L_1$ chiếm $60\%$ tổng sản lượng với tỷ lệ phế phẩm là $2.0\%$; dây chuyền $L_2$ chiếm $40\%$ sản lượng với tỷ lệ phế phẩm là $3.0\%$. Chọn ngẫu nhiên một linh kiện trong kho thành phẩm. Tính xác suất linh kiện được chọn là sản phẩm đạt chuẩn chất lượng.,0.934,0.911,0.891,0.976,D,1.45,0.18,"Sử dụng công thức xác suất toàn phần để xác định tỷ lệ phế phẩm chung của toàn nhà máy: $P(\text{Phế phẩm}) = 0{,}6 \cdot P(\text{Lỗi}\mid L_1) + 0{,}4 \cdot P(\text{Lỗi}\mid L_2)$.",Áp dụng công thức biến cố đối: Xác suất sản phẩm đạt chuẩn chất lượng xuất xưởng là $P(\text{Đạt}) = 1 - P(\text{Phế phẩm})$.
PROB_PISA_129,Cong nghe thong tin,SKILL_RELIABILITY_TECH,GiaiQuyetVanDe,ThongHieu,"Một hệ thống cơ sở dữ liệu y tế trực tuyến sử dụng $3$ máy chủ đám mây hoạt động song song độc lập. Xác suất gặp sự cố gián đoạn mạng trong ngày của mỗi máy chủ lần lượt là $0.07$, $0.1$ và $0.12$. Hệ thống duy trì hoạt động bình thường nếu có ít nhất một máy chủ vận hành tốt. Tính xác suất hệ thống dữ liệu hoạt động thông suốt không bị ngắt quãng trong ngày.",0.9992,0.9572,0.9342,0.9142,A,1.26,0.22,Hệ thống chỉ bị gián đoạn toàn phần khi tất cả 3 máy chủ cùng đồng thời gặp sự cố kỹ thuật.,"Vì 3 máy chủ hoạt động độc lập, xác suất gián đoạn toàn bộ là $q_1 \cdot q_2 \cdot q_3$. Áp dụng nguyên lý biến cố đối để tìm xác suất hệ thống hoạt động thông suốt."
PROB_PISA_130,Giao thong - Logistics,SKILL_LOGISTICS,GiaiQuyetVanDe,ThongHieu,"Một kiện hàng hóa sinh học được vận chuyển qua ba cung đường độc lập: hàng không, đường sắt và vận tải nội đô. Xác suất xảy ra chậm trễ giờ ở mỗi cung đường lần lượt là $0.06$, $0.08$ và $0.1$. Tính xác suất để kiện hàng đến đích hoàn toàn đúng thời gian quy định (không trễ ở bất kỳ chặng nào).",0.8133,0.7783,0.7363,0.8363,B,1.43,0.26,"Để toàn bộ kiện hàng đến đúng hẹn, điều kiện cần và đủ là cả 3 chặng vận chuyển đều phải hoàn thành đúng giờ.","Tính xác suất đúng giờ của từng chặng: $1 - d_i$, sau đó áp dụng quy tắc nhân xác suất cho 3 biến cố độc lập liên tiếp."
PROB_PISA_131,Y te - Duoc pham,SKILL_INDEP_MEDICAL,GiaiQuyetVanDe,ThongHieu,"Ba nhóm bệnh nhân độc lập gồm nhóm 1, nhóm 2 và nhóm 3 được chỉ định phác đồ điều trị mới. Xác suất đáp ứng thuốc tốt của mỗi nhóm lần lượt là $0.79$, $0.92$ và $0.93$. Tính xác suất để có đúng hai trong ba nhóm đáp ứng tốt với phác đồ điều trị.",0.3243,0.2473,0.3473,0.2893,D,1.24,0.3,"Phân tích thành 3 trường hợp rời nhau (xung khắc): (nhóm 1 và 2 đạt, nhóm 3 không), (nhóm 1 và 3 đạt, nhóm 2 không), hoặc (nhóm 2 và 3 đạt, nhóm 1 không).","Áp dụng quy tắc nhân xác suất cho các biến cố độc lập trong từng trường hợp, sau đó áp dụng quy tắc cộng xác suất để tìm kết quả chung."
PROB_PISA_132,Tai chinh - Kinh te,SKILL_RISK_FINANCE,GiaiQuyetVanDe,ThongHieu,Một nhà đầu tư tài chính phân bổ vốn vào hai quỹ mở $F_1$ và $F_2$ hoạt động trên hai thị trường độc lập. Xác suất quỹ $F_1$ đạt mục tiêu lợi nhuận trong quý là $0.74$ và quỹ $F_2$ là $0.83$. Tính xác suất để nhà đầu tư có ít nhất một quỹ đạt mục tiêu lợi nhuận đã đề ra.,0.9908,0.9138,0.8908,0.9558,D,1.41,0.34,Xác định biến cố đối: Tình huống xấu nhất 'cả hai quỹ đều không đạt mục tiêu lợi nhuận' xảy ra với xác suất bao nhiêu?,"Vì hai quỹ hoạt động độc lập, tính xác suất biến cố đối bằng quy tắc nhân: $P(\text{Đối}) = (1 - P(F_1))(1 - P(F_2))$, sau đó lấy $1 - P(\text{Đối})$."
PROB_PISA_133,Ky thuat - San xuat,SKILL_RELIABILITY_TECH,GiaiQuyetVanDe,ThongHieu,Một nhà máy sản xuất linh kiện điện tử có hai dây chuyền $L_1$ và $L_2$ cùng sản xuất một mã sản phẩm. Dây chuyền $L_1$ chiếm $60\%$ tổng sản lượng với tỷ lệ phế phẩm là $2.5\%$; dây chuyền $L_2$ chiếm $40\%$ sản lượng với tỷ lệ phế phẩm là $3.5000000000000004\%$. Chọn ngẫu nhiên một linh kiện trong kho thành phẩm. Tính xác suất linh kiện được chọn là sản phẩm đạt chuẩn chất lượng.,0.971,0.929,0.906,0.886,A,1.22,0.38,"Sử dụng công thức xác suất toàn phần để xác định tỷ lệ phế phẩm chung của toàn nhà máy: $P(\text{Phế phẩm}) = 0{,}6 \cdot P(\text{Lỗi}\mid L_1) + 0{,}4 \cdot P(\text{Lỗi}\mid L_2)$.",Áp dụng công thức biến cố đối: Xác suất sản phẩm đạt chuẩn chất lượng xuất xưởng là $P(\text{Đạt}) = 1 - P(\text{Phế phẩm})$.
PROB_PISA_134,Cong nghe thong tin,SKILL_RELIABILITY_TECH,GiaiQuyetVanDe,ThongHieu,"Một hệ thống cơ sở dữ liệu y tế trực tuyến sử dụng $3$ máy chủ đám mây hoạt động song song độc lập. Xác suất gặp sự cố gián đoạn mạng trong ngày của mỗi máy chủ lần lượt là $0.09$, $0.12$ và $0.14$. Hệ thống duy trì hoạt động bình thường nếu có ít nhất một máy chủ vận hành tốt. Tính xác suất hệ thống dữ liệu hoạt động thông suốt không bị ngắt quãng trong ngày.",0.9565,0.9985,0.9335,0.9135,B,1.39,0.42,Hệ thống chỉ bị gián đoạn toàn phần khi tất cả 3 máy chủ cùng đồng thời gặp sự cố kỹ thuật.,"Vì 3 máy chủ hoạt động độc lập, xác suất gián đoạn toàn bộ là $q_1 \cdot q_2 \cdot q_3$. Áp dụng nguyên lý biến cố đối để tìm xác suất hệ thống hoạt động thông suốt."
PROB_PISA_135,Giao thong - Logistics,SKILL_LOGISTICS,GiaiQuyetVanDe,ThongHieu,"Một kiện hàng hóa sinh học được vận chuyển qua ba cung đường độc lập: hàng không, đường sắt và vận tải nội đô. Xác suất xảy ra chậm trễ giờ ở mỗi cung đường lần lượt là $0.08$, $0.1$ và $0.12$. Tính xác suất để kiện hàng đến đích hoàn toàn đúng thời gian quy định (không trễ ở bất kỳ chặng nào).",0.7636,0.6866,0.7286,0.7866,C,1.2,0.46,"Để toàn bộ kiện hàng đến đúng hẹn, điều kiện cần và đủ là cả 3 chặng vận chuyển đều phải hoàn thành đúng giờ.","Tính xác suất đúng giờ của từng chặng: $1 - d_i$, sau đó áp dụng quy tắc nhân xác suất cho 3 biến cố độc lập liên tiếp."
PROB_PISA_136,Y te - Duoc pham,SKILL_INDEP_MEDICAL,GiaiQuyetVanDe,ThongHieu,"Trong một nghiên cứu y khoa, ba phương pháp xét nghiệm sinh học $M_1$, $M_2$ và $M_3$ hoạt động độc lập để phát hiện kháng thể trong huyết thanh bệnh nhân. Xác suất phát hiện thành công của mỗi phương pháp lần lượt là $0.79$, $0.8$ và $0.89$. Tính xác suất để có ít nhất một phương pháp phát hiện thành công kháng thể.",0.9954,0.9534,0.9304,0.9104,A,1.37,0.5,Xác định biến cố đối: Tình huống 'cả ba phương pháp đều không phát hiện được kháng thể' xảy ra khi từng phương pháp đồng thời thất bại.,"Vì các phương pháp hoạt động độc lập, hãy tính xác suất cả 3 cùng thất bại: $P(\text{Đối}) = (1 - 0.79)(1 - 0.8)(1 - 0.89)$, sau đó tính $P = 1 - P(\text{Đối})$."
PROB_PISA_137,Tai chinh - Kinh te,SKILL_RISK_FINANCE,GiaiQuyetVanDe,ThongHieu,Một nhà đầu tư tài chính phân bổ vốn vào hai quỹ mở $F_1$ và $F_2$ hoạt động trên hai thị trường độc lập. Xác suất quỹ $F_1$ đạt mục tiêu lợi nhuận trong quý là $0.78$ và quỹ $F_2$ là $0.87$. Tính xác suất để nhà đầu tư có ít nhất một quỹ đạt mục tiêu lợi nhuận đã đề ra.,0.9714,0.9294,0.9064,0.8864,A,1.18,0.54,Xác định biến cố đối: Tình huống xấu nhất 'cả hai quỹ đều không đạt mục tiêu lợi nhuận' xảy ra với xác suất bao nhiêu?,"Vì hai quỹ hoạt động độc lập, tính xác suất biến cố đối bằng quy tắc nhân: $P(\text{Đối}) = (1 - P(F_1))(1 - P(F_2))$, sau đó lấy $1 - P(\text{Đối})$."
PROB_PISA_138,Ky thuat - San xuat,SKILL_RELIABILITY_TECH,GiaiQuyetVanDe,ThongHieu,Một nhà máy sản xuất linh kiện điện tử có hai dây chuyền $L_1$ và $L_2$ cùng sản xuất một mã sản phẩm. Dây chuyền $L_1$ chiếm $60\%$ tổng sản lượng với tỷ lệ phế phẩm là $3.0\%$; dây chuyền $L_2$ chiếm $40\%$ sản lượng với tỷ lệ phế phẩm là $2.5\%$. Chọn ngẫu nhiên một linh kiện trong kho thành phẩm. Tính xác suất linh kiện được chọn là sản phẩm đạt chuẩn chất lượng.,0.93,0.972,0.907,0.887,B,1.35,0.58,"Sử dụng công thức xác suất toàn phần để xác định tỷ lệ phế phẩm chung của toàn nhà máy: $P(\text{Phế phẩm}) = 0{,}6 \cdot P(\text{Lỗi}\mid L_1) + 0{,}4 \cdot P(\text{Lỗi}\mid L_2)$.",Áp dụng công thức biến cố đối: Xác suất sản phẩm đạt chuẩn chất lượng xuất xưởng là $P(\text{Đạt}) = 1 - P(\text{Phế phẩm})$.
PROB_PISA_139,Cong nghe thong tin,SKILL_RELIABILITY_TECH,GiaiQuyetVanDe,ThongHieu,"Một hệ thống cơ sở dữ liệu y tế trực tuyến sử dụng $3$ máy chủ đám mây hoạt động song song độc lập. Xác suất gặp sự cố gián đoạn mạng trong ngày của mỗi máy chủ lần lượt là $0.11$, $0.08$ và $0.1$. Hệ thống duy trì hoạt động bình thường nếu có ít nhất một máy chủ vận hành tốt. Tính xác suất hệ thống dữ liệu hoạt động thông suốt không bị ngắt quãng trong ngày.",0.9571,0.9341,0.9991,0.9141,C,1.16,0.62,Hệ thống chỉ bị gián đoạn toàn phần khi tất cả 3 máy chủ cùng đồng thời gặp sự cố kỹ thuật.,"Vì 3 máy chủ hoạt động độc lập, xác suất gián đoạn toàn bộ là $q_1 \cdot q_2 \cdot q_3$. Áp dụng nguyên lý biến cố đối để tìm xác suất hệ thống hoạt động thông suốt."
PROB_PISA_140,Giao thong - Logistics,SKILL_LOGISTICS,GiaiQuyetVanDe,ThongHieu,"Một kiện hàng hóa sinh học được vận chuyển qua ba cung đường độc lập: hàng không, đường sắt và vận tải nội đô. Xác suất xảy ra chậm trễ giờ ở mỗi cung đường lần lượt là $0.04$, $0.06$ và $0.14$. Tính xác suất để kiện hàng đến đích hoàn toàn đúng thời gian quy định (không trễ ở bất kỳ chặng nào).",0.8111,0.7341,0.8341,0.7761,D,1.33,0.66,"Để toàn bộ kiện hàng đến đúng hẹn, điều kiện cần và đủ là cả 3 chặng vận chuyển đều phải hoàn thành đúng giờ.","Tính xác suất đúng giờ của từng chặng: $1 - d_i$, sau đó áp dụng quy tắc nhân xác suất cho 3 biến cố độc lập liên tiếp."
PROB_PISA_141,Y te - Duoc pham,SKILL_INDEP_MEDICAL,GiaiQuyetVanDe,ThongHieu,"Ba nhóm bệnh nhân độc lập gồm nhóm 1, nhóm 2 và nhóm 3 được chỉ định phác đồ điều trị mới. Xác suất đáp ứng thuốc tốt của mỗi nhóm lần lượt là $0.79$, $0.84$ và $0.85$. Tính xác suất để có đúng hai trong ba nhóm đáp ứng tốt với phác đồ điều trị.",0.3919,0.3569,0.3149,0.4149,B,1.14,0.7,"Phân tích thành 3 trường hợp rời nhau (xung khắc): (nhóm 1 và 2 đạt, nhóm 3 không), (nhóm 1 và 3 đạt, nhóm 2 không), hoặc (nhóm 2 và 3 đạt, nhóm 1 không).","Áp dụng quy tắc nhân xác suất cho các biến cố độc lập trong từng trường hợp, sau đó áp dụng quy tắc cộng xác suất để tìm kết quả chung."
PROB_PISA_142,Tai chinh - Kinh te,SKILL_RISK_FINANCE,GiaiQuyetVanDe,ThongHieu,Một nhà đầu tư tài chính phân bổ vốn vào hai quỹ mở $F_1$ và $F_2$ hoạt động trên hai thị trường độc lập. Xác suất quỹ $F_1$ đạt mục tiêu lợi nhuận trong quý là $0.82$ và quỹ $F_2$ là $0.75$. Tính xác suất để nhà đầu tư có ít nhất một quỹ đạt mục tiêu lợi nhuận đã đề ra.,0.99,0.955,0.913,0.89,B,1.31,0.74,Xác định biến cố đối: Tình huống xấu nhất 'cả hai quỹ đều không đạt mục tiêu lợi nhuận' xảy ra với xác suất bao nhiêu?,"Vì hai quỹ hoạt động độc lập, tính xác suất biến cố đối bằng quy tắc nhân: $P(\text{Đối}) = (1 - P(F_1))(1 - P(F_2))$, sau đó lấy $1 - P(\text{Đối})$."
PROB_PISA_143,Ky thuat - San xuat,SKILL_RELIABILITY_TECH,GiaiQuyetVanDe,ThongHieu,Một nhà máy sản xuất linh kiện điện tử có hai dây chuyền $L_1$ và $L_2$ cùng sản xuất một mã sản phẩm. Dây chuyền $L_1$ chiếm $60\%$ tổng sản lượng với tỷ lệ phế phẩm là $1.5\%$; dây chuyền $L_2$ chiếm $40\%$ sản lượng với tỷ lệ phế phẩm là $3.0\%$. Chọn ngẫu nhiên một linh kiện trong kho thành phẩm. Tính xác suất linh kiện được chọn là sản phẩm đạt chuẩn chất lượng.,0.937,0.914,0.979,0.894,C,1.12,0.78,"Sử dụng công thức xác suất toàn phần để xác định tỷ lệ phế phẩm chung của toàn nhà máy: $P(\text{Phế phẩm}) = 0{,}6 \cdot P(\text{Lỗi}\mid L_1) + 0{,}4 \cdot P(\text{Lỗi}\mid L_2)$.",Áp dụng công thức biến cố đối: Xác suất sản phẩm đạt chuẩn chất lượng xuất xưởng là $P(\text{Đạt}) = 1 - P(\text{Phế phẩm})$.
PROB_PISA_144,Cong nghe thong tin,SKILL_RELIABILITY_TECH,GiaiQuyetVanDe,ThongHieu,"Một hệ thống cơ sở dữ liệu y tế trực tuyến sử dụng $3$ máy chủ đám mây hoạt động song song độc lập. Xác suất gặp sự cố gián đoạn mạng trong ngày của mỗi máy chủ lần lượt là $0.05$, $0.1$ và $0.12$. Hệ thống duy trì hoạt động bình thường nếu có ít nhất một máy chủ vận hành tốt. Tính xác suất hệ thống dữ liệu hoạt động thông suốt không bị ngắt quãng trong ngày.",0.9574,0.9344,0.9144,0.9994,D,1.29,0.82,Hệ thống chỉ bị gián đoạn toàn phần khi tất cả 3 máy chủ cùng đồng thời gặp sự cố kỹ thuật.,"Vì 3 máy chủ hoạt động độc lập, xác suất gián đoạn toàn bộ là $q_1 \cdot q_2 \cdot q_3$. Áp dụng nguyên lý biến cố đối để tìm xác suất hệ thống hoạt động thông suốt."
PROB_PISA_145,Giao thong - Logistics,SKILL_LOGISTICS,GiaiQuyetVanDe,ThongHieu,"Một kiện hàng hóa sinh học được vận chuyển qua ba cung đường độc lập: hàng không, đường sắt và vận tải nội đô. Xác suất xảy ra chậm trễ giờ ở mỗi cung đường lần lượt là $0.06$, $0.08$ và $0.08$. Tính xác suất để kiện hàng đến đích hoàn toàn đúng thời gian quy định (không trễ ở bất kỳ chặng nào).",0.7956,0.8306,0.7536,0.8536,A,1.1,0.86,"Để toàn bộ kiện hàng đến đúng hẹn, điều kiện cần và đủ là cả 3 chặng vận chuyển đều phải hoàn thành đúng giờ.","Tính xác suất đúng giờ của từng chặng: $1 - d_i$, sau đó áp dụng quy tắc nhân xác suất cho 3 biến cố độc lập liên tiếp."
PROB_PISA_146,Y te - Duoc pham,SKILL_INDEP_MEDICAL,GiaiQuyetVanDe,ThongHieu,"Trong một nghiên cứu y khoa, ba phương pháp xét nghiệm sinh học $M_1$, $M_2$ và $M_3$ hoạt động độc lập để phát hiện kháng thể trong huyết thanh bệnh nhân. Xác suất phát hiện thành công của mỗi phương pháp lần lượt là $0.79$, $0.88$ và $0.93$. Tính xác suất để có ít nhất một phương pháp phát hiện thành công kháng thể.",0.9562,0.9332,0.9982,0.9132,C,1.27,0.9,Xác định biến cố đối: Tình huống 'cả ba phương pháp đều không phát hiện được kháng thể' xảy ra khi từng phương pháp đồng thời thất bại.,"Vì các phương pháp hoạt động độc lập, hãy tính xác suất cả 3 cùng thất bại: $P(\text{Đối}) = (1 - 0.79)(1 - 0.88)(1 - 0.93)$, sau đó tính $P = 1 - P(\text{Đối})$."
PROB_PISA_147,Tai chinh - Kinh te,SKILL_RISK_FINANCE,GiaiQuyetVanDe,ThongHieu,Một nhà đầu tư tài chính phân bổ vốn vào hai quỹ mở $F_1$ và $F_2$ hoạt động trên hai thị trường độc lập. Xác suất quỹ $F_1$ đạt mục tiêu lợi nhuận trong quý là $0.86$ và quỹ $F_2$ là $0.79$. Tính xác suất để nhà đầu tư có ít nhất một quỹ đạt mục tiêu lợi nhuận đã đề ra.,0.9286,0.9056,0.9706,0.8856,C,1.44,0.94,Xác định biến cố đối: Tình huống xấu nhất 'cả hai quỹ đều không đạt mục tiêu lợi nhuận' xảy ra với xác suất bao nhiêu?,"Vì hai quỹ hoạt động độc lập, tính xác suất biến cố đối bằng quy tắc nhân: $P(\text{Đối}) = (1 - P(F_1))(1 - P(F_2))$, sau đó lấy $1 - P(\text{Đối})$."
PROB_PISA_148,Ky thuat - San xuat,SKILL_RELIABILITY_TECH,GiaiQuyetVanDe,ThongHieu,Một nhà máy sản xuất linh kiện điện tử có hai dây chuyền $L_1$ và $L_2$ cùng sản xuất một mã sản phẩm. Dây chuyền $L_1$ chiếm $60\%$ tổng sản lượng với tỷ lệ phế phẩm là $2.0\%$; dây chuyền $L_2$ chiếm $40\%$ sản lượng với tỷ lệ phế phẩm là $3.5000000000000004\%$. Chọn ngẫu nhiên một linh kiện trong kho thành phẩm. Tính xác suất linh kiện được chọn là sản phẩm đạt chuẩn chất lượng.,0.932,0.909,0.889,0.974,D,1.25,0.98,"Sử dụng công thức xác suất toàn phần để xác định tỷ lệ phế phẩm chung của toàn nhà máy: $P(\text{Phế phẩm}) = 0{,}6 \cdot P(\text{Lỗi}\mid L_1) + 0{,}4 \cdot P(\text{Lỗi}\mid L_2)$.",Áp dụng công thức biến cố đối: Xác suất sản phẩm đạt chuẩn chất lượng xuất xưởng là $P(\text{Đạt}) = 1 - P(\text{Phế phẩm})$.
PROB_PISA_149,Cong nghe thong tin,SKILL_RELIABILITY_TECH,GiaiQuyetVanDe,ThongHieu,"Một hệ thống cơ sở dữ liệu y tế trực tuyến sử dụng $3$ máy chủ đám mây hoạt động song song độc lập. Xác suất gặp sự cố gián đoạn mạng trong ngày của mỗi máy chủ lần lượt là $0.07$, $0.12$ và $0.14$. Hệ thống duy trì hoạt động bình thường nếu có ít nhất một máy chủ vận hành tốt. Tính xác suất hệ thống dữ liệu hoạt động thông suốt không bị ngắt quãng trong ngày.",0.9988,0.9568,0.9338,0.9138,A,1.42,1.02,Hệ thống chỉ bị gián đoạn toàn phần khi tất cả 3 máy chủ cùng đồng thời gặp sự cố kỹ thuật.,"Vì 3 máy chủ hoạt động độc lập, xác suất gián đoạn toàn bộ là $q_1 \cdot q_2 \cdot q_3$. Áp dụng nguyên lý biến cố đối để tìm xác suất hệ thống hoạt động thông suốt."
PROB_PISA_150,Giao thong - Logistics,SKILL_LOGISTICS,GiaiQuyetVanDe,ThongHieu,"Một kiện hàng hóa sinh học được vận chuyển qua ba cung đường độc lập: hàng không, đường sắt và vận tải nội đô. Xác suất xảy ra chậm trễ giờ ở mỗi cung đường lần lượt là $0.08$, $0.1$ và $0.1$. Tính xác suất để kiện hàng đến đích hoàn toàn đúng thời gian quy định (không trễ ở bất kỳ chặng nào).",0.7802,0.7452,0.7032,0.8032,B,1.23,1.06,"Để toàn bộ kiện hàng đến đúng hẹn, điều kiện cần và đủ là cả 3 chặng vận chuyển đều phải hoàn thành đúng giờ.","Tính xác suất đúng giờ của từng chặng: $1 - d_i$, sau đó áp dụng quy tắc nhân xác suất cho 3 biến cố độc lập liên tiếp."
PROB_PISA_151,Y te - Duoc pham,SKILL_INDEP_MEDICAL,GiaiQuyetVanDe,ThongHieu,"Ba nhóm bệnh nhân độc lập gồm nhóm 1, nhóm 2 và nhóm 3 được chỉ định phác đồ điều trị mới. Xác suất đáp ứng thuốc tốt của mỗi nhóm lần lượt là $0.79$, $0.92$ và $0.89$. Tính xác suất để có đúng hai trong ba nhóm đáp ứng tốt với phác đồ điều trị.",0.3431,0.2661,0.3661,0.3081,D,1.4,0.1,"Phân tích thành 3 trường hợp rời nhau (xung khắc): (nhóm 1 và 2 đạt, nhóm 3 không), (nhóm 1 và 3 đạt, nhóm 2 không), hoặc (nhóm 2 và 3 đạt, nhóm 1 không).","Áp dụng quy tắc nhân xác suất cho các biến cố độc lập trong từng trường hợp, sau đó áp dụng quy tắc cộng xác suất để tìm kết quả chung."
PROB_PISA_152,Tai chinh - Kinh te,SKILL_RISK_FINANCE,GiaiQuyetVanDe,ThongHieu,Một nhà đầu tư tài chính phân bổ vốn vào hai quỹ mở $F_1$ và $F_2$ hoạt động trên hai thị trường độc lập. Xác suất quỹ $F_1$ đạt mục tiêu lợi nhuận trong quý là $0.7$ và quỹ $F_2$ là $0.83$. Tính xác suất để nhà đầu tư có ít nhất một quỹ đạt mục tiêu lợi nhuận đã đề ra.,0.984,0.907,0.884,0.949,D,1.21,0.14,Xác định biến cố đối: Tình huống xấu nhất 'cả hai quỹ đều không đạt mục tiêu lợi nhuận' xảy ra với xác suất bao nhiêu?,"Vì hai quỹ hoạt động độc lập, tính xác suất biến cố đối bằng quy tắc nhân: $P(\text{Đối}) = (1 - P(F_1))(1 - P(F_2))$, sau đó lấy $1 - P(\text{Đối})$."
PROB_PISA_153,Ky thuat - San xuat,SKILL_RELIABILITY_TECH,GiaiQuyetVanDe,ThongHieu,Một nhà máy sản xuất linh kiện điện tử có hai dây chuyền $L_1$ và $L_2$ cùng sản xuất một mã sản phẩm. Dây chuyền $L_1$ chiếm $60\%$ tổng sản lượng với tỷ lệ phế phẩm là $2.5\%$; dây chuyền $L_2$ chiếm $40\%$ sản lượng với tỷ lệ phế phẩm là $2.5\%$. Chọn ngẫu nhiên một linh kiện trong kho thành phẩm. Tính xác suất linh kiện được chọn là sản phẩm đạt chuẩn chất lượng.,0.975,0.933,0.91,0.89,A,1.38,0.18,"Sử dụng công thức xác suất toàn phần để xác định tỷ lệ phế phẩm chung của toàn nhà máy: $P(\text{Phế phẩm}) = 0{,}6 \cdot P(\text{Lỗi}\mid L_1) + 0{,}4 \cdot P(\text{Lỗi}\mid L_2)$.",Áp dụng công thức biến cố đối: Xác suất sản phẩm đạt chuẩn chất lượng xuất xưởng là $P(\text{Đạt}) = 1 - P(\text{Phế phẩm})$.
PROB_PISA_154,Cong nghe thong tin,SKILL_RELIABILITY_TECH,GiaiQuyetVanDe,ThongHieu,"Một hệ thống cơ sở dữ liệu y tế trực tuyến sử dụng $3$ máy chủ đám mây hoạt động song song độc lập. Xác suất gặp sự cố gián đoạn mạng trong ngày của mỗi máy chủ lần lượt là $0.09$, $0.08$ và $0.1$. Hệ thống duy trì hoạt động bình thường nếu có ít nhất một máy chủ vận hành tốt. Tính xác suất hệ thống dữ liệu hoạt động thông suốt không bị ngắt quãng trong ngày.",0.9573,0.9993,0.9343,0.9143,B,1.19,0.22,Hệ thống chỉ bị gián đoạn toàn phần khi tất cả 3 máy chủ cùng đồng thời gặp sự cố kỹ thuật.,"Vì 3 máy chủ hoạt động độc lập, xác suất gián đoạn toàn bộ là $q_1 \cdot q_2 \cdot q_3$. Áp dụng nguyên lý biến cố đối để tìm xác suất hệ thống hoạt động thông suốt."
PROB_PISA_155,Giao thong - Logistics,SKILL_LOGISTICS,GiaiQuyetVanDe,ThongHieu,"Một kiện hàng hóa sinh học được vận chuyển qua ba cung đường độc lập: hàng không, đường sắt và vận tải nội đô. Xác suất xảy ra chậm trễ giờ ở mỗi cung đường lần lượt là $0.04$, $0.06$ và $0.12$. Tính xác suất để kiện hàng đến đích hoàn toàn đúng thời gian quy định (không trễ ở bất kỳ chặng nào).",0.8291,0.7521,0.7941,0.8521,C,1.36,0.26,"Để toàn bộ kiện hàng đến đúng hẹn, điều kiện cần và đủ là cả 3 chặng vận chuyển đều phải hoàn thành đúng giờ.","Tính xác suất đúng giờ của từng chặng: $1 - d_i$, sau đó áp dụng quy tắc nhân xác suất cho 3 biến cố độc lập liên tiếp."
PROB_PISA_156,Y te - Duoc pham,SKILL_INDEP_MEDICAL,GiaiQuyetVanDe,ThongHieu,"Trong một nghiên cứu y khoa, ba phương pháp xét nghiệm sinh học $M_1$, $M_2$ và $M_3$ hoạt động độc lập để phát hiện kháng thể trong huyết thanh bệnh nhân. Xác suất phát hiện thành công của mỗi phương pháp lần lượt là $0.79$, $0.8$ và $0.85$. Tính xác suất để có ít nhất một phương pháp phát hiện thành công kháng thể.",0.9937,0.9517,0.9287,0.9087,A,1.17,0.3,Xác định biến cố đối: Tình huống 'cả ba phương pháp đều không phát hiện được kháng thể' xảy ra khi từng phương pháp đồng thời thất bại.,"Vì các phương pháp hoạt động độc lập, hãy tính xác suất cả 3 cùng thất bại: $P(\text{Đối}) = (1 - 0.79)(1 - 0.8)(1 - 0.85)$, sau đó tính $P = 1 - P(\text{Đối})$."
PROB_PISA_157,Tai chinh - Kinh te,SKILL_RISK_FINANCE,GiaiQuyetVanDe,ThongHieu,Một nhà đầu tư tài chính phân bổ vốn vào hai quỹ mở $F_1$ và $F_2$ hoạt động trên hai thị trường độc lập. Xác suất quỹ $F_1$ đạt mục tiêu lợi nhuận trong quý là $0.74$ và quỹ $F_2$ là $0.87$. Tính xác suất để nhà đầu tư có ít nhất một quỹ đạt mục tiêu lợi nhuận đã đề ra.,0.9662,0.9242,0.9012,0.8812,A,1.34,0.34,Xác định biến cố đối: Tình huống xấu nhất 'cả hai quỹ đều không đạt mục tiêu lợi nhuận' xảy ra với xác suất bao nhiêu?,"Vì hai quỹ hoạt động độc lập, tính xác suất biến cố đối bằng quy tắc nhân: $P(\text{Đối}) = (1 - P(F_1))(1 - P(F_2))$, sau đó lấy $1 - P(\text{Đối})$."
PROB_PISA_158,Ky thuat - San xuat,SKILL_RELIABILITY_TECH,GiaiQuyetVanDe,ThongHieu,Một nhà máy sản xuất linh kiện điện tử có hai dây chuyền $L_1$ và $L_2$ cùng sản xuất một mã sản phẩm. Dây chuyền $L_1$ chiếm $60\%$ tổng sản lượng với tỷ lệ phế phẩm là $3.0\%$; dây chuyền $L_2$ chiếm $40\%$ sản lượng với tỷ lệ phế phẩm là $3.0\%$. Chọn ngẫu nhiên một linh kiện trong kho thành phẩm. Tính xác suất linh kiện được chọn là sản phẩm đạt chuẩn chất lượng.,0.928,0.97,0.905,0.885,B,1.15,0.38,"Sử dụng công thức xác suất toàn phần để xác định tỷ lệ phế phẩm chung của toàn nhà máy: $P(\text{Phế phẩm}) = 0{,}6 \cdot P(\text{Lỗi}\mid L_1) + 0{,}4 \cdot P(\text{Lỗi}\mid L_2)$.",Áp dụng công thức biến cố đối: Xác suất sản phẩm đạt chuẩn chất lượng xuất xưởng là $P(\text{Đạt}) = 1 - P(\text{Phế phẩm})$.
PROB_PISA_159,Cong nghe thong tin,SKILL_RELIABILITY_TECH,GiaiQuyetVanDe,ThongHieu,"Một hệ thống cơ sở dữ liệu y tế trực tuyến sử dụng $3$ máy chủ đám mây hoạt động song song độc lập. Xác suất gặp sự cố gián đoạn mạng trong ngày của mỗi máy chủ lần lượt là $0.11$, $0.1$ và $0.12$. Hệ thống duy trì hoạt động bình thường nếu có ít nhất một máy chủ vận hành tốt. Tính xác suất hệ thống dữ liệu hoạt động thông suốt không bị ngắt quãng trong ngày.",0.9567,0.9337,0.9987,0.9137,C,1.32,0.42,Hệ thống chỉ bị gián đoạn toàn phần khi tất cả 3 máy chủ cùng đồng thời gặp sự cố kỹ thuật.,"Vì 3 máy chủ hoạt động độc lập, xác suất gián đoạn toàn bộ là $q_1 \cdot q_2 \cdot q_3$. Áp dụng nguyên lý biến cố đối để tìm xác suất hệ thống hoạt động thông suốt."
PROB_PISA_160,Giao thong - Logistics,SKILL_LOGISTICS,GiaiQuyetVanDe,ThongHieu,"Một kiện hàng hóa sinh học được vận chuyển qua ba cung đường độc lập: hàng không, đường sắt và vận tải nội đô. Xác suất xảy ra chậm trễ giờ ở mỗi cung đường lần lượt là $0.06$, $0.08$ và $0.14$. Tính xác suất để kiện hàng đến đích hoàn toàn đúng thời gian quy định (không trễ ở bất kỳ chặng nào).",0.7787,0.7017,0.8017,0.7437,D,1.13,0.46,"Để toàn bộ kiện hàng đến đúng hẹn, điều kiện cần và đủ là cả 3 chặng vận chuyển đều phải hoàn thành đúng giờ.","Tính xác suất đúng giờ của từng chặng: $1 - d_i$, sau đó áp dụng quy tắc nhân xác suất cho 3 biến cố độc lập liên tiếp."
PROB_PISA_161,Y te - Duoc pham,SKILL_INDEP_MEDICAL,GiaiQuyetVanDe,ThongHieu,"Ba nhóm bệnh nhân độc lập gồm nhóm 1, nhóm 2 và nhóm 3 được chỉ định phác đồ điều trị mới. Xác suất đáp ứng thuốc tốt của mỗi nhóm lần lượt là $0.79$, $0.84$ và $0.93$. Tính xác suất để có đúng hai trong ba nhóm đáp ứng tốt với phác đồ điều trị.",0.3631,0.3281,0.2861,0.3861,B,1.3,0.5,"Phân tích thành 3 trường hợp rời nhau (xung khắc): (nhóm 1 và 2 đạt, nhóm 3 không), (nhóm 1 và 3 đạt, nhóm 2 không), hoặc (nhóm 2 và 3 đạt, nhóm 1 không).","Áp dụng quy tắc nhân xác suất cho các biến cố độc lập trong từng trường hợp, sau đó áp dụng quy tắc cộng xác suất để tìm kết quả chung."
PROB_PISA_162,Tai chinh - Kinh te,SKILL_RISK_FINANCE,GiaiQuyetVanDe,ThongHieu,Một nhà đầu tư tài chính phân bổ vốn vào hai quỹ mở $F_1$ và $F_2$ hoạt động trên hai thị trường độc lập. Xác suất quỹ $F_1$ đạt mục tiêu lợi nhuận trong quý là $0.78$ và quỹ $F_2$ là $0.75$. Tính xác suất để nhà đầu tư có ít nhất một quỹ đạt mục tiêu lợi nhuận đã đề ra.,0.98,0.945,0.903,0.88,B,1.11,0.54,Xác định biến cố đối: Tình huống xấu nhất 'cả hai quỹ đều không đạt mục tiêu lợi nhuận' xảy ra với xác suất bao nhiêu?,"Vì hai quỹ hoạt động độc lập, tính xác suất biến cố đối bằng quy tắc nhân: $P(\text{Đối}) = (1 - P(F_1))(1 - P(F_2))$, sau đó lấy $1 - P(\text{Đối})$."
PROB_PISA_163,Ky thuat - San xuat,SKILL_RELIABILITY_TECH,GiaiQuyetVanDe,ThongHieu,Một nhà máy sản xuất linh kiện điện tử có hai dây chuyền $L_1$ và $L_2$ cùng sản xuất một mã sản phẩm. Dây chuyền $L_1$ chiếm $60\%$ tổng sản lượng với tỷ lệ phế phẩm là $1.5\%$; dây chuyền $L_2$ chiếm $40\%$ sản lượng với tỷ lệ phế phẩm là $3.5000000000000004\%$. Chọn ngẫu nhiên một linh kiện trong kho thành phẩm. Tính xác suất linh kiện được chọn là sản phẩm đạt chuẩn chất lượng.,0.935,0.912,0.977,0.892,C,1.28,0.58,"Sử dụng công thức xác suất toàn phần để xác định tỷ lệ phế phẩm chung của toàn nhà máy: $P(\text{Phế phẩm}) = 0{,}6 \cdot P(\text{Lỗi}\mid L_1) + 0{,}4 \cdot P(\text{Lỗi}\mid L_2)$.",Áp dụng công thức biến cố đối: Xác suất sản phẩm đạt chuẩn chất lượng xuất xưởng là $P(\text{Đạt}) = 1 - P(\text{Phế phẩm})$.
PROB_PISA_164,Cong nghe thong tin,SKILL_RELIABILITY_TECH,GiaiQuyetVanDe,ThongHieu,"Một hệ thống cơ sở dữ liệu y tế trực tuyến sử dụng $3$ máy chủ đám mây hoạt động song song độc lập. Xác suất gặp sự cố gián đoạn mạng trong ngày của mỗi máy chủ lần lượt là $0.05$, $0.12$ và $0.14$. Hệ thống duy trì hoạt động bình thường nếu có ít nhất một máy chủ vận hành tốt. Tính xác suất hệ thống dữ liệu hoạt động thông suốt không bị ngắt quãng trong ngày.",0.9572,0.9342,0.9142,0.9992,D,1.45,0.62,Hệ thống chỉ bị gián đoạn toàn phần khi tất cả 3 máy chủ cùng đồng thời gặp sự cố kỹ thuật.,"Vì 3 máy chủ hoạt động độc lập, xác suất gián đoạn toàn bộ là $q_1 \cdot q_2 \cdot q_3$. Áp dụng nguyên lý biến cố đối để tìm xác suất hệ thống hoạt động thông suốt."
PROB_PISA_165,Giao thong - Logistics,SKILL_LOGISTICS,GiaiQuyetVanDe,ThongHieu,"Một kiện hàng hóa sinh học được vận chuyển qua ba cung đường độc lập: hàng không, đường sắt và vận tải nội đô. Xác suất xảy ra chậm trễ giờ ở mỗi cung đường lần lượt là $0.08$, $0.1$ và $0.08$. Tính xác suất để kiện hàng đến đích hoàn toàn đúng thời gian quy định (không trễ ở bất kỳ chặng nào).",0.7618,0.7968,0.7198,0.8198,A,1.26,0.66,"Để toàn bộ kiện hàng đến đúng hẹn, điều kiện cần và đủ là cả 3 chặng vận chuyển đều phải hoàn thành đúng giờ.","Tính xác suất đúng giờ của từng chặng: $1 - d_i$, sau đó áp dụng quy tắc nhân xác suất cho 3 biến cố độc lập liên tiếp."
PROB_PISA_166,Y te - Duoc pham,SKILL_INDEP_MEDICAL,GiaiQuyetVanDe,ThongHieu,"Trong một nghiên cứu y khoa, ba phương pháp xét nghiệm sinh học $M_1$, $M_2$ và $M_3$ hoạt động độc lập để phát hiện kháng thể trong huyết thanh bệnh nhân. Xác suất phát hiện thành công của mỗi phương pháp lần lượt là $0.79$, $0.88$ và $0.89$. Tính xác suất để có ít nhất một phương pháp phát hiện thành công kháng thể.",0.9552,0.9322,0.9972,0.9122,C,1.43,0.7,Xác định biến cố đối: Tình huống 'cả ba phương pháp đều không phát hiện được kháng thể' xảy ra khi từng phương pháp đồng thời thất bại.,"Vì các phương pháp hoạt động độc lập, hãy tính xác suất cả 3 cùng thất bại: $P(\text{Đối}) = (1 - 0.79)(1 - 0.88)(1 - 0.89)$, sau đó tính $P = 1 - P(\text{Đối})$."
PROB_PISA_167,Tai chinh - Kinh te,SKILL_RISK_FINANCE,GiaiQuyetVanDe,ThongHieu,Một nhà đầu tư tài chính phân bổ vốn vào hai quỹ mở $F_1$ và $F_2$ hoạt động trên hai thị trường độc lập. Xác suất quỹ $F_1$ đạt mục tiêu lợi nhuận trong quý là $0.82$ và quỹ $F_2$ là $0.79$. Tính xác suất để nhà đầu tư có ít nhất một quỹ đạt mục tiêu lợi nhuận đã đề ra.,0.9972,0.9202,0.9622,0.8972,C,1.24,0.74,Xác định biến cố đối: Tình huống xấu nhất 'cả hai quỹ đều không đạt mục tiêu lợi nhuận' xảy ra với xác suất bao nhiêu?,"Vì hai quỹ hoạt động độc lập, tính xác suất biến cố đối bằng quy tắc nhân: $P(\text{Đối}) = (1 - P(F_1))(1 - P(F_2))$, sau đó lấy $1 - P(\text{Đối})$."
PROB_PISA_168,Ky thuat - San xuat,SKILL_RELIABILITY_TECH,GiaiQuyetVanDe,ThongHieu,Một nhà máy sản xuất linh kiện điện tử có hai dây chuyền $L_1$ và $L_2$ cùng sản xuất một mã sản phẩm. Dây chuyền $L_1$ chiếm $60\%$ tổng sản lượng với tỷ lệ phế phẩm là $2.0\%$; dây chuyền $L_2$ chiếm $40\%$ sản lượng với tỷ lệ phế phẩm là $2.5\%$. Chọn ngẫu nhiên một linh kiện trong kho thành phẩm. Tính xác suất linh kiện được chọn là sản phẩm đạt chuẩn chất lượng.,0.936,0.913,0.893,0.978,D,1.41,0.78,"Sử dụng công thức xác suất toàn phần để xác định tỷ lệ phế phẩm chung của toàn nhà máy: $P(\text{Phế phẩm}) = 0{,}6 \cdot P(\text{Lỗi}\mid L_1) + 0{,}4 \cdot P(\text{Lỗi}\mid L_2)$.",Áp dụng công thức biến cố đối: Xác suất sản phẩm đạt chuẩn chất lượng xuất xưởng là $P(\text{Đạt}) = 1 - P(\text{Phế phẩm})$.
PROB_PISA_169,Cong nghe thong tin,SKILL_RELIABILITY_TECH,GiaiQuyetVanDe,ThongHieu,"Một hệ thống cơ sở dữ liệu y tế trực tuyến sử dụng $3$ máy chủ đám mây hoạt động song song độc lập. Xác suất gặp sự cố gián đoạn mạng trong ngày của mỗi máy chủ lần lượt là $0.07$, $0.08$ và $0.1$. Hệ thống duy trì hoạt động bình thường nếu có ít nhất một máy chủ vận hành tốt. Tính xác suất hệ thống dữ liệu hoạt động thông suốt không bị ngắt quãng trong ngày.",0.9994,0.9574,0.9344,0.9144,A,1.22,0.82,Hệ thống chỉ bị gián đoạn toàn phần khi tất cả 3 máy chủ cùng đồng thời gặp sự cố kỹ thuật.,"Vì 3 máy chủ hoạt động độc lập, xác suất gián đoạn toàn bộ là $q_1 \cdot q_2 \cdot q_3$. Áp dụng nguyên lý biến cố đối để tìm xác suất hệ thống hoạt động thông suốt."
PROB_PISA_170,Giao thong - Logistics,SKILL_LOGISTICS,GiaiQuyetVanDe,ThongHieu,"Một kiện hàng hóa sinh học được vận chuyển qua ba cung đường độc lập: hàng không, đường sắt và vận tải nội đô. Xác suất xảy ra chậm trễ giờ ở mỗi cung đường lần lượt là $0.04$, $0.06$ và $0.1$. Tính xác suất để kiện hàng đến đích hoàn toàn đúng thời gian quy định (không trễ ở bất kỳ chặng nào).",0.8472,0.8122,0.7702,0.8702,B,1.39,0.86,"Để toàn bộ kiện hàng đến đúng hẹn, điều kiện cần và đủ là cả 3 chặng vận chuyển đều phải hoàn thành đúng giờ.","Tính xác suất đúng giờ của từng chặng: $1 - d_i$, sau đó áp dụng quy tắc nhân xác suất cho 3 biến cố độc lập liên tiếp."
PROB_PISA_171,Y te - Duoc pham,SKILL_INDEP_MEDICAL,GiaiQuyetVanDe,ThongHieu,"Ba nhóm bệnh nhân độc lập gồm nhóm 1, nhóm 2 và nhóm 3 được chỉ định phác đồ điều trị mới. Xác suất đáp ứng thuốc tốt của mỗi nhóm lần lượt là $0.79$, $0.92$ và $0.85$. Tính xác suất để có đúng hai trong ba nhóm đáp ứng tốt với phác đồ điều trị.",0.362,0.285,0.385,0.327,D,1.2,0.9,"Phân tích thành 3 trường hợp rời nhau (xung khắc): (nhóm 1 và 2 đạt, nhóm 3 không), (nhóm 1 và 3 đạt, nhóm 2 không), hoặc (nhóm 2 và 3 đạt, nhóm 1 không).","Áp dụng quy tắc nhân xác suất cho các biến cố độc lập trong từng trường hợp, sau đó áp dụng quy tắc cộng xác suất để tìm kết quả chung."
PROB_PISA_172,Tai chinh - Kinh te,SKILL_RISK_FINANCE,GiaiQuyetVanDe,ThongHieu,Một nhà đầu tư tài chính phân bổ vốn vào hai quỹ mở $F_1$ và $F_2$ hoạt động trên hai thị trường độc lập. Xác suất quỹ $F_1$ đạt mục tiêu lợi nhuận trong quý là $0.86$ và quỹ $F_2$ là $0.83$. Tính xác suất để nhà đầu tư có ít nhất một quỹ đạt mục tiêu lợi nhuận đã đề ra.,0.9342,0.9112,0.8912,0.9762,D,1.37,0.94,Xác định biến cố đối: Tình huống xấu nhất 'cả hai quỹ đều không đạt mục tiêu lợi nhuận' xảy ra với xác suất bao nhiêu?,"Vì hai quỹ hoạt động độc lập, tính xác suất biến cố đối bằng quy tắc nhân: $P(\text{Đối}) = (1 - P(F_1))(1 - P(F_2))$, sau đó lấy $1 - P(\text{Đối})$."
PROB_PISA_173,Ky thuat - San xuat,SKILL_RELIABILITY_TECH,GiaiQuyetVanDe,ThongHieu,Một nhà máy sản xuất linh kiện điện tử có hai dây chuyền $L_1$ và $L_2$ cùng sản xuất một mã sản phẩm. Dây chuyền $L_1$ chiếm $60\%$ tổng sản lượng với tỷ lệ phế phẩm là $2.5\%$; dây chuyền $L_2$ chiếm $40\%$ sản lượng với tỷ lệ phế phẩm là $3.0\%$. Chọn ngẫu nhiên một linh kiện trong kho thành phẩm. Tính xác suất linh kiện được chọn là sản phẩm đạt chuẩn chất lượng.,0.973,0.931,0.908,0.888,A,1.18,0.98,"Sử dụng công thức xác suất toàn phần để xác định tỷ lệ phế phẩm chung của toàn nhà máy: $P(\text{Phế phẩm}) = 0{,}6 \cdot P(\text{Lỗi}\mid L_1) + 0{,}4 \cdot P(\text{Lỗi}\mid L_2)$.",Áp dụng công thức biến cố đối: Xác suất sản phẩm đạt chuẩn chất lượng xuất xưởng là $P(\text{Đạt}) = 1 - P(\text{Phế phẩm})$.
PROB_PISA_174,Cong nghe thong tin,SKILL_RELIABILITY_TECH,GiaiQuyetVanDe,ThongHieu,"Một hệ thống cơ sở dữ liệu y tế trực tuyến sử dụng $3$ máy chủ đám mây hoạt động song song độc lập. Xác suất gặp sự cố gián đoạn mạng trong ngày của mỗi máy chủ lần lượt là $0.09$, $0.1$ và $0.12$. Hệ thống duy trì hoạt động bình thường nếu có ít nhất một máy chủ vận hành tốt. Tính xác suất hệ thống dữ liệu hoạt động thông suốt không bị ngắt quãng trong ngày.",0.9569,0.9989,0.9339,0.9139,B,1.35,1.02,Hệ thống chỉ bị gián đoạn toàn phần khi tất cả 3 máy chủ cùng đồng thời gặp sự cố kỹ thuật.,"Vì 3 máy chủ hoạt động độc lập, xác suất gián đoạn toàn bộ là $q_1 \cdot q_2 \cdot q_3$. Áp dụng nguyên lý biến cố đối để tìm xác suất hệ thống hoạt động thông suốt."
PROB_PISA_175,Giao thong - Logistics,SKILL_LOGISTICS,GiaiQuyetVanDe,ThongHieu,"Một kiện hàng hóa sinh học được vận chuyển qua ba cung đường độc lập: hàng không, đường sắt và vận tải nội đô. Xác suất xảy ra chậm trễ giờ ở mỗi cung đường lần lượt là $0.06$, $0.08$ và $0.12$. Tính xác suất để kiện hàng đến đích hoàn toàn đúng thời gian quy định (không trễ ở bất kỳ chặng nào).",0.796,0.719,0.761,0.819,C,1.16,1.06,"Để toàn bộ kiện hàng đến đúng hẹn, điều kiện cần và đủ là cả 3 chặng vận chuyển đều phải hoàn thành đúng giờ.","Tính xác suất đúng giờ của từng chặng: $1 - d_i$, sau đó áp dụng quy tắc nhân xác suất cho 3 biến cố độc lập liên tiếp."
PROB_PISA_176,Y te - Duoc pham,SKILL_INDEP_MEDICAL,GiaiQuyetVanDe,ThongHieu,"Trong một nghiên cứu y khoa, ba phương pháp xét nghiệm sinh học $M_1$, $M_2$ và $M_3$ hoạt động độc lập để phát hiện kháng thể trong huyết thanh bệnh nhân. Xác suất phát hiện thành công của mỗi phương pháp lần lượt là $0.79$, $0.8$ và $0.93$. Tính xác suất để có ít nhất một phương pháp phát hiện thành công kháng thể.",0.9971,0.9551,0.9321,0.9121,A,1.33,0.1,Xác định biến cố đối: Tình huống 'cả ba phương pháp đều không phát hiện được kháng thể' xảy ra khi từng phương pháp đồng thời thất bại.,"Vì các phương pháp hoạt động độc lập, hãy tính xác suất cả 3 cùng thất bại: $P(\text{Đối}) = (1 - 0.79)(1 - 0.8)(1 - 0.93)$, sau đó tính $P = 1 - P(\text{Đối})$."
PROB_PISA_177,Tai chinh - Kinh te,SKILL_RISK_FINANCE,GiaiQuyetVanDe,ThongHieu,Một nhà đầu tư tài chính phân bổ vốn vào hai quỹ mở $F_1$ và $F_2$ hoạt động trên hai thị trường độc lập. Xác suất quỹ $F_1$ đạt mục tiêu lợi nhuận trong quý là $0.7$ và quỹ $F_2$ là $0.87$. Tính xác suất để nhà đầu tư có ít nhất một quỹ đạt mục tiêu lợi nhuận đã đề ra.,0.961,0.996,0.919,0.896,A,1.14,0.14,Xác định biến cố đối: Tình huống xấu nhất 'cả hai quỹ đều không đạt mục tiêu lợi nhuận' xảy ra với xác suất bao nhiêu?,"Vì hai quỹ hoạt động độc lập, tính xác suất biến cố đối bằng quy tắc nhân: $P(\text{Đối}) = (1 - P(F_1))(1 - P(F_2))$, sau đó lấy $1 - P(\text{Đối})$."
PROB_PISA_178,Ky thuat - San xuat,SKILL_RELIABILITY_TECH,GiaiQuyetVanDe,ThongHieu,Một nhà máy sản xuất linh kiện điện tử có hai dây chuyền $L_1$ và $L_2$ cùng sản xuất một mã sản phẩm. Dây chuyền $L_1$ chiếm $60\%$ tổng sản lượng với tỷ lệ phế phẩm là $3.0\%$; dây chuyền $L_2$ chiếm $40\%$ sản lượng với tỷ lệ phế phẩm là $3.5000000000000004\%$. Chọn ngẫu nhiên một linh kiện trong kho thành phẩm. Tính xác suất linh kiện được chọn là sản phẩm đạt chuẩn chất lượng.,0.926,0.968,0.903,0.883,B,1.31,0.18,"Sử dụng công thức xác suất toàn phần để xác định tỷ lệ phế phẩm chung của toàn nhà máy: $P(\text{Phế phẩm}) = 0{,}6 \cdot P(\text{Lỗi}\mid L_1) + 0{,}4 \cdot P(\text{Lỗi}\mid L_2)$.",Áp dụng công thức biến cố đối: Xác suất sản phẩm đạt chuẩn chất lượng xuất xưởng là $P(\text{Đạt}) = 1 - P(\text{Phế phẩm})$.
PROB_PISA_179,Cong nghe thong tin,SKILL_RELIABILITY_TECH,GiaiQuyetVanDe,ThongHieu,"Một hệ thống cơ sở dữ liệu y tế trực tuyến sử dụng $3$ máy chủ đám mây hoạt động song song độc lập. Xác suất gặp sự cố gián đoạn mạng trong ngày của mỗi máy chủ lần lượt là $0.11$, $0.12$ và $0.14$. Hệ thống duy trì hoạt động bình thường nếu có ít nhất một máy chủ vận hành tốt. Tính xác suất hệ thống dữ liệu hoạt động thông suốt không bị ngắt quãng trong ngày.",0.9562,0.9332,0.9982,0.9132,C,1.12,0.22,Hệ thống chỉ bị gián đoạn toàn phần khi tất cả 3 máy chủ cùng đồng thời gặp sự cố kỹ thuật.,"Vì 3 máy chủ hoạt động độc lập, xác suất gián đoạn toàn bộ là $q_1 \cdot q_2 \cdot q_3$. Áp dụng nguyên lý biến cố đối để tìm xác suất hệ thống hoạt động thông suốt."
PROB_PISA_180,Giao thong - Logistics,SKILL_LOGISTICS,GiaiQuyetVanDe,ThongHieu,"Một kiện hàng hóa sinh học được vận chuyển qua ba cung đường độc lập: hàng không, đường sắt và vận tải nội đô. Xác suất xảy ra chậm trễ giờ ở mỗi cung đường lần lượt là $0.08$, $0.1$ và $0.14$. Tính xác suất để kiện hàng đến đích hoàn toàn đúng thời gian quy định (không trễ ở bất kỳ chặng nào).",0.7471,0.6701,0.7701,0.7121,D,1.29,0.26,"Để toàn bộ kiện hàng đến đúng hẹn, điều kiện cần và đủ là cả 3 chặng vận chuyển đều phải hoàn thành đúng giờ.","Tính xác suất đúng giờ của từng chặng: $1 - d_i$, sau đó áp dụng quy tắc nhân xác suất cho 3 biến cố độc lập liên tiếp."
PROB_PISA_181,Y te - Duoc pham,SKILL_INDEP_MEDICAL,GiaiQuyetVanDe,ThongHieu,"Ba nhóm bệnh nhân độc lập gồm nhóm 1, nhóm 2 và nhóm 3 được chỉ định phác đồ điều trị mới. Xác suất đáp ứng thuốc tốt của mỗi nhóm lần lượt là $0.79$, $0.84$ và $0.89$. Tính xác suất để có đúng hai trong ba nhóm đáp ứng tốt với phác đồ điều trị.",0.3775,0.3425,0.3005,0.4005,B,1.1,0.3,"Phân tích thành 3 trường hợp rời nhau (xung khắc): (nhóm 1 và 2 đạt, nhóm 3 không), (nhóm 1 và 3 đạt, nhóm 2 không), hoặc (nhóm 2 và 3 đạt, nhóm 1 không).","Áp dụng quy tắc nhân xác suất cho các biến cố độc lập trong từng trường hợp, sau đó áp dụng quy tắc cộng xác suất để tìm kết quả chung."
PROB_PISA_182,Tai chinh - Kinh te,SKILL_RISK_FINANCE,GiaiQuyetVanDe,ThongHieu,Một nhà đầu tư tài chính phân bổ vốn vào hai quỹ mở $F_1$ và $F_2$ hoạt động trên hai thị trường độc lập. Xác suất quỹ $F_1$ đạt mục tiêu lợi nhuận trong quý là $0.74$ và quỹ $F_2$ là $0.75$. Tính xác suất để nhà đầu tư có ít nhất một quỹ đạt mục tiêu lợi nhuận đã đề ra.,0.97,0.935,0.893,0.993,B,1.27,0.34,Xác định biến cố đối: Tình huống xấu nhất 'cả hai quỹ đều không đạt mục tiêu lợi nhuận' xảy ra với xác suất bao nhiêu?,"Vì hai quỹ hoạt động độc lập, tính xác suất biến cố đối bằng quy tắc nhân: $P(\text{Đối}) = (1 - P(F_1))(1 - P(F_2))$, sau đó lấy $1 - P(\text{Đối})$."
PROB_PISA_183,Ky thuat - San xuat,SKILL_RELIABILITY_TECH,GiaiQuyetVanDe,ThongHieu,Một nhà máy sản xuất linh kiện điện tử có hai dây chuyền $L_1$ và $L_2$ cùng sản xuất một mã sản phẩm. Dây chuyền $L_1$ chiếm $60\%$ tổng sản lượng với tỷ lệ phế phẩm là $1.5\%$; dây chuyền $L_2$ chiếm $40\%$ sản lượng với tỷ lệ phế phẩm là $2.5\%$. Chọn ngẫu nhiên một linh kiện trong kho thành phẩm. Tính xác suất linh kiện được chọn là sản phẩm đạt chuẩn chất lượng.,0.939,0.916,0.981,0.896,C,1.44,0.38,"Sử dụng công thức xác suất toàn phần để xác định tỷ lệ phế phẩm chung của toàn nhà máy: $P(\text{Phế phẩm}) = 0{,}6 \cdot P(\text{Lỗi}\mid L_1) + 0{,}4 \cdot P(\text{Lỗi}\mid L_2)$.",Áp dụng công thức biến cố đối: Xác suất sản phẩm đạt chuẩn chất lượng xuất xưởng là $P(\text{Đạt}) = 1 - P(\text{Phế phẩm})$.
PROB_PISA_184,Cong nghe thong tin,SKILL_RELIABILITY_TECH,GiaiQuyetVanDe,ThongHieu,"Một hệ thống cơ sở dữ liệu y tế trực tuyến sử dụng $3$ máy chủ đám mây hoạt động song song độc lập. Xác suất gặp sự cố gián đoạn mạng trong ngày của mỗi máy chủ lần lượt là $0.05$, $0.08$ và $0.1$. Hệ thống duy trì hoạt động bình thường nếu có ít nhất một máy chủ vận hành tốt. Tính xác suất hệ thống dữ liệu hoạt động thông suốt không bị ngắt quãng trong ngày.",0.9576,0.9346,0.9146,0.9996,D,1.25,0.42,Hệ thống chỉ bị gián đoạn toàn phần khi tất cả 3 máy chủ cùng đồng thời gặp sự cố kỹ thuật.,"Vì 3 máy chủ hoạt động độc lập, xác suất gián đoạn toàn bộ là $q_1 \cdot q_2 \cdot q_3$. Áp dụng nguyên lý biến cố đối để tìm xác suất hệ thống hoạt động thông suốt."
PROB_PISA_185,Giao thong - Logistics,SKILL_LOGISTICS,GiaiQuyetVanDe,ThongHieu,"Một kiện hàng hóa sinh học được vận chuyển qua ba cung đường độc lập: hàng không, đường sắt và vận tải nội đô. Xác suất xảy ra chậm trễ giờ ở mỗi cung đường lần lượt là $0.04$, $0.06$ và $0.08$. Tính xác suất để kiện hàng đến đích hoàn toàn đúng thời gian quy định (không trễ ở bất kỳ chặng nào).",0.8302,0.8652,0.7882,0.8882,A,1.42,0.46,"Để toàn bộ kiện hàng đến đúng hẹn, điều kiện cần và đủ là cả 3 chặng vận chuyển đều phải hoàn thành đúng giờ.","Tính xác suất đúng giờ của từng chặng: $1 - d_i$, sau đó áp dụng quy tắc nhân xác suất cho 3 biến cố độc lập liên tiếp."
PROB_PISA_186,Y te - Duoc pham,SKILL_INDEP_MEDICAL,GiaiQuyetVanDe,ThongHieu,"Trong một nghiên cứu y khoa, ba phương pháp xét nghiệm sinh học $M_1$, $M_2$ và $M_3$ hoạt động độc lập để phát hiện kháng thể trong huyết thanh bệnh nhân. Xác suất phát hiện thành công của mỗi phương pháp lần lượt là $0.79$, $0.88$ và $0.85$. Tính xác suất để có ít nhất một phương pháp phát hiện thành công kháng thể.",0.9542,0.9312,0.9962,0.9112,C,1.23,0.5,Xác định biến cố đối: Tình huống 'cả ba phương pháp đều không phát hiện được kháng thể' xảy ra khi từng phương pháp đồng thời thất bại.,"Vì các phương pháp hoạt động độc lập, hãy tính xác suất cả 3 cùng thất bại: $P(\text{Đối}) = (1 - 0.79)(1 - 0.88)(1 - 0.85)$, sau đó tính $P = 1 - P(\text{Đối})$."
PROB_PISA_187,Tai chinh - Kinh te,SKILL_RISK_FINANCE,GiaiQuyetVanDe,ThongHieu,Một nhà đầu tư tài chính phân bổ vốn vào hai quỹ mở $F_1$ và $F_2$ hoạt động trên hai thị trường độc lập. Xác suất quỹ $F_1$ đạt mục tiêu lợi nhuận trong quý là $0.78$ và quỹ $F_2$ là $0.79$. Tính xác suất để nhà đầu tư có ít nhất một quỹ đạt mục tiêu lợi nhuận đã đề ra.,0.9888,0.9118,0.9538,0.8888,C,1.4,0.54,Xác định biến cố đối: Tình huống xấu nhất 'cả hai quỹ đều không đạt mục tiêu lợi nhuận' xảy ra với xác suất bao nhiêu?,"Vì hai quỹ hoạt động độc lập, tính xác suất biến cố đối bằng quy tắc nhân: $P(\text{Đối}) = (1 - P(F_1))(1 - P(F_2))$, sau đó lấy $1 - P(\text{Đối})$."
PROB_PISA_188,Ky thuat - San xuat,SKILL_RELIABILITY_TECH,GiaiQuyetVanDe,ThongHieu,Một nhà máy sản xuất linh kiện điện tử có hai dây chuyền $L_1$ và $L_2$ cùng sản xuất một mã sản phẩm. Dây chuyền $L_1$ chiếm $60\%$ tổng sản lượng với tỷ lệ phế phẩm là $2.0\%$; dây chuyền $L_2$ chiếm $40\%$ sản lượng với tỷ lệ phế phẩm là $3.0\%$. Chọn ngẫu nhiên một linh kiện trong kho thành phẩm. Tính xác suất linh kiện được chọn là sản phẩm đạt chuẩn chất lượng.,0.934,0.911,0.891,0.976,D,1.21,0.58,"Sử dụng công thức xác suất toàn phần để xác định tỷ lệ phế phẩm chung của toàn nhà máy: $P(\text{Phế phẩm}) = 0{,}6 \cdot P(\text{Lỗi}\mid L_1) + 0{,}4 \cdot P(\text{Lỗi}\mid L_2)$.",Áp dụng công thức biến cố đối: Xác suất sản phẩm đạt chuẩn chất lượng xuất xưởng là $P(\text{Đạt}) = 1 - P(\text{Phế phẩm})$.
PROB_PISA_189,Cong nghe thong tin,SKILL_RELIABILITY_TECH,GiaiQuyetVanDe,ThongHieu,"Một hệ thống cơ sở dữ liệu y tế trực tuyến sử dụng $3$ máy chủ đám mây hoạt động song song độc lập. Xác suất gặp sự cố gián đoạn mạng trong ngày của mỗi máy chủ lần lượt là $0.07$, $0.1$ và $0.12$. Hệ thống duy trì hoạt động bình thường nếu có ít nhất một máy chủ vận hành tốt. Tính xác suất hệ thống dữ liệu hoạt động thông suốt không bị ngắt quãng trong ngày.",0.9992,0.9572,0.9342,0.9142,A,1.38,0.62,Hệ thống chỉ bị gián đoạn toàn phần khi tất cả 3 máy chủ cùng đồng thời gặp sự cố kỹ thuật.,"Vì 3 máy chủ hoạt động độc lập, xác suất gián đoạn toàn bộ là $q_1 \cdot q_2 \cdot q_3$. Áp dụng nguyên lý biến cố đối để tìm xác suất hệ thống hoạt động thông suốt."
PROB_PISA_190,Giao thong - Logistics,SKILL_LOGISTICS,GiaiQuyetVanDe,ThongHieu,"Một kiện hàng hóa sinh học được vận chuyển qua ba cung đường độc lập: hàng không, đường sắt và vận tải nội đô. Xác suất xảy ra chậm trễ giờ ở mỗi cung đường lần lượt là $0.06$, $0.08$ và $0.1$. Tính xác suất để kiện hàng đến đích hoàn toàn đúng thời gian quy định (không trễ ở bất kỳ chặng nào).",0.8133,0.7783,0.7363,0.8363,B,1.19,0.66,"Để toàn bộ kiện hàng đến đúng hẹn, điều kiện cần và đủ là cả 3 chặng vận chuyển đều phải hoàn thành đúng giờ.","Tính xác suất đúng giờ của từng chặng: $1 - d_i$, sau đó áp dụng quy tắc nhân xác suất cho 3 biến cố độc lập liên tiếp."
PROB_PISA_191,Y te - Duoc pham,SKILL_INDEP_MEDICAL,GiaiQuyetVanDe,ThongHieu,"Ba nhóm bệnh nhân độc lập gồm nhóm 1, nhóm 2 và nhóm 3 được chỉ định phác đồ điều trị mới. Xác suất đáp ứng thuốc tốt của mỗi nhóm lần lượt là $0.79$, $0.92$ và $0.93$. Tính xác suất để có đúng hai trong ba nhóm đáp ứng tốt với phác đồ điều trị.",0.3243,0.2473,0.3473,0.2893,D,1.36,0.7,"Phân tích thành 3 trường hợp rời nhau (xung khắc): (nhóm 1 và 2 đạt, nhóm 3 không), (nhóm 1 và 3 đạt, nhóm 2 không), hoặc (nhóm 2 và 3 đạt, nhóm 1 không).","Áp dụng quy tắc nhân xác suất cho các biến cố độc lập trong từng trường hợp, sau đó áp dụng quy tắc cộng xác suất để tìm kết quả chung."
PROB_PISA_192,Tai chinh - Kinh te,SKILL_RISK_FINANCE,GiaiQuyetVanDe,ThongHieu,Một nhà đầu tư tài chính phân bổ vốn vào hai quỹ mở $F_1$ và $F_2$ hoạt động trên hai thị trường độc lập. Xác suất quỹ $F_1$ đạt mục tiêu lợi nhuận trong quý là $0.82$ và quỹ $F_2$ là $0.83$. Tính xác suất để nhà đầu tư có ít nhất một quỹ đạt mục tiêu lợi nhuận đã đề ra.,0.9274,0.9044,0.8844,0.9694,D,1.17,0.74,Xác định biến cố đối: Tình huống xấu nhất 'cả hai quỹ đều không đạt mục tiêu lợi nhuận' xảy ra với xác suất bao nhiêu?,"Vì hai quỹ hoạt động độc lập, tính xác suất biến cố đối bằng quy tắc nhân: $P(\text{Đối}) = (1 - P(F_1))(1 - P(F_2))$, sau đó lấy $1 - P(\text{Đối})$."
PROB_PISA_193,Ky thuat - San xuat,SKILL_RELIABILITY_TECH,GiaiQuyetVanDe,ThongHieu,Một nhà máy sản xuất linh kiện điện tử có hai dây chuyền $L_1$ và $L_2$ cùng sản xuất một mã sản phẩm. Dây chuyền $L_1$ chiếm $60\%$ tổng sản lượng với tỷ lệ phế phẩm là $2.5\%$; dây chuyền $L_2$ chiếm $40\%$ sản lượng với tỷ lệ phế phẩm là $3.5000000000000004\%$. Chọn ngẫu nhiên một linh kiện trong kho thành phẩm. Tính xác suất linh kiện được chọn là sản phẩm đạt chuẩn chất lượng.,0.971,0.929,0.906,0.886,A,1.34,0.78,"Sử dụng công thức xác suất toàn phần để xác định tỷ lệ phế phẩm chung của toàn nhà máy: $P(\text{Phế phẩm}) = 0{,}6 \cdot P(\text{Lỗi}\mid L_1) + 0{,}4 \cdot P(\text{Lỗi}\mid L_2)$.",Áp dụng công thức biến cố đối: Xác suất sản phẩm đạt chuẩn chất lượng xuất xưởng là $P(\text{Đạt}) = 1 - P(\text{Phế phẩm})$.
PROB_PISA_194,Cong nghe thong tin,SKILL_RELIABILITY_TECH,GiaiQuyetVanDe,ThongHieu,"Một hệ thống cơ sở dữ liệu y tế trực tuyến sử dụng $3$ máy chủ đám mây hoạt động song song độc lập. Xác suất gặp sự cố gián đoạn mạng trong ngày của mỗi máy chủ lần lượt là $0.09$, $0.12$ và $0.14$. Hệ thống duy trì hoạt động bình thường nếu có ít nhất một máy chủ vận hành tốt. Tính xác suất hệ thống dữ liệu hoạt động thông suốt không bị ngắt quãng trong ngày.",0.9565,0.9985,0.9335,0.9135,B,1.15,0.82,Hệ thống chỉ bị gián đoạn toàn phần khi tất cả 3 máy chủ cùng đồng thời gặp sự cố kỹ thuật.,"Vì 3 máy chủ hoạt động độc lập, xác suất gián đoạn toàn bộ là $q_1 \cdot q_2 \cdot q_3$. Áp dụng nguyên lý biến cố đối để tìm xác suất hệ thống hoạt động thông suốt."
PROB_PISA_195,Giao thong - Logistics,SKILL_LOGISTICS,GiaiQuyetVanDe,ThongHieu,"Một kiện hàng hóa sinh học được vận chuyển qua ba cung đường độc lập: hàng không, đường sắt và vận tải nội đô. Xác suất xảy ra chậm trễ giờ ở mỗi cung đường lần lượt là $0.08$, $0.1$ và $0.12$. Tính xác suất để kiện hàng đến đích hoàn toàn đúng thời gian quy định (không trễ ở bất kỳ chặng nào).",0.7636,0.6866,0.7286,0.7866,C,1.32,0.86,"Để toàn bộ kiện hàng đến đúng hẹn, điều kiện cần và đủ là cả 3 chặng vận chuyển đều phải hoàn thành đúng giờ.","Tính xác suất đúng giờ của từng chặng: $1 - d_i$, sau đó áp dụng quy tắc nhân xác suất cho 3 biến cố độc lập liên tiếp."
PROB_PISA_196,Y te - Duoc pham,SKILL_INDEP_MEDICAL,GiaiQuyetVanDe,ThongHieu,"Trong một nghiên cứu y khoa, ba phương pháp xét nghiệm sinh học $M_1$, $M_2$ và $M_3$ hoạt động độc lập để phát hiện kháng thể trong huyết thanh bệnh nhân. Xác suất phát hiện thành công của mỗi phương pháp lần lượt là $0.79$, $0.8$ và $0.89$. Tính xác suất để có ít nhất một phương pháp phát hiện thành công kháng thể.",0.9954,0.9534,0.9304,0.9104,A,1.13,0.9,Xác định biến cố đối: Tình huống 'cả ba phương pháp đều không phát hiện được kháng thể' xảy ra khi từng phương pháp đồng thời thất bại.,"Vì các phương pháp hoạt động độc lập, hãy tính xác suất cả 3 cùng thất bại: $P(\text{Đối}) = (1 - 0.79)(1 - 0.8)(1 - 0.89)$, sau đó tính $P = 1 - P(\text{Đối})$."
PROB_PISA_197,Tai chinh - Kinh te,SKILL_RISK_FINANCE,GiaiQuyetVanDe,ThongHieu,Một nhà đầu tư tài chính phân bổ vốn vào hai quỹ mở $F_1$ và $F_2$ hoạt động trên hai thị trường độc lập. Xác suất quỹ $F_1$ đạt mục tiêu lợi nhuận trong quý là $0.86$ và quỹ $F_2$ là $0.87$. Tính xác suất để nhà đầu tư có ít nhất một quỹ đạt mục tiêu lợi nhuận đã đề ra.,0.9818,0.9398,0.9168,0.8968,A,1.3,0.94,Xác định biến cố đối: Tình huống xấu nhất 'cả hai quỹ đều không đạt mục tiêu lợi nhuận' xảy ra với xác suất bao nhiêu?,"Vì hai quỹ hoạt động độc lập, tính xác suất biến cố đối bằng quy tắc nhân: $P(\text{Đối}) = (1 - P(F_1))(1 - P(F_2))$, sau đó lấy $1 - P(\text{Đối})$."
PROB_PISA_198,Ky thuat - San xuat,SKILL_RELIABILITY_TECH,GiaiQuyetVanDe,ThongHieu,Một nhà máy sản xuất linh kiện điện tử có hai dây chuyền $L_1$ và $L_2$ cùng sản xuất một mã sản phẩm. Dây chuyền $L_1$ chiếm $60\%$ tổng sản lượng với tỷ lệ phế phẩm là $3.0\%$; dây chuyền $L_2$ chiếm $40\%$ sản lượng với tỷ lệ phế phẩm là $2.5\%$. Chọn ngẫu nhiên một linh kiện trong kho thành phẩm. Tính xác suất linh kiện được chọn là sản phẩm đạt chuẩn chất lượng.,0.93,0.972,0.907,0.887,B,1.11,0.98,"Sử dụng công thức xác suất toàn phần để xác định tỷ lệ phế phẩm chung của toàn nhà máy: $P(\text{Phế phẩm}) = 0{,}6 \cdot P(\text{Lỗi}\mid L_1) + 0{,}4 \cdot P(\text{Lỗi}\mid L_2)$.",Áp dụng công thức biến cố đối: Xác suất sản phẩm đạt chuẩn chất lượng xuất xưởng là $P(\text{Đạt}) = 1 - P(\text{Phế phẩm})$.
PROB_PISA_199,Cong nghe thong tin,SKILL_RELIABILITY_TECH,GiaiQuyetVanDe,ThongHieu,"Một hệ thống cơ sở dữ liệu y tế trực tuyến sử dụng $3$ máy chủ đám mây hoạt động song song độc lập. Xác suất gặp sự cố gián đoạn mạng trong ngày của mỗi máy chủ lần lượt là $0.11$, $0.08$ và $0.1$. Hệ thống duy trì hoạt động bình thường nếu có ít nhất một máy chủ vận hành tốt. Tính xác suất hệ thống dữ liệu hoạt động thông suốt không bị ngắt quãng trong ngày.",0.9571,0.9341,0.9991,0.9141,C,1.28,1.02,Hệ thống chỉ bị gián đoạn toàn phần khi tất cả 3 máy chủ cùng đồng thời gặp sự cố kỹ thuật.,"Vì 3 máy chủ hoạt động độc lập, xác suất gián đoạn toàn bộ là $q_1 \cdot q_2 \cdot q_3$. Áp dụng nguyên lý biến cố đối để tìm xác suất hệ thống hoạt động thông suốt."
PROB_PISA_200,Giao thong - Logistics,SKILL_LOGISTICS,GiaiQuyetVanDe,ThongHieu,"Một kiện hàng hóa sinh học được vận chuyển qua ba cung đường độc lập: hàng không, đường sắt và vận tải nội đô. Xác suất xảy ra chậm trễ giờ ở mỗi cung đường lần lượt là $0.04$, $0.06$ và $0.14$. Tính xác suất để kiện hàng đến đích hoàn toàn đúng thời gian quy định (không trễ ở bất kỳ chặng nào).",0.8111,0.7341,0.8341,0.7761,D,1.45,1.06,"Để toàn bộ kiện hàng đến đúng hẹn, điều kiện cần và đủ là cả 3 chặng vận chuyển đều phải hoàn thành đúng giờ.","Tính xác suất đúng giờ của từng chặng: $1 - d_i$, sau đó áp dụng quy tắc nhân xác suất cho 3 biến cố độc lập liên tiếp."
PROB_PISA_201,Y te - Duoc pham,SKILL_INDEP_MEDICAL,GiaiQuyetVanDe,ThongHieu,"Ba nhóm bệnh nhân độc lập gồm nhóm 1, nhóm 2 và nhóm 3 được chỉ định phác đồ điều trị mới. Xác suất đáp ứng thuốc tốt của mỗi nhóm lần lượt là $0.79$, $0.84$ và $0.85$. Tính xác suất để có đúng hai trong ba nhóm đáp ứng tốt với phác đồ điều trị.",0.3919,0.3569,0.3149,0.4149,B,1.26,0.1,"Phân tích thành 3 trường hợp rời nhau (xung khắc): (nhóm 1 và 2 đạt, nhóm 3 không), (nhóm 1 và 3 đạt, nhóm 2 không), hoặc (nhóm 2 và 3 đạt, nhóm 1 không).","Áp dụng quy tắc nhân xác suất cho các biến cố độc lập trong từng trường hợp, sau đó áp dụng quy tắc cộng xác suất để tìm kết quả chung."
PROB_PISA_202,Tai chinh - Kinh te,SKILL_RISK_FINANCE,GiaiQuyetVanDe,ThongHieu,Một nhà đầu tư tài chính phân bổ vốn vào hai quỹ mở $F_1$ và $F_2$ hoạt động trên hai thị trường độc lập. Xác suất quỹ $F_1$ đạt mục tiêu lợi nhuận trong quý là $0.7$ và quỹ $F_2$ là $0.75$. Tính xác suất để nhà đầu tư có ít nhất một quỹ đạt mục tiêu lợi nhuận đã đề ra.,0.96,0.925,0.883,0.983,B,1.43,0.14,Xác định biến cố đối: Tình huống xấu nhất 'cả hai quỹ đều không đạt mục tiêu lợi nhuận' xảy ra với xác suất bao nhiêu?,"Vì hai quỹ hoạt động độc lập, tính xác suất biến cố đối bằng quy tắc nhân: $P(\text{Đối}) = (1 - P(F_1))(1 - P(F_2))$, sau đó lấy $1 - P(\text{Đối})$."
PROB_PISA_203,Ky thuat - San xuat,SKILL_RELIABILITY_TECH,GiaiQuyetVanDe,ThongHieu,Một nhà máy sản xuất linh kiện điện tử có hai dây chuyền $L_1$ và $L_2$ cùng sản xuất một mã sản phẩm. Dây chuyền $L_1$ chiếm $60\%$ tổng sản lượng với tỷ lệ phế phẩm là $1.5\%$; dây chuyền $L_2$ chiếm $40\%$ sản lượng với tỷ lệ phế phẩm là $3.0\%$. Chọn ngẫu nhiên một linh kiện trong kho thành phẩm. Tính xác suất linh kiện được chọn là sản phẩm đạt chuẩn chất lượng.,0.937,0.914,0.979,0.894,C,1.24,0.18,"Sử dụng công thức xác suất toàn phần để xác định tỷ lệ phế phẩm chung của toàn nhà máy: $P(\text{Phế phẩm}) = 0{,}6 \cdot P(\text{Lỗi}\mid L_1) + 0{,}4 \cdot P(\text{Lỗi}\mid L_2)$.",Áp dụng công thức biến cố đối: Xác suất sản phẩm đạt chuẩn chất lượng xuất xưởng là $P(\text{Đạt}) = 1 - P(\text{Phế phẩm})$.
PROB_PISA_204,Cong nghe thong tin,SKILL_RELIABILITY_TECH,GiaiQuyetVanDe,ThongHieu,"Một hệ thống cơ sở dữ liệu y tế trực tuyến sử dụng $3$ máy chủ đám mây hoạt động song song độc lập. Xác suất gặp sự cố gián đoạn mạng trong ngày của mỗi máy chủ lần lượt là $0.05$, $0.1$ và $0.12$. Hệ thống duy trì hoạt động bình thường nếu có ít nhất một máy chủ vận hành tốt. Tính xác suất hệ thống dữ liệu hoạt động thông suốt không bị ngắt quãng trong ngày.",0.9574,0.9344,0.9144,0.9994,D,1.41,0.22,Hệ thống chỉ bị gián đoạn toàn phần khi tất cả 3 máy chủ cùng đồng thời gặp sự cố kỹ thuật.,"Vì 3 máy chủ hoạt động độc lập, xác suất gián đoạn toàn bộ là $q_1 \cdot q_2 \cdot q_3$. Áp dụng nguyên lý biến cố đối để tìm xác suất hệ thống hoạt động thông suốt."
PROB_PISA_205,Giao thong - Logistics,SKILL_LOGISTICS,GiaiQuyetVanDe,ThongHieu,"Một kiện hàng hóa sinh học được vận chuyển qua ba cung đường độc lập: hàng không, đường sắt và vận tải nội đô. Xác suất xảy ra chậm trễ giờ ở mỗi cung đường lần lượt là $0.06$, $0.08$ và $0.08$. Tính xác suất để kiện hàng đến đích hoàn toàn đúng thời gian quy định (không trễ ở bất kỳ chặng nào).",0.7956,0.8306,0.7536,0.8536,A,1.22,0.26,"Để toàn bộ kiện hàng đến đúng hẹn, điều kiện cần và đủ là cả 3 chặng vận chuyển đều phải hoàn thành đúng giờ.","Tính xác suất đúng giờ của từng chặng: $1 - d_i$, sau đó áp dụng quy tắc nhân xác suất cho 3 biến cố độc lập liên tiếp."
PROB_PISA_206,Y te - Duoc pham,SKILL_INDEP_MEDICAL,GiaiQuyetVanDe,ThongHieu,"Trong một nghiên cứu y khoa, ba phương pháp xét nghiệm sinh học $M_1$, $M_2$ và $M_3$ hoạt động độc lập để phát hiện kháng thể trong huyết thanh bệnh nhân. Xác suất phát hiện thành công của mỗi phương pháp lần lượt là $0.79$, $0.88$ và $0.93$. Tính xác suất để có ít nhất một phương pháp phát hiện thành công kháng thể.",0.9562,0.9332,0.9982,0.9132,C,1.39,0.3,Xác định biến cố đối: Tình huống 'cả ba phương pháp đều không phát hiện được kháng thể' xảy ra khi từng phương pháp đồng thời thất bại.,"Vì các phương pháp hoạt động độc lập, hãy tính xác suất cả 3 cùng thất bại: $P(\text{Đối}) = (1 - 0.79)(1 - 0.88)(1 - 0.93)$, sau đó tính $P = 1 - P(\text{Đối})$."
PROB_PISA_207,Tai chinh - Kinh te,SKILL_RISK_FINANCE,GiaiQuyetVanDe,ThongHieu,Một nhà đầu tư tài chính phân bổ vốn vào hai quỹ mở $F_1$ và $F_2$ hoạt động trên hai thị trường độc lập. Xác suất quỹ $F_1$ đạt mục tiêu lợi nhuận trong quý là $0.74$ và quỹ $F_2$ là $0.79$. Tính xác suất để nhà đầu tư có ít nhất một quỹ đạt mục tiêu lợi nhuận đã đề ra.,0.9804,0.9034,0.9454,0.8804,C,1.2,0.34,Xác định biến cố đối: Tình huống xấu nhất 'cả hai quỹ đều không đạt mục tiêu lợi nhuận' xảy ra với xác suất bao nhiêu?,"Vì hai quỹ hoạt động độc lập, tính xác suất biến cố đối bằng quy tắc nhân: $P(\text{Đối}) = (1 - P(F_1))(1 - P(F_2))$, sau đó lấy $1 - P(\text{Đối})$."
PROB_PISA_208,Ky thuat - San xuat,SKILL_RELIABILITY_TECH,GiaiQuyetVanDe,ThongHieu,Một nhà máy sản xuất linh kiện điện tử có hai dây chuyền $L_1$ và $L_2$ cùng sản xuất một mã sản phẩm. Dây chuyền $L_1$ chiếm $60\%$ tổng sản lượng với tỷ lệ phế phẩm là $2.0\%$; dây chuyền $L_2$ chiếm $40\%$ sản lượng với tỷ lệ phế phẩm là $3.5000000000000004\%$. Chọn ngẫu nhiên một linh kiện trong kho thành phẩm. Tính xác suất linh kiện được chọn là sản phẩm đạt chuẩn chất lượng.,0.932,0.909,0.889,0.974,D,1.37,0.38,"Sử dụng công thức xác suất toàn phần để xác định tỷ lệ phế phẩm chung của toàn nhà máy: $P(\text{Phế phẩm}) = 0{,}6 \cdot P(\text{Lỗi}\mid L_1) + 0{,}4 \cdot P(\text{Lỗi}\mid L_2)$.",Áp dụng công thức biến cố đối: Xác suất sản phẩm đạt chuẩn chất lượng xuất xưởng là $P(\text{Đạt}) = 1 - P(\text{Phế phẩm})$.
PROB_PISA_209,Cong nghe thong tin,SKILL_RELIABILITY_TECH,GiaiQuyetVanDe,ThongHieu,"Một hệ thống cơ sở dữ liệu y tế trực tuyến sử dụng $3$ máy chủ đám mây hoạt động song song độc lập. Xác suất gặp sự cố gián đoạn mạng trong ngày của mỗi máy chủ lần lượt là $0.07$, $0.12$ và $0.14$. Hệ thống duy trì hoạt động bình thường nếu có ít nhất một máy chủ vận hành tốt. Tính xác suất hệ thống dữ liệu hoạt động thông suốt không bị ngắt quãng trong ngày.",0.9988,0.9568,0.9338,0.9138,A,1.18,0.42,Hệ thống chỉ bị gián đoạn toàn phần khi tất cả 3 máy chủ cùng đồng thời gặp sự cố kỹ thuật.,"Vì 3 máy chủ hoạt động độc lập, xác suất gián đoạn toàn bộ là $q_1 \cdot q_2 \cdot q_3$. Áp dụng nguyên lý biến cố đối để tìm xác suất hệ thống hoạt động thông suốt."
PROB_PISA_210,Giao thong - Logistics,SKILL_LOGISTICS,GiaiQuyetVanDe,ThongHieu,"Một kiện hàng hóa sinh học được vận chuyển qua ba cung đường độc lập: hàng không, đường sắt và vận tải nội đô. Xác suất xảy ra chậm trễ giờ ở mỗi cung đường lần lượt là $0.08$, $0.1$ và $0.1$. Tính xác suất để kiện hàng đến đích hoàn toàn đúng thời gian quy định (không trễ ở bất kỳ chặng nào).",0.7802,0.7452,0.7032,0.8032,B,1.35,0.46,"Để toàn bộ kiện hàng đến đúng hẹn, điều kiện cần và đủ là cả 3 chặng vận chuyển đều phải hoàn thành đúng giờ.","Tính xác suất đúng giờ của từng chặng: $1 - d_i$, sau đó áp dụng quy tắc nhân xác suất cho 3 biến cố độc lập liên tiếp."
PROB_PISA_211,Y te - Duoc pham,SKILL_INDEP_MEDICAL,GiaiQuyetVanDe,ThongHieu,"Ba nhóm bệnh nhân độc lập gồm nhóm 1, nhóm 2 và nhóm 3 được chỉ định phác đồ điều trị mới. Xác suất đáp ứng thuốc tốt của mỗi nhóm lần lượt là $0.79$, $0.92$ và $0.89$. Tính xác suất để có đúng hai trong ba nhóm đáp ứng tốt với phác đồ điều trị.",0.3431,0.2661,0.3661,0.3081,D,1.16,0.5,"Phân tích thành 3 trường hợp rời nhau (xung khắc): (nhóm 1 và 2 đạt, nhóm 3 không), (nhóm 1 và 3 đạt, nhóm 2 không), hoặc (nhóm 2 và 3 đạt, nhóm 1 không).","Áp dụng quy tắc nhân xác suất cho các biến cố độc lập trong từng trường hợp, sau đó áp dụng quy tắc cộng xác suất để tìm kết quả chung."
PROB_PISA_212,Tai chinh - Kinh te,SKILL_RISK_FINANCE,GiaiQuyetVanDe,ThongHieu,Một nhà đầu tư tài chính phân bổ vốn vào hai quỹ mở $F_1$ và $F_2$ hoạt động trên hai thị trường độc lập. Xác suất quỹ $F_1$ đạt mục tiêu lợi nhuận trong quý là $0.78$ và quỹ $F_2$ là $0.83$. Tính xác suất để nhà đầu tư có ít nhất một quỹ đạt mục tiêu lợi nhuận đã đề ra.,0.9976,0.9206,0.8976,0.9626,D,1.33,0.54,Xác định biến cố đối: Tình huống xấu nhất 'cả hai quỹ đều không đạt mục tiêu lợi nhuận' xảy ra với xác suất bao nhiêu?,"Vì hai quỹ hoạt động độc lập, tính xác suất biến cố đối bằng quy tắc nhân: $P(\text{Đối}) = (1 - P(F_1))(1 - P(F_2))$, sau đó lấy $1 - P(\text{Đối})$."
PROB_PISA_213,Ky thuat - San xuat,SKILL_RELIABILITY_TECH,GiaiQuyetVanDe,ThongHieu,Một nhà máy sản xuất linh kiện điện tử có hai dây chuyền $L_1$ và $L_2$ cùng sản xuất một mã sản phẩm. Dây chuyền $L_1$ chiếm $60\%$ tổng sản lượng với tỷ lệ phế phẩm là $2.5\%$; dây chuyền $L_2$ chiếm $40\%$ sản lượng với tỷ lệ phế phẩm là $2.5\%$. Chọn ngẫu nhiên một linh kiện trong kho thành phẩm. Tính xác suất linh kiện được chọn là sản phẩm đạt chuẩn chất lượng.,0.975,0.933,0.91,0.89,A,1.14,0.58,"Sử dụng công thức xác suất toàn phần để xác định tỷ lệ phế phẩm chung của toàn nhà máy: $P(\text{Phế phẩm}) = 0{,}6 \cdot P(\text{Lỗi}\mid L_1) + 0{,}4 \cdot P(\text{Lỗi}\mid L_2)$.",Áp dụng công thức biến cố đối: Xác suất sản phẩm đạt chuẩn chất lượng xuất xưởng là $P(\text{Đạt}) = 1 - P(\text{Phế phẩm})$.
PROB_PISA_214,Cong nghe thong tin,SKILL_RELIABILITY_TECH,GiaiQuyetVanDe,ThongHieu,"Một hệ thống cơ sở dữ liệu y tế trực tuyến sử dụng $3$ máy chủ đám mây hoạt động song song độc lập. Xác suất gặp sự cố gián đoạn mạng trong ngày của mỗi máy chủ lần lượt là $0.09$, $0.08$ và $0.1$. Hệ thống duy trì hoạt động bình thường nếu có ít nhất một máy chủ vận hành tốt. Tính xác suất hệ thống dữ liệu hoạt động thông suốt không bị ngắt quãng trong ngày.",0.9573,0.9993,0.9343,0.9143,B,1.31,0.62,Hệ thống chỉ bị gián đoạn toàn phần khi tất cả 3 máy chủ cùng đồng thời gặp sự cố kỹ thuật.,"Vì 3 máy chủ hoạt động độc lập, xác suất gián đoạn toàn bộ là $q_1 \cdot q_2 \cdot q_3$. Áp dụng nguyên lý biến cố đối để tìm xác suất hệ thống hoạt động thông suốt."
PROB_PISA_215,Giao thong - Logistics,SKILL_LOGISTICS,GiaiQuyetVanDe,ThongHieu,"Một kiện hàng hóa sinh học được vận chuyển qua ba cung đường độc lập: hàng không, đường sắt và vận tải nội đô. Xác suất xảy ra chậm trễ giờ ở mỗi cung đường lần lượt là $0.04$, $0.06$ và $0.12$. Tính xác suất để kiện hàng đến đích hoàn toàn đúng thời gian quy định (không trễ ở bất kỳ chặng nào).",0.8291,0.7521,0.7941,0.8521,C,1.12,0.66,"Để toàn bộ kiện hàng đến đúng hẹn, điều kiện cần và đủ là cả 3 chặng vận chuyển đều phải hoàn thành đúng giờ.","Tính xác suất đúng giờ của từng chặng: $1 - d_i$, sau đó áp dụng quy tắc nhân xác suất cho 3 biến cố độc lập liên tiếp."
PROB_PISA_216,Y te - Duoc pham,SKILL_INDEP_MEDICAL,GiaiQuyetVanDe,ThongHieu,"Trong một nghiên cứu y khoa, ba phương pháp xét nghiệm sinh học $M_1$, $M_2$ và $M_3$ hoạt động độc lập để phát hiện kháng thể trong huyết thanh bệnh nhân. Xác suất phát hiện thành công của mỗi phương pháp lần lượt là $0.79$, $0.8$ và $0.85$. Tính xác suất để có ít nhất một phương pháp phát hiện thành công kháng thể.",0.9937,0.9517,0.9287,0.9087,A,1.29,0.7,Xác định biến cố đối: Tình huống 'cả ba phương pháp đều không phát hiện được kháng thể' xảy ra khi từng phương pháp đồng thời thất bại.,"Vì các phương pháp hoạt động độc lập, hãy tính xác suất cả 3 cùng thất bại: $P(\text{Đối}) = (1 - 0.79)(1 - 0.8)(1 - 0.85)$, sau đó tính $P = 1 - P(\text{Đối})$."
PROB_PISA_217,Tai chinh - Kinh te,SKILL_RISK_FINANCE,GiaiQuyetVanDe,ThongHieu,Một nhà đầu tư tài chính phân bổ vốn vào hai quỹ mở $F_1$ và $F_2$ hoạt động trên hai thị trường độc lập. Xác suất quỹ $F_1$ đạt mục tiêu lợi nhuận trong quý là $0.82$ và quỹ $F_2$ là $0.87$. Tính xác suất để nhà đầu tư có ít nhất một quỹ đạt mục tiêu lợi nhuận đã đề ra.,0.9766,0.9346,0.9116,0.8916,A,1.1,0.74,Xác định biến cố đối: Tình huống xấu nhất 'cả hai quỹ đều không đạt mục tiêu lợi nhuận' xảy ra với xác suất bao nhiêu?,"Vì hai quỹ hoạt động độc lập, tính xác suất biến cố đối bằng quy tắc nhân: $P(\text{Đối}) = (1 - P(F_1))(1 - P(F_2))$, sau đó lấy $1 - P(\text{Đối})$."
PROB_PISA_218,Ky thuat - San xuat,SKILL_RELIABILITY_TECH,GiaiQuyetVanDe,ThongHieu,Một nhà máy sản xuất linh kiện điện tử có hai dây chuyền $L_1$ và $L_2$ cùng sản xuất một mã sản phẩm. Dây chuyền $L_1$ chiếm $60\%$ tổng sản lượng với tỷ lệ phế phẩm là $3.0\%$; dây chuyền $L_2$ chiếm $40\%$ sản lượng với tỷ lệ phế phẩm là $3.0\%$. Chọn ngẫu nhiên một linh kiện trong kho thành phẩm. Tính xác suất linh kiện được chọn là sản phẩm đạt chuẩn chất lượng.,0.928,0.97,0.905,0.885,B,1.27,0.78,"Sử dụng công thức xác suất toàn phần để xác định tỷ lệ phế phẩm chung của toàn nhà máy: $P(\text{Phế phẩm}) = 0{,}6 \cdot P(\text{Lỗi}\mid L_1) + 0{,}4 \cdot P(\text{Lỗi}\mid L_2)$.",Áp dụng công thức biến cố đối: Xác suất sản phẩm đạt chuẩn chất lượng xuất xưởng là $P(\text{Đạt}) = 1 - P(\text{Phế phẩm})$.
PROB_PISA_219,Cong nghe thong tin,SKILL_RELIABILITY_TECH,GiaiQuyetVanDe,ThongHieu,"Một hệ thống cơ sở dữ liệu y tế trực tuyến sử dụng $3$ máy chủ đám mây hoạt động song song độc lập. Xác suất gặp sự cố gián đoạn mạng trong ngày của mỗi máy chủ lần lượt là $0.11$, $0.1$ và $0.12$. Hệ thống duy trì hoạt động bình thường nếu có ít nhất một máy chủ vận hành tốt. Tính xác suất hệ thống dữ liệu hoạt động thông suốt không bị ngắt quãng trong ngày.",0.9567,0.9337,0.9987,0.9137,C,1.44,0.82,Hệ thống chỉ bị gián đoạn toàn phần khi tất cả 3 máy chủ cùng đồng thời gặp sự cố kỹ thuật.,"Vì 3 máy chủ hoạt động độc lập, xác suất gián đoạn toàn bộ là $q_1 \cdot q_2 \cdot q_3$. Áp dụng nguyên lý biến cố đối để tìm xác suất hệ thống hoạt động thông suốt."
PROB_PISA_220,Giao thong - Logistics,SKILL_LOGISTICS,GiaiQuyetVanDe,ThongHieu,"Một kiện hàng hóa sinh học được vận chuyển qua ba cung đường độc lập: hàng không, đường sắt và vận tải nội đô. Xác suất xảy ra chậm trễ giờ ở mỗi cung đường lần lượt là $0.06$, $0.08$ và $0.14$. Tính xác suất để kiện hàng đến đích hoàn toàn đúng thời gian quy định (không trễ ở bất kỳ chặng nào).",0.7787,0.7017,0.8017,0.7437,D,1.25,0.86,"Để toàn bộ kiện hàng đến đúng hẹn, điều kiện cần và đủ là cả 3 chặng vận chuyển đều phải hoàn thành đúng giờ.","Tính xác suất đúng giờ của từng chặng: $1 - d_i$, sau đó áp dụng quy tắc nhân xác suất cho 3 biến cố độc lập liên tiếp."
PROB_PISA_221,Y te - Duoc pham,SKILL_INDEP_MEDICAL,GiaiQuyetVanDe,ThongHieu,"Ba nhóm bệnh nhân độc lập gồm nhóm 1, nhóm 2 và nhóm 3 được chỉ định phác đồ điều trị mới. Xác suất đáp ứng thuốc tốt của mỗi nhóm lần lượt là $0.79$, $0.84$ và $0.93$. Tính xác suất để có đúng hai trong ba nhóm đáp ứng tốt với phác đồ điều trị.",0.3631,0.3281,0.2861,0.3861,B,1.42,0.9,"Phân tích thành 3 trường hợp rời nhau (xung khắc): (nhóm 1 và 2 đạt, nhóm 3 không), (nhóm 1 và 3 đạt, nhóm 2 không), hoặc (nhóm 2 và 3 đạt, nhóm 1 không).","Áp dụng quy tắc nhân xác suất cho các biến cố độc lập trong từng trường hợp, sau đó áp dụng quy tắc cộng xác suất để tìm kết quả chung."
PROB_PISA_222,Tai chinh - Kinh te,SKILL_RISK_FINANCE,GiaiQuyetVanDe,ThongHieu,Một nhà đầu tư tài chính phân bổ vốn vào hai quỹ mở $F_1$ và $F_2$ hoạt động trên hai thị trường độc lập. Xác suất quỹ $F_1$ đạt mục tiêu lợi nhuận trong quý là $0.86$ và quỹ $F_2$ là $0.75$. Tính xác suất để nhà đầu tư có ít nhất một quỹ đạt mục tiêu lợi nhuận đã đề ra.,0.923,0.965,0.9,0.88,B,1.23,0.94,Xác định biến cố đối: Tình huống xấu nhất 'cả hai quỹ đều không đạt mục tiêu lợi nhuận' xảy ra với xác suất bao nhiêu?,"Vì hai quỹ hoạt động độc lập, tính xác suất biến cố đối bằng quy tắc nhân: $P(\text{Đối}) = (1 - P(F_1))(1 - P(F_2))$, sau đó lấy $1 - P(\text{Đối})$."
PROB_PISA_223,Ky thuat - San xuat,SKILL_RELIABILITY_TECH,GiaiQuyetVanDe,ThongHieu,Một nhà máy sản xuất linh kiện điện tử có hai dây chuyền $L_1$ và $L_2$ cùng sản xuất một mã sản phẩm. Dây chuyền $L_1$ chiếm $60\%$ tổng sản lượng với tỷ lệ phế phẩm là $1.5\%$; dây chuyền $L_2$ chiếm $40\%$ sản lượng với tỷ lệ phế phẩm là $3.5000000000000004\%$. Chọn ngẫu nhiên một linh kiện trong kho thành phẩm. Tính xác suất linh kiện được chọn là sản phẩm đạt chuẩn chất lượng.,0.935,0.912,0.977,0.892,C,1.4,0.98,"Sử dụng công thức xác suất toàn phần để xác định tỷ lệ phế phẩm chung của toàn nhà máy: $P(\text{Phế phẩm}) = 0{,}6 \cdot P(\text{Lỗi}\mid L_1) + 0{,}4 \cdot P(\text{Lỗi}\mid L_2)$.",Áp dụng công thức biến cố đối: Xác suất sản phẩm đạt chuẩn chất lượng xuất xưởng là $P(\text{Đạt}) = 1 - P(\text{Phế phẩm})$.
PROB_PISA_224,Cong nghe thong tin,SKILL_RELIABILITY_TECH,GiaiQuyetVanDe,ThongHieu,"Một hệ thống cơ sở dữ liệu y tế trực tuyến sử dụng $3$ máy chủ đám mây hoạt động song song độc lập. Xác suất gặp sự cố gián đoạn mạng trong ngày của mỗi máy chủ lần lượt là $0.05$, $0.12$ và $0.14$. Hệ thống duy trì hoạt động bình thường nếu có ít nhất một máy chủ vận hành tốt. Tính xác suất hệ thống dữ liệu hoạt động thông suốt không bị ngắt quãng trong ngày.",0.9572,0.9342,0.9142,0.9992,D,1.21,1.02,Hệ thống chỉ bị gián đoạn toàn phần khi tất cả 3 máy chủ cùng đồng thời gặp sự cố kỹ thuật.,"Vì 3 máy chủ hoạt động độc lập, xác suất gián đoạn toàn bộ là $q_1 \cdot q_2 \cdot q_3$. Áp dụng nguyên lý biến cố đối để tìm xác suất hệ thống hoạt động thông suốt."
PROB_PISA_225,Giao thong - Logistics,SKILL_LOGISTICS,GiaiQuyetVanDe,ThongHieu,"Một kiện hàng hóa sinh học được vận chuyển qua ba cung đường độc lập: hàng không, đường sắt và vận tải nội đô. Xác suất xảy ra chậm trễ giờ ở mỗi cung đường lần lượt là $0.08$, $0.1$ và $0.08$. Tính xác suất để kiện hàng đến đích hoàn toàn đúng thời gian quy định (không trễ ở bất kỳ chặng nào).",0.7618,0.7968,0.7198,0.8198,A,1.38,1.06,"Để toàn bộ kiện hàng đến đúng hẹn, điều kiện cần và đủ là cả 3 chặng vận chuyển đều phải hoàn thành đúng giờ.","Tính xác suất đúng giờ của từng chặng: $1 - d_i$, sau đó áp dụng quy tắc nhân xác suất cho 3 biến cố độc lập liên tiếp."
PROB_PISA_226,Y te - Duoc pham,SKILL_INDEP_MEDICAL,GiaiQuyetVanDe,ThongHieu,"Trong một nghiên cứu y khoa, ba phương pháp xét nghiệm sinh học $M_1$, $M_2$ và $M_3$ hoạt động độc lập để phát hiện kháng thể trong huyết thanh bệnh nhân. Xác suất phát hiện thành công của mỗi phương pháp lần lượt là $0.79$, $0.88$ và $0.89$. Tính xác suất để có ít nhất một phương pháp phát hiện thành công kháng thể.",0.9552,0.9322,0.9972,0.9122,C,1.19,0.1,Xác định biến cố đối: Tình huống 'cả ba phương pháp đều không phát hiện được kháng thể' xảy ra khi từng phương pháp đồng thời thất bại.,"Vì các phương pháp hoạt động độc lập, hãy tính xác suất cả 3 cùng thất bại: $P(\text{Đối}) = (1 - 0.79)(1 - 0.88)(1 - 0.89)$, sau đó tính $P = 1 - P(\text{Đối})$."
PROB_PISA_227,Tai chinh - Kinh te,SKILL_RISK_FINANCE,GiaiQuyetVanDe,ThongHieu,Một nhà đầu tư tài chính phân bổ vốn vào hai quỹ mở $F_1$ và $F_2$ hoạt động trên hai thị trường độc lập. Xác suất quỹ $F_1$ đạt mục tiêu lợi nhuận trong quý là $0.7$ và quỹ $F_2$ là $0.79$. Tính xác suất để nhà đầu tư có ít nhất một quỹ đạt mục tiêu lợi nhuận đã đề ra.,0.972,0.895,0.937,0.995,C,1.36,0.14,Xác định biến cố đối: Tình huống xấu nhất 'cả hai quỹ đều không đạt mục tiêu lợi nhuận' xảy ra với xác suất bao nhiêu?,"Vì hai quỹ hoạt động độc lập, tính xác suất biến cố đối bằng quy tắc nhân: $P(\text{Đối}) = (1 - P(F_1))(1 - P(F_2))$, sau đó lấy $1 - P(\text{Đối})$."
PROB_PISA_228,Ky thuat - San xuat,SKILL_RELIABILITY_TECH,GiaiQuyetVanDe,ThongHieu,Một nhà máy sản xuất linh kiện điện tử có hai dây chuyền $L_1$ và $L_2$ cùng sản xuất một mã sản phẩm. Dây chuyền $L_1$ chiếm $60\%$ tổng sản lượng với tỷ lệ phế phẩm là $2.0\%$; dây chuyền $L_2$ chiếm $40\%$ sản lượng với tỷ lệ phế phẩm là $2.5\%$. Chọn ngẫu nhiên một linh kiện trong kho thành phẩm. Tính xác suất linh kiện được chọn là sản phẩm đạt chuẩn chất lượng.,0.936,0.913,0.893,0.978,D,1.17,0.18,"Sử dụng công thức xác suất toàn phần để xác định tỷ lệ phế phẩm chung của toàn nhà máy: $P(\text{Phế phẩm}) = 0{,}6 \cdot P(\text{Lỗi}\mid L_1) + 0{,}4 \cdot P(\text{Lỗi}\mid L_2)$.",Áp dụng công thức biến cố đối: Xác suất sản phẩm đạt chuẩn chất lượng xuất xưởng là $P(\text{Đạt}) = 1 - P(\text{Phế phẩm})$.
PROB_PISA_229,Cong nghe thong tin,SKILL_RELIABILITY_TECH,GiaiQuyetVanDe,ThongHieu,"Một hệ thống cơ sở dữ liệu y tế trực tuyến sử dụng $3$ máy chủ đám mây hoạt động song song độc lập. Xác suất gặp sự cố gián đoạn mạng trong ngày của mỗi máy chủ lần lượt là $0.07$, $0.08$ và $0.1$. Hệ thống duy trì hoạt động bình thường nếu có ít nhất một máy chủ vận hành tốt. Tính xác suất hệ thống dữ liệu hoạt động thông suốt không bị ngắt quãng trong ngày.",0.9994,0.9574,0.9344,0.9144,A,1.34,0.22,Hệ thống chỉ bị gián đoạn toàn phần khi tất cả 3 máy chủ cùng đồng thời gặp sự cố kỹ thuật.,"Vì 3 máy chủ hoạt động độc lập, xác suất gián đoạn toàn bộ là $q_1 \cdot q_2 \cdot q_3$. Áp dụng nguyên lý biến cố đối để tìm xác suất hệ thống hoạt động thông suốt."
PROB_PISA_230,Giao thong - Logistics,SKILL_LOGISTICS,GiaiQuyetVanDe,ThongHieu,"Một kiện hàng hóa sinh học được vận chuyển qua ba cung đường độc lập: hàng không, đường sắt và vận tải nội đô. Xác suất xảy ra chậm trễ giờ ở mỗi cung đường lần lượt là $0.04$, $0.06$ và $0.1$. Tính xác suất để kiện hàng đến đích hoàn toàn đúng thời gian quy định (không trễ ở bất kỳ chặng nào).",0.8472,0.8122,0.7702,0.8702,B,1.15,0.26,"Để toàn bộ kiện hàng đến đúng hẹn, điều kiện cần và đủ là cả 3 chặng vận chuyển đều phải hoàn thành đúng giờ.","Tính xác suất đúng giờ của từng chặng: $1 - d_i$, sau đó áp dụng quy tắc nhân xác suất cho 3 biến cố độc lập liên tiếp."
PROB_PISA_231,Y te - Duoc pham,SKILL_INDEP_MEDICAL,GiaiQuyetVanDe,ThongHieu,"Ba nhóm bệnh nhân độc lập gồm nhóm 1, nhóm 2 và nhóm 3 được chỉ định phác đồ điều trị mới. Xác suất đáp ứng thuốc tốt của mỗi nhóm lần lượt là $0.79$, $0.92$ và $0.85$. Tính xác suất để có đúng hai trong ba nhóm đáp ứng tốt với phác đồ điều trị.",0.362,0.285,0.385,0.327,D,1.32,0.3,"Phân tích thành 3 trường hợp rời nhau (xung khắc): (nhóm 1 và 2 đạt, nhóm 3 không), (nhóm 1 và 3 đạt, nhóm 2 không), hoặc (nhóm 2 và 3 đạt, nhóm 1 không).","Áp dụng quy tắc nhân xác suất cho các biến cố độc lập trong từng trường hợp, sau đó áp dụng quy tắc cộng xác suất để tìm kết quả chung."
PROB_PISA_232,Tai chinh - Kinh te,SKILL_RISK_FINANCE,GiaiQuyetVanDe,ThongHieu,Một nhà đầu tư tài chính phân bổ vốn vào hai quỹ mở $F_1$ và $F_2$ hoạt động trên hai thị trường độc lập. Xác suất quỹ $F_1$ đạt mục tiêu lợi nhuận trong quý là $0.74$ và quỹ $F_2$ là $0.83$. Tính xác suất để nhà đầu tư có ít nhất một quỹ đạt mục tiêu lợi nhuận đã đề ra.,0.9908,0.9138,0.8908,0.9558,D,1.13,0.34,Xác định biến cố đối: Tình huống xấu nhất 'cả hai quỹ đều không đạt mục tiêu lợi nhuận' xảy ra với xác suất bao nhiêu?,"Vì hai quỹ hoạt động độc lập, tính xác suất biến cố đối bằng quy tắc nhân: $P(\text{Đối}) = (1 - P(F_1))(1 - P(F_2))$, sau đó lấy $1 - P(\text{Đối})$."
PROB_PISA_233,Ky thuat - San xuat,SKILL_RELIABILITY_TECH,GiaiQuyetVanDe,ThongHieu,Một nhà máy sản xuất linh kiện điện tử có hai dây chuyền $L_1$ và $L_2$ cùng sản xuất một mã sản phẩm. Dây chuyền $L_1$ chiếm $60\%$ tổng sản lượng với tỷ lệ phế phẩm là $2.5\%$; dây chuyền $L_2$ chiếm $40\%$ sản lượng với tỷ lệ phế phẩm là $3.0\%$. Chọn ngẫu nhiên một linh kiện trong kho thành phẩm. Tính xác suất linh kiện được chọn là sản phẩm đạt chuẩn chất lượng.,0.973,0.931,0.908,0.888,A,1.3,0.38,"Sử dụng công thức xác suất toàn phần để xác định tỷ lệ phế phẩm chung của toàn nhà máy: $P(\text{Phế phẩm}) = 0{,}6 \cdot P(\text{Lỗi}\mid L_1) + 0{,}4 \cdot P(\text{Lỗi}\mid L_2)$.",Áp dụng công thức biến cố đối: Xác suất sản phẩm đạt chuẩn chất lượng xuất xưởng là $P(\text{Đạt}) = 1 - P(\text{Phế phẩm})$.
PROB_PISA_234,Cong nghe thong tin,SKILL_RELIABILITY_TECH,GiaiQuyetVanDe,ThongHieu,"Một hệ thống cơ sở dữ liệu y tế trực tuyến sử dụng $3$ máy chủ đám mây hoạt động song song độc lập. Xác suất gặp sự cố gián đoạn mạng trong ngày của mỗi máy chủ lần lượt là $0.09$, $0.1$ và $0.12$. Hệ thống duy trì hoạt động bình thường nếu có ít nhất một máy chủ vận hành tốt. Tính xác suất hệ thống dữ liệu hoạt động thông suốt không bị ngắt quãng trong ngày.",0.9569,0.9989,0.9339,0.9139,B,1.11,0.42,Hệ thống chỉ bị gián đoạn toàn phần khi tất cả 3 máy chủ cùng đồng thời gặp sự cố kỹ thuật.,"Vì 3 máy chủ hoạt động độc lập, xác suất gián đoạn toàn bộ là $q_1 \cdot q_2 \cdot q_3$. Áp dụng nguyên lý biến cố đối để tìm xác suất hệ thống hoạt động thông suốt."
PROB_PISA_235,Giao thong - Logistics,SKILL_LOGISTICS,GiaiQuyetVanDe,ThongHieu,"Một kiện hàng hóa sinh học được vận chuyển qua ba cung đường độc lập: hàng không, đường sắt và vận tải nội đô. Xác suất xảy ra chậm trễ giờ ở mỗi cung đường lần lượt là $0.06$, $0.08$ và $0.12$. Tính xác suất để kiện hàng đến đích hoàn toàn đúng thời gian quy định (không trễ ở bất kỳ chặng nào).",0.796,0.719,0.761,0.819,C,1.28,0.46,"Để toàn bộ kiện hàng đến đúng hẹn, điều kiện cần và đủ là cả 3 chặng vận chuyển đều phải hoàn thành đúng giờ.","Tính xác suất đúng giờ của từng chặng: $1 - d_i$, sau đó áp dụng quy tắc nhân xác suất cho 3 biến cố độc lập liên tiếp."
PROB_PISA_236,Y te - Duoc pham,SKILL_INDEP_MEDICAL,GiaiQuyetVanDe,ThongHieu,"Trong một nghiên cứu y khoa, ba phương pháp xét nghiệm sinh học $M_1$, $M_2$ và $M_3$ hoạt động độc lập để phát hiện kháng thể trong huyết thanh bệnh nhân. Xác suất phát hiện thành công của mỗi phương pháp lần lượt là $0.79$, $0.8$ và $0.93$. Tính xác suất để có ít nhất một phương pháp phát hiện thành công kháng thể.",0.9971,0.9551,0.9321,0.9121,A,1.45,0.5,Xác định biến cố đối: Tình huống 'cả ba phương pháp đều không phát hiện được kháng thể' xảy ra khi từng phương pháp đồng thời thất bại.,"Vì các phương pháp hoạt động độc lập, hãy tính xác suất cả 3 cùng thất bại: $P(\text{Đối}) = (1 - 0.79)(1 - 0.8)(1 - 0.93)$, sau đó tính $P = 1 - P(\text{Đối})$."
PROB_PISA_237,Tai chinh - Kinh te,SKILL_RISK_FINANCE,GiaiQuyetVanDe,ThongHieu,Một nhà đầu tư tài chính phân bổ vốn vào hai quỹ mở $F_1$ và $F_2$ hoạt động trên hai thị trường độc lập. Xác suất quỹ $F_1$ đạt mục tiêu lợi nhuận trong quý là $0.78$ và quỹ $F_2$ là $0.87$. Tính xác suất để nhà đầu tư có ít nhất một quỹ đạt mục tiêu lợi nhuận đã đề ra.,0.9714,0.9294,0.9064,0.8864,A,1.26,0.54,Xác định biến cố đối: Tình huống xấu nhất 'cả hai quỹ đều không đạt mục tiêu lợi nhuận' xảy ra với xác suất bao nhiêu?,"Vì hai quỹ hoạt động độc lập, tính xác suất biến cố đối bằng quy tắc nhân: $P(\text{Đối}) = (1 - P(F_1))(1 - P(F_2))$, sau đó lấy $1 - P(\text{Đối})$."
PROB_PISA_238,Ky thuat - San xuat,SKILL_RELIABILITY_TECH,GiaiQuyetVanDe,ThongHieu,Một nhà máy sản xuất linh kiện điện tử có hai dây chuyền $L_1$ và $L_2$ cùng sản xuất một mã sản phẩm. Dây chuyền $L_1$ chiếm $60\%$ tổng sản lượng với tỷ lệ phế phẩm là $3.0\%$; dây chuyền $L_2$ chiếm $40\%$ sản lượng với tỷ lệ phế phẩm là $3.5000000000000004\%$. Chọn ngẫu nhiên một linh kiện trong kho thành phẩm. Tính xác suất linh kiện được chọn là sản phẩm đạt chuẩn chất lượng.,0.926,0.968,0.903,0.883,B,1.43,0.58,"Sử dụng công thức xác suất toàn phần để xác định tỷ lệ phế phẩm chung của toàn nhà máy: $P(\text{Phế phẩm}) = 0{,}6 \cdot P(\text{Lỗi}\mid L_1) + 0{,}4 \cdot P(\text{Lỗi}\mid L_2)$.",Áp dụng công thức biến cố đối: Xác suất sản phẩm đạt chuẩn chất lượng xuất xưởng là $P(\text{Đạt}) = 1 - P(\text{Phế phẩm})$.
PROB_PISA_239,Cong nghe thong tin,SKILL_RELIABILITY_TECH,GiaiQuyetVanDe,ThongHieu,"Một hệ thống cơ sở dữ liệu y tế trực tuyến sử dụng $3$ máy chủ đám mây hoạt động song song độc lập. Xác suất gặp sự cố gián đoạn mạng trong ngày của mỗi máy chủ lần lượt là $0.11$, $0.12$ và $0.14$. Hệ thống duy trì hoạt động bình thường nếu có ít nhất một máy chủ vận hành tốt. Tính xác suất hệ thống dữ liệu hoạt động thông suốt không bị ngắt quãng trong ngày.",0.9562,0.9332,0.9982,0.9132,C,1.24,0.62,Hệ thống chỉ bị gián đoạn toàn phần khi tất cả 3 máy chủ cùng đồng thời gặp sự cố kỹ thuật.,"Vì 3 máy chủ hoạt động độc lập, xác suất gián đoạn toàn bộ là $q_1 \cdot q_2 \cdot q_3$. Áp dụng nguyên lý biến cố đối để tìm xác suất hệ thống hoạt động thông suốt."
PROB_PISA_240,Giao thong - Logistics,SKILL_LOGISTICS,GiaiQuyetVanDe,ThongHieu,"Một kiện hàng hóa sinh học được vận chuyển qua ba cung đường độc lập: hàng không, đường sắt và vận tải nội đô. Xác suất xảy ra chậm trễ giờ ở mỗi cung đường lần lượt là $0.08$, $0.1$ và $0.14$. Tính xác suất để kiện hàng đến đích hoàn toàn đúng thời gian quy định (không trễ ở bất kỳ chặng nào).",0.7471,0.6701,0.7701,0.7121,D,1.41,0.66,"Để toàn bộ kiện hàng đến đúng hẹn, điều kiện cần và đủ là cả 3 chặng vận chuyển đều phải hoàn thành đúng giờ.","Tính xác suất đúng giờ của từng chặng: $1 - d_i$, sau đó áp dụng quy tắc nhân xác suất cho 3 biến cố độc lập liên tiếp."
PROB_PISA_241,Y te - Duoc pham,SKILL_INDEP_MEDICAL,GiaiQuyetVanDe,ThongHieu,"Ba nhóm bệnh nhân độc lập gồm nhóm 1, nhóm 2 và nhóm 3 được chỉ định phác đồ điều trị mới. Xác suất đáp ứng thuốc tốt của mỗi nhóm lần lượt là $0.79$, $0.84$ và $0.89$. Tính xác suất để có đúng hai trong ba nhóm đáp ứng tốt với phác đồ điều trị.",0.3775,0.3425,0.3005,0.4005,B,1.22,0.7,"Phân tích thành 3 trường hợp rời nhau (xung khắc): (nhóm 1 và 2 đạt, nhóm 3 không), (nhóm 1 và 3 đạt, nhóm 2 không), hoặc (nhóm 2 và 3 đạt, nhóm 1 không).","Áp dụng quy tắc nhân xác suất cho các biến cố độc lập trong từng trường hợp, sau đó áp dụng quy tắc cộng xác suất để tìm kết quả chung."
PROB_PISA_242,Tai chinh - Kinh te,SKILL_RISK_FINANCE,GiaiQuyetVanDe,ThongHieu,Một nhà đầu tư tài chính phân bổ vốn vào hai quỹ mở $F_1$ và $F_2$ hoạt động trên hai thị trường độc lập. Xác suất quỹ $F_1$ đạt mục tiêu lợi nhuận trong quý là $0.82$ và quỹ $F_2$ là $0.75$. Tính xác suất để nhà đầu tư có ít nhất một quỹ đạt mục tiêu lợi nhuận đã đề ra.,0.99,0.955,0.913,0.89,B,1.39,0.74,Xác định biến cố đối: Tình huống xấu nhất 'cả hai quỹ đều không đạt mục tiêu lợi nhuận' xảy ra với xác suất bao nhiêu?,"Vì hai quỹ hoạt động độc lập, tính xác suất biến cố đối bằng quy tắc nhân: $P(\text{Đối}) = (1 - P(F_1))(1 - P(F_2))$, sau đó lấy $1 - P(\text{Đối})$."
PROB_PISA_243,Ky thuat - San xuat,SKILL_RELIABILITY_TECH,GiaiQuyetVanDe,ThongHieu,Một nhà máy sản xuất linh kiện điện tử có hai dây chuyền $L_1$ và $L_2$ cùng sản xuất một mã sản phẩm. Dây chuyền $L_1$ chiếm $60\%$ tổng sản lượng với tỷ lệ phế phẩm là $1.5\%$; dây chuyền $L_2$ chiếm $40\%$ sản lượng với tỷ lệ phế phẩm là $2.5\%$. Chọn ngẫu nhiên một linh kiện trong kho thành phẩm. Tính xác suất linh kiện được chọn là sản phẩm đạt chuẩn chất lượng.,0.939,0.916,0.981,0.896,C,1.2,0.78,"Sử dụng công thức xác suất toàn phần để xác định tỷ lệ phế phẩm chung của toàn nhà máy: $P(\text{Phế phẩm}) = 0{,}6 \cdot P(\text{Lỗi}\mid L_1) + 0{,}4 \cdot P(\text{Lỗi}\mid L_2)$.",Áp dụng công thức biến cố đối: Xác suất sản phẩm đạt chuẩn chất lượng xuất xưởng là $P(\text{Đạt}) = 1 - P(\text{Phế phẩm})$.
PROB_PISA_244,Cong nghe thong tin,SKILL_RELIABILITY_TECH,GiaiQuyetVanDe,ThongHieu,"Một hệ thống cơ sở dữ liệu y tế trực tuyến sử dụng $3$ máy chủ đám mây hoạt động song song độc lập. Xác suất gặp sự cố gián đoạn mạng trong ngày của mỗi máy chủ lần lượt là $0.05$, $0.08$ và $0.1$. Hệ thống duy trì hoạt động bình thường nếu có ít nhất một máy chủ vận hành tốt. Tính xác suất hệ thống dữ liệu hoạt động thông suốt không bị ngắt quãng trong ngày.",0.9576,0.9346,0.9146,0.9996,D,1.37,0.82,Hệ thống chỉ bị gián đoạn toàn phần khi tất cả 3 máy chủ cùng đồng thời gặp sự cố kỹ thuật.,"Vì 3 máy chủ hoạt động độc lập, xác suất gián đoạn toàn bộ là $q_1 \cdot q_2 \cdot q_3$. Áp dụng nguyên lý biến cố đối để tìm xác suất hệ thống hoạt động thông suốt."
PROB_PISA_245,Giao thong - Logistics,SKILL_LOGISTICS,GiaiQuyetVanDe,ThongHieu,"Một kiện hàng hóa sinh học được vận chuyển qua ba cung đường độc lập: hàng không, đường sắt và vận tải nội đô. Xác suất xảy ra chậm trễ giờ ở mỗi cung đường lần lượt là $0.04$, $0.06$ và $0.08$. Tính xác suất để kiện hàng đến đích hoàn toàn đúng thời gian quy định (không trễ ở bất kỳ chặng nào).",0.8302,0.8652,0.7882,0.8882,A,1.18,0.86,"Để toàn bộ kiện hàng đến đúng hẹn, điều kiện cần và đủ là cả 3 chặng vận chuyển đều phải hoàn thành đúng giờ.","Tính xác suất đúng giờ của từng chặng: $1 - d_i$, sau đó áp dụng quy tắc nhân xác suất cho 3 biến cố độc lập liên tiếp."
PROB_PISA_246,Y te - Duoc pham,SKILL_INDEP_MEDICAL,GiaiQuyetVanDe,ThongHieu,"Trong một nghiên cứu y khoa, ba phương pháp xét nghiệm sinh học $M_1$, $M_2$ và $M_3$ hoạt động độc lập để phát hiện kháng thể trong huyết thanh bệnh nhân. Xác suất phát hiện thành công của mỗi phương pháp lần lượt là $0.79$, $0.88$ và $0.85$. Tính xác suất để có ít nhất một phương pháp phát hiện thành công kháng thể.",0.9542,0.9312,0.9962,0.9112,C,1.35,0.9,Xác định biến cố đối: Tình huống 'cả ba phương pháp đều không phát hiện được kháng thể' xảy ra khi từng phương pháp đồng thời thất bại.,"Vì các phương pháp hoạt động độc lập, hãy tính xác suất cả 3 cùng thất bại: $P(\text{Đối}) = (1 - 0.79)(1 - 0.88)(1 - 0.85)$, sau đó tính $P = 1 - P(\text{Đối})$."
PROB_PISA_247,Tai chinh - Kinh te,SKILL_RISK_FINANCE,GiaiQuyetVanDe,ThongHieu,Một nhà đầu tư tài chính phân bổ vốn vào hai quỹ mở $F_1$ và $F_2$ hoạt động trên hai thị trường độc lập. Xác suất quỹ $F_1$ đạt mục tiêu lợi nhuận trong quý là $0.86$ và quỹ $F_2$ là $0.79$. Tính xác suất để nhà đầu tư có ít nhất một quỹ đạt mục tiêu lợi nhuận đã đề ra.,0.9286,0.9056,0.9706,0.8856,C,1.16,0.94,Xác định biến cố đối: Tình huống xấu nhất 'cả hai quỹ đều không đạt mục tiêu lợi nhuận' xảy ra với xác suất bao nhiêu?,"Vì hai quỹ hoạt động độc lập, tính xác suất biến cố đối bằng quy tắc nhân: $P(\text{Đối}) = (1 - P(F_1))(1 - P(F_2))$, sau đó lấy $1 - P(\text{Đối})$."
PROB_PISA_248,Ky thuat - San xuat,SKILL_RELIABILITY_TECH,GiaiQuyetVanDe,ThongHieu,Một nhà máy sản xuất linh kiện điện tử có hai dây chuyền $L_1$ và $L_2$ cùng sản xuất một mã sản phẩm. Dây chuyền $L_1$ chiếm $60\%$ tổng sản lượng với tỷ lệ phế phẩm là $2.0\%$; dây chuyền $L_2$ chiếm $40\%$ sản lượng với tỷ lệ phế phẩm là $3.0\%$. Chọn ngẫu nhiên một linh kiện trong kho thành phẩm. Tính xác suất linh kiện được chọn là sản phẩm đạt chuẩn chất lượng.,0.934,0.911,0.891,0.976,D,1.33,0.98,"Sử dụng công thức xác suất toàn phần để xác định tỷ lệ phế phẩm chung của toàn nhà máy: $P(\text{Phế phẩm}) = 0{,}6 \cdot P(\text{Lỗi}\mid L_1) + 0{,}4 \cdot P(\text{Lỗi}\mid L_2)$.",Áp dụng công thức biến cố đối: Xác suất sản phẩm đạt chuẩn chất lượng xuất xưởng là $P(\text{Đạt}) = 1 - P(\text{Phế phẩm})$.
PROB_PISA_249,Cong nghe thong tin,SKILL_RELIABILITY_TECH,GiaiQuyetVanDe,ThongHieu,"Một hệ thống cơ sở dữ liệu y tế trực tuyến sử dụng $3$ máy chủ đám mây hoạt động song song độc lập. Xác suất gặp sự cố gián đoạn mạng trong ngày của mỗi máy chủ lần lượt là $0.07$, $0.1$ và $0.12$. Hệ thống duy trì hoạt động bình thường nếu có ít nhất một máy chủ vận hành tốt. Tính xác suất hệ thống dữ liệu hoạt động thông suốt không bị ngắt quãng trong ngày.",0.9992,0.9572,0.9342,0.9142,A,1.14,1.02,Hệ thống chỉ bị gián đoạn toàn phần khi tất cả 3 máy chủ cùng đồng thời gặp sự cố kỹ thuật.,"Vì 3 máy chủ hoạt động độc lập, xác suất gián đoạn toàn bộ là $q_1 \cdot q_2 \cdot q_3$. Áp dụng nguyên lý biến cố đối để tìm xác suất hệ thống hoạt động thông suốt."
PROB_PISA_250,Giao thong - Logistics,SKILL_LOGISTICS,GiaiQuyetVanDe,ThongHieu,"Một kiện hàng hóa sinh học được vận chuyển qua ba cung đường độc lập: hàng không, đường sắt và vận tải nội đô. Xác suất xảy ra chậm trễ giờ ở mỗi cung đường lần lượt là $0.06$, $0.08$ và $0.1$. Tính xác suất để kiện hàng đến đích hoàn toàn đúng thời gian quy định (không trễ ở bất kỳ chặng nào).",0.8133,0.7783,0.7363,0.8363,B,1.31,1.06,"Để toàn bộ kiện hàng đến đúng hẹn, điều kiện cần và đủ là cả 3 chặng vận chuyển đều phải hoàn thành đúng giờ.","Tính xác suất đúng giờ của từng chặng: $1 - d_i$, sau đó áp dụng quy tắc nhân xác suất cho 3 biến cố độc lập liên tiếp."
PROB_PISA_251,Y te - Duoc pham,SKILL_INDEP_MEDICAL,GiaiQuyetVanDe,VanDung,"Ba nhóm bệnh nhân độc lập gồm nhóm 1, nhóm 2 và nhóm 3 được chỉ định phác đồ điều trị mới. Xác suất đáp ứng thuốc tốt của mỗi nhóm lần lượt là $0.79$, $0.92$ và $0.93$. Tính xác suất để có đúng hai trong ba nhóm đáp ứng tốt với phác đồ điều trị.",0.3243,0.2473,0.3473,0.2893,D,1.12,0.85,"Phân tích thành 3 trường hợp rời nhau (xung khắc): (nhóm 1 và 2 đạt, nhóm 3 không), (nhóm 1 và 3 đạt, nhóm 2 không), hoặc (nhóm 2 và 3 đạt, nhóm 1 không).","Áp dụng quy tắc nhân xác suất cho các biến cố độc lập trong từng trường hợp, sau đó áp dụng quy tắc cộng xác suất để tìm kết quả chung."
PROB_PISA_252,Tai chinh - Kinh te,SKILL_RISK_FINANCE,GiaiQuyetVanDe,VanDung,Một nhà đầu tư tài chính phân bổ vốn vào hai quỹ mở $F_1$ và $F_2$ hoạt động trên hai thị trường độc lập. Xác suất quỹ $F_1$ đạt mục tiêu lợi nhuận trong quý là $0.7$ và quỹ $F_2$ là $0.83$. Tính xác suất để nhà đầu tư có ít nhất một quỹ đạt mục tiêu lợi nhuận đã đề ra.,0.984,0.907,0.884,0.949,D,1.29,0.89,Xác định biến cố đối: Tình huống xấu nhất 'cả hai quỹ đều không đạt mục tiêu lợi nhuận' xảy ra với xác suất bao nhiêu?,"Vì hai quỹ hoạt động độc lập, tính xác suất biến cố đối bằng quy tắc nhân: $P(\text{Đối}) = (1 - P(F_1))(1 - P(F_2))$, sau đó lấy $1 - P(\text{Đối})$."
PROB_PISA_253,Ky thuat - San xuat,SKILL_RELIABILITY_TECH,GiaiQuyetVanDe,VanDung,Một nhà máy sản xuất linh kiện điện tử có hai dây chuyền $L_1$ và $L_2$ cùng sản xuất một mã sản phẩm. Dây chuyền $L_1$ chiếm $60\%$ tổng sản lượng với tỷ lệ phế phẩm là $2.5\%$; dây chuyền $L_2$ chiếm $40\%$ sản lượng với tỷ lệ phế phẩm là $3.5000000000000004\%$. Chọn ngẫu nhiên một linh kiện trong kho thành phẩm. Tính xác suất linh kiện được chọn là sản phẩm đạt chuẩn chất lượng.,0.971,0.929,0.906,0.886,A,1.1,0.93,"Sử dụng công thức xác suất toàn phần để xác định tỷ lệ phế phẩm chung của toàn nhà máy: $P(\text{Phế phẩm}) = 0{,}6 \cdot P(\text{Lỗi}\mid L_1) + 0{,}4 \cdot P(\text{Lỗi}\mid L_2)$.",Áp dụng công thức biến cố đối: Xác suất sản phẩm đạt chuẩn chất lượng xuất xưởng là $P(\text{Đạt}) = 1 - P(\text{Phế phẩm})$.
PROB_PISA_254,Cong nghe thong tin,SKILL_RELIABILITY_TECH,GiaiQuyetVanDe,VanDung,"Một hệ thống cơ sở dữ liệu y tế trực tuyến sử dụng $3$ máy chủ đám mây hoạt động song song độc lập. Xác suất gặp sự cố gián đoạn mạng trong ngày của mỗi máy chủ lần lượt là $0.09$, $0.12$ và $0.14$. Hệ thống duy trì hoạt động bình thường nếu có ít nhất một máy chủ vận hành tốt. Tính xác suất hệ thống dữ liệu hoạt động thông suốt không bị ngắt quãng trong ngày.",0.9565,0.9985,0.9335,0.9135,B,1.27,0.97,Hệ thống chỉ bị gián đoạn toàn phần khi tất cả 3 máy chủ cùng đồng thời gặp sự cố kỹ thuật.,"Vì 3 máy chủ hoạt động độc lập, xác suất gián đoạn toàn bộ là $q_1 \cdot q_2 \cdot q_3$. Áp dụng nguyên lý biến cố đối để tìm xác suất hệ thống hoạt động thông suốt."
PROB_PISA_255,Giao thong - Logistics,SKILL_LOGISTICS,GiaiQuyetVanDe,VanDung,"Một kiện hàng hóa sinh học được vận chuyển qua ba cung đường độc lập: hàng không, đường sắt và vận tải nội đô. Xác suất xảy ra chậm trễ giờ ở mỗi cung đường lần lượt là $0.08$, $0.1$ và $0.12$. Tính xác suất để kiện hàng đến đích hoàn toàn đúng thời gian quy định (không trễ ở bất kỳ chặng nào).",0.7636,0.6866,0.7286,0.7866,C,1.44,1.01,"Để toàn bộ kiện hàng đến đúng hẹn, điều kiện cần và đủ là cả 3 chặng vận chuyển đều phải hoàn thành đúng giờ.","Tính xác suất đúng giờ của từng chặng: $1 - d_i$, sau đó áp dụng quy tắc nhân xác suất cho 3 biến cố độc lập liên tiếp."
PROB_PISA_256,Y te - Duoc pham,SKILL_INDEP_MEDICAL,GiaiQuyetVanDe,VanDung,"Trong một nghiên cứu y khoa, ba phương pháp xét nghiệm sinh học $M_1$, $M_2$ và $M_3$ hoạt động độc lập để phát hiện kháng thể trong huyết thanh bệnh nhân. Xác suất phát hiện thành công của mỗi phương pháp lần lượt là $0.79$, $0.8$ và $0.89$. Tính xác suất để có ít nhất một phương pháp phát hiện thành công kháng thể.",0.9954,0.9534,0.9304,0.9104,A,1.25,1.05,Xác định biến cố đối: Tình huống 'cả ba phương pháp đều không phát hiện được kháng thể' xảy ra khi từng phương pháp đồng thời thất bại.,"Vì các phương pháp hoạt động độc lập, hãy tính xác suất cả 3 cùng thất bại: $P(\text{Đối}) = (1 - 0.79)(1 - 0.8)(1 - 0.89)$, sau đó tính $P = 1 - P(\text{Đối})$."
PROB_PISA_257,Tai chinh - Kinh te,SKILL_RISK_FINANCE,GiaiQuyetVanDe,VanDung,Một nhà đầu tư tài chính phân bổ vốn vào hai quỹ mở $F_1$ và $F_2$ hoạt động trên hai thị trường độc lập. Xác suất quỹ $F_1$ đạt mục tiêu lợi nhuận trong quý là $0.74$ và quỹ $F_2$ là $0.87$. Tính xác suất để nhà đầu tư có ít nhất một quỹ đạt mục tiêu lợi nhuận đã đề ra.,0.9662,0.9242,0.9012,0.8812,A,1.42,1.09,Xác định biến cố đối: Tình huống xấu nhất 'cả hai quỹ đều không đạt mục tiêu lợi nhuận' xảy ra với xác suất bao nhiêu?,"Vì hai quỹ hoạt động độc lập, tính xác suất biến cố đối bằng quy tắc nhân: $P(\text{Đối}) = (1 - P(F_1))(1 - P(F_2))$, sau đó lấy $1 - P(\text{Đối})$."
PROB_PISA_258,Ky thuat - San xuat,SKILL_RELIABILITY_TECH,GiaiQuyetVanDe,VanDung,Một nhà máy sản xuất linh kiện điện tử có hai dây chuyền $L_1$ và $L_2$ cùng sản xuất một mã sản phẩm. Dây chuyền $L_1$ chiếm $60\%$ tổng sản lượng với tỷ lệ phế phẩm là $3.0\%$; dây chuyền $L_2$ chiếm $40\%$ sản lượng với tỷ lệ phế phẩm là $2.5\%$. Chọn ngẫu nhiên một linh kiện trong kho thành phẩm. Tính xác suất linh kiện được chọn là sản phẩm đạt chuẩn chất lượng.,0.93,0.972,0.907,0.887,B,1.23,1.13,"Sử dụng công thức xác suất toàn phần để xác định tỷ lệ phế phẩm chung của toàn nhà máy: $P(\text{Phế phẩm}) = 0{,}6 \cdot P(\text{Lỗi}\mid L_1) + 0{,}4 \cdot P(\text{Lỗi}\mid L_2)$.",Áp dụng công thức biến cố đối: Xác suất sản phẩm đạt chuẩn chất lượng xuất xưởng là $P(\text{Đạt}) = 1 - P(\text{Phế phẩm})$.
PROB_PISA_259,Cong nghe thong tin,SKILL_RELIABILITY_TECH,GiaiQuyetVanDe,VanDung,"Một hệ thống cơ sở dữ liệu y tế trực tuyến sử dụng $3$ máy chủ đám mây hoạt động song song độc lập. Xác suất gặp sự cố gián đoạn mạng trong ngày của mỗi máy chủ lần lượt là $0.11$, $0.08$ và $0.1$. Hệ thống duy trì hoạt động bình thường nếu có ít nhất một máy chủ vận hành tốt. Tính xác suất hệ thống dữ liệu hoạt động thông suốt không bị ngắt quãng trong ngày.",0.9571,0.9341,0.9991,0.9141,C,1.4,1.17,Hệ thống chỉ bị gián đoạn toàn phần khi tất cả 3 máy chủ cùng đồng thời gặp sự cố kỹ thuật.,"Vì 3 máy chủ hoạt động độc lập, xác suất gián đoạn toàn bộ là $q_1 \cdot q_2 \cdot q_3$. Áp dụng nguyên lý biến cố đối để tìm xác suất hệ thống hoạt động thông suốt."
PROB_PISA_260,Giao thong - Logistics,SKILL_LOGISTICS,GiaiQuyetVanDe,VanDung,"Một kiện hàng hóa sinh học được vận chuyển qua ba cung đường độc lập: hàng không, đường sắt và vận tải nội đô. Xác suất xảy ra chậm trễ giờ ở mỗi cung đường lần lượt là $0.04$, $0.06$ và $0.14$. Tính xác suất để kiện hàng đến đích hoàn toàn đúng thời gian quy định (không trễ ở bất kỳ chặng nào).",0.8111,0.7341,0.8341,0.7761,D,1.21,1.21,"Để toàn bộ kiện hàng đến đúng hẹn, điều kiện cần và đủ là cả 3 chặng vận chuyển đều phải hoàn thành đúng giờ.","Tính xác suất đúng giờ của từng chặng: $1 - d_i$, sau đó áp dụng quy tắc nhân xác suất cho 3 biến cố độc lập liên tiếp."
PROB_PISA_261,Y te - Duoc pham,SKILL_INDEP_MEDICAL,GiaiQuyetVanDe,VanDung,"Ba nhóm bệnh nhân độc lập gồm nhóm 1, nhóm 2 và nhóm 3 được chỉ định phác đồ điều trị mới. Xác suất đáp ứng thuốc tốt của mỗi nhóm lần lượt là $0.79$, $0.84$ và $0.85$. Tính xác suất để có đúng hai trong ba nhóm đáp ứng tốt với phác đồ điều trị.",0.3919,0.3569,0.3149,0.4149,B,1.38,1.25,"Phân tích thành 3 trường hợp rời nhau (xung khắc): (nhóm 1 và 2 đạt, nhóm 3 không), (nhóm 1 và 3 đạt, nhóm 2 không), hoặc (nhóm 2 và 3 đạt, nhóm 1 không).","Áp dụng quy tắc nhân xác suất cho các biến cố độc lập trong từng trường hợp, sau đó áp dụng quy tắc cộng xác suất để tìm kết quả chung."
PROB_PISA_262,Tai chinh - Kinh te,SKILL_RISK_FINANCE,GiaiQuyetVanDe,VanDung,Một nhà đầu tư tài chính phân bổ vốn vào hai quỹ mở $F_1$ và $F_2$ hoạt động trên hai thị trường độc lập. Xác suất quỹ $F_1$ đạt mục tiêu lợi nhuận trong quý là $0.78$ và quỹ $F_2$ là $0.75$. Tính xác suất để nhà đầu tư có ít nhất một quỹ đạt mục tiêu lợi nhuận đã đề ra.,0.98,0.945,0.903,0.88,B,1.19,1.29,Xác định biến cố đối: Tình huống xấu nhất 'cả hai quỹ đều không đạt mục tiêu lợi nhuận' xảy ra với xác suất bao nhiêu?,"Vì hai quỹ hoạt động độc lập, tính xác suất biến cố đối bằng quy tắc nhân: $P(\text{Đối}) = (1 - P(F_1))(1 - P(F_2))$, sau đó lấy $1 - P(\text{Đối})$."
PROB_PISA_263,Ky thuat - San xuat,SKILL_RELIABILITY_TECH,GiaiQuyetVanDe,VanDung,Một nhà máy sản xuất linh kiện điện tử có hai dây chuyền $L_1$ và $L_2$ cùng sản xuất một mã sản phẩm. Dây chuyền $L_1$ chiếm $60\%$ tổng sản lượng với tỷ lệ phế phẩm là $1.5\%$; dây chuyền $L_2$ chiếm $40\%$ sản lượng với tỷ lệ phế phẩm là $3.0\%$. Chọn ngẫu nhiên một linh kiện trong kho thành phẩm. Tính xác suất linh kiện được chọn là sản phẩm đạt chuẩn chất lượng.,0.937,0.914,0.979,0.894,C,1.36,1.33,"Sử dụng công thức xác suất toàn phần để xác định tỷ lệ phế phẩm chung của toàn nhà máy: $P(\text{Phế phẩm}) = 0{,}6 \cdot P(\text{Lỗi}\mid L_1) + 0{,}4 \cdot P(\text{Lỗi}\mid L_2)$.",Áp dụng công thức biến cố đối: Xác suất sản phẩm đạt chuẩn chất lượng xuất xưởng là $P(\text{Đạt}) = 1 - P(\text{Phế phẩm})$.
PROB_PISA_264,Cong nghe thong tin,SKILL_RELIABILITY_TECH,GiaiQuyetVanDe,VanDung,"Một hệ thống cơ sở dữ liệu y tế trực tuyến sử dụng $3$ máy chủ đám mây hoạt động song song độc lập. Xác suất gặp sự cố gián đoạn mạng trong ngày của mỗi máy chủ lần lượt là $0.05$, $0.1$ và $0.12$. Hệ thống duy trì hoạt động bình thường nếu có ít nhất một máy chủ vận hành tốt. Tính xác suất hệ thống dữ liệu hoạt động thông suốt không bị ngắt quãng trong ngày.",0.9574,0.9344,0.9144,0.9994,D,1.17,1.37,Hệ thống chỉ bị gián đoạn toàn phần khi tất cả 3 máy chủ cùng đồng thời gặp sự cố kỹ thuật.,"Vì 3 máy chủ hoạt động độc lập, xác suất gián đoạn toàn bộ là $q_1 \cdot q_2 \cdot q_3$. Áp dụng nguyên lý biến cố đối để tìm xác suất hệ thống hoạt động thông suốt."
PROB_PISA_265,Giao thong - Logistics,SKILL_LOGISTICS,GiaiQuyetVanDe,VanDung,"Một kiện hàng hóa sinh học được vận chuyển qua ba cung đường độc lập: hàng không, đường sắt và vận tải nội đô. Xác suất xảy ra chậm trễ giờ ở mỗi cung đường lần lượt là $0.06$, $0.08$ và $0.08$. Tính xác suất để kiện hàng đến đích hoàn toàn đúng thời gian quy định (không trễ ở bất kỳ chặng nào).",0.7956,0.8306,0.7536,0.8536,A,1.34,1.41,"Để toàn bộ kiện hàng đến đúng hẹn, điều kiện cần và đủ là cả 3 chặng vận chuyển đều phải hoàn thành đúng giờ.","Tính xác suất đúng giờ của từng chặng: $1 - d_i$, sau đó áp dụng quy tắc nhân xác suất cho 3 biến cố độc lập liên tiếp."
PROB_PISA_266,Y te - Duoc pham,SKILL_INDEP_MEDICAL,GiaiQuyetVanDe,VanDung,"Trong một nghiên cứu y khoa, ba phương pháp xét nghiệm sinh học $M_1$, $M_2$ và $M_3$ hoạt động độc lập để phát hiện kháng thể trong huyết thanh bệnh nhân. Xác suất phát hiện thành công của mỗi phương pháp lần lượt là $0.79$, $0.88$ và $0.93$. Tính xác suất để có ít nhất một phương pháp phát hiện thành công kháng thể.",0.9562,0.9332,0.9982,0.9132,C,1.15,1.45,Xác định biến cố đối: Tình huống 'cả ba phương pháp đều không phát hiện được kháng thể' xảy ra khi từng phương pháp đồng thời thất bại.,"Vì các phương pháp hoạt động độc lập, hãy tính xác suất cả 3 cùng thất bại: $P(\text{Đối}) = (1 - 0.79)(1 - 0.88)(1 - 0.93)$, sau đó tính $P = 1 - P(\text{Đối})$."
PROB_PISA_267,Tai chinh - Kinh te,SKILL_RISK_FINANCE,GiaiQuyetVanDe,VanDung,Một nhà đầu tư tài chính phân bổ vốn vào hai quỹ mở $F_1$ và $F_2$ hoạt động trên hai thị trường độc lập. Xác suất quỹ $F_1$ đạt mục tiêu lợi nhuận trong quý là $0.82$ và quỹ $F_2$ là $0.79$. Tính xác suất để nhà đầu tư có ít nhất một quỹ đạt mục tiêu lợi nhuận đã đề ra.,0.9972,0.9202,0.9622,0.8972,C,1.32,1.49,Xác định biến cố đối: Tình huống xấu nhất 'cả hai quỹ đều không đạt mục tiêu lợi nhuận' xảy ra với xác suất bao nhiêu?,"Vì hai quỹ hoạt động độc lập, tính xác suất biến cố đối bằng quy tắc nhân: $P(\text{Đối}) = (1 - P(F_1))(1 - P(F_2))$, sau đó lấy $1 - P(\text{Đối})$."
PROB_PISA_268,Ky thuat - San xuat,SKILL_RELIABILITY_TECH,GiaiQuyetVanDe,VanDung,Một nhà máy sản xuất linh kiện điện tử có hai dây chuyền $L_1$ và $L_2$ cùng sản xuất một mã sản phẩm. Dây chuyền $L_1$ chiếm $60\%$ tổng sản lượng với tỷ lệ phế phẩm là $2.0\%$; dây chuyền $L_2$ chiếm $40\%$ sản lượng với tỷ lệ phế phẩm là $3.5000000000000004\%$. Chọn ngẫu nhiên một linh kiện trong kho thành phẩm. Tính xác suất linh kiện được chọn là sản phẩm đạt chuẩn chất lượng.,0.932,0.909,0.889,0.974,D,1.13,1.53,"Sử dụng công thức xác suất toàn phần để xác định tỷ lệ phế phẩm chung của toàn nhà máy: $P(\text{Phế phẩm}) = 0{,}6 \cdot P(\text{Lỗi}\mid L_1) + 0{,}4 \cdot P(\text{Lỗi}\mid L_2)$.",Áp dụng công thức biến cố đối: Xác suất sản phẩm đạt chuẩn chất lượng xuất xưởng là $P(\text{Đạt}) = 1 - P(\text{Phế phẩm})$.
PROB_PISA_269,Cong nghe thong tin,SKILL_RELIABILITY_TECH,GiaiQuyetVanDe,VanDung,"Một hệ thống cơ sở dữ liệu y tế trực tuyến sử dụng $3$ máy chủ đám mây hoạt động song song độc lập. Xác suất gặp sự cố gián đoạn mạng trong ngày của mỗi máy chủ lần lượt là $0.07$, $0.12$ và $0.14$. Hệ thống duy trì hoạt động bình thường nếu có ít nhất một máy chủ vận hành tốt. Tính xác suất hệ thống dữ liệu hoạt động thông suốt không bị ngắt quãng trong ngày.",0.9988,0.9568,0.9338,0.9138,A,1.3,1.57,Hệ thống chỉ bị gián đoạn toàn phần khi tất cả 3 máy chủ cùng đồng thời gặp sự cố kỹ thuật.,"Vì 3 máy chủ hoạt động độc lập, xác suất gián đoạn toàn bộ là $q_1 \cdot q_2 \cdot q_3$. Áp dụng nguyên lý biến cố đối để tìm xác suất hệ thống hoạt động thông suốt."
PROB_PISA_270,Giao thong - Logistics,SKILL_LOGISTICS,GiaiQuyetVanDe,VanDung,"Một kiện hàng hóa sinh học được vận chuyển qua ba cung đường độc lập: hàng không, đường sắt và vận tải nội đô. Xác suất xảy ra chậm trễ giờ ở mỗi cung đường lần lượt là $0.08$, $0.1$ và $0.1$. Tính xác suất để kiện hàng đến đích hoàn toàn đúng thời gian quy định (không trễ ở bất kỳ chặng nào).",0.7802,0.7452,0.7032,0.8032,B,1.11,1.61,"Để toàn bộ kiện hàng đến đúng hẹn, điều kiện cần và đủ là cả 3 chặng vận chuyển đều phải hoàn thành đúng giờ.","Tính xác suất đúng giờ của từng chặng: $1 - d_i$, sau đó áp dụng quy tắc nhân xác suất cho 3 biến cố độc lập liên tiếp."
PROB_PISA_271,Y te - Duoc pham,SKILL_INDEP_MEDICAL,GiaiQuyetVanDe,VanDung,"Ba nhóm bệnh nhân độc lập gồm nhóm 1, nhóm 2 và nhóm 3 được chỉ định phác đồ điều trị mới. Xác suất đáp ứng thuốc tốt của mỗi nhóm lần lượt là $0.79$, $0.92$ và $0.89$. Tính xác suất để có đúng hai trong ba nhóm đáp ứng tốt với phác đồ điều trị.",0.3431,0.2661,0.3661,0.3081,D,1.28,1.65,"Phân tích thành 3 trường hợp rời nhau (xung khắc): (nhóm 1 và 2 đạt, nhóm 3 không), (nhóm 1 và 3 đạt, nhóm 2 không), hoặc (nhóm 2 và 3 đạt, nhóm 1 không).","Áp dụng quy tắc nhân xác suất cho các biến cố độc lập trong từng trường hợp, sau đó áp dụng quy tắc cộng xác suất để tìm kết quả chung."
PROB_PISA_272,Tai chinh - Kinh te,SKILL_RISK_FINANCE,GiaiQuyetVanDe,VanDung,Một nhà đầu tư tài chính phân bổ vốn vào hai quỹ mở $F_1$ và $F_2$ hoạt động trên hai thị trường độc lập. Xác suất quỹ $F_1$ đạt mục tiêu lợi nhuận trong quý là $0.86$ và quỹ $F_2$ là $0.83$. Tính xác suất để nhà đầu tư có ít nhất một quỹ đạt mục tiêu lợi nhuận đã đề ra.,0.9342,0.9112,0.8912,0.9762,D,1.45,1.69,Xác định biến cố đối: Tình huống xấu nhất 'cả hai quỹ đều không đạt mục tiêu lợi nhuận' xảy ra với xác suất bao nhiêu?,"Vì hai quỹ hoạt động độc lập, tính xác suất biến cố đối bằng quy tắc nhân: $P(\text{Đối}) = (1 - P(F_1))(1 - P(F_2))$, sau đó lấy $1 - P(\text{Đối})$."
PROB_PISA_273,Ky thuat - San xuat,SKILL_RELIABILITY_TECH,GiaiQuyetVanDe,VanDung,Một nhà máy sản xuất linh kiện điện tử có hai dây chuyền $L_1$ và $L_2$ cùng sản xuất một mã sản phẩm. Dây chuyền $L_1$ chiếm $60\%$ tổng sản lượng với tỷ lệ phế phẩm là $2.5\%$; dây chuyền $L_2$ chiếm $40\%$ sản lượng với tỷ lệ phế phẩm là $2.5\%$. Chọn ngẫu nhiên một linh kiện trong kho thành phẩm. Tính xác suất linh kiện được chọn là sản phẩm đạt chuẩn chất lượng.,0.975,0.933,0.91,0.89,A,1.26,1.73,"Sử dụng công thức xác suất toàn phần để xác định tỷ lệ phế phẩm chung của toàn nhà máy: $P(\text{Phế phẩm}) = 0{,}6 \cdot P(\text{Lỗi}\mid L_1) + 0{,}4 \cdot P(\text{Lỗi}\mid L_2)$.",Áp dụng công thức biến cố đối: Xác suất sản phẩm đạt chuẩn chất lượng xuất xưởng là $P(\text{Đạt}) = 1 - P(\text{Phế phẩm})$.
PROB_PISA_274,Cong nghe thong tin,SKILL_RELIABILITY_TECH,GiaiQuyetVanDe,VanDung,"Một hệ thống cơ sở dữ liệu y tế trực tuyến sử dụng $3$ máy chủ đám mây hoạt động song song độc lập. Xác suất gặp sự cố gián đoạn mạng trong ngày của mỗi máy chủ lần lượt là $0.09$, $0.08$ và $0.1$. Hệ thống duy trì hoạt động bình thường nếu có ít nhất một máy chủ vận hành tốt. Tính xác suất hệ thống dữ liệu hoạt động thông suốt không bị ngắt quãng trong ngày.",0.9573,0.9993,0.9343,0.9143,B,1.43,1.77,Hệ thống chỉ bị gián đoạn toàn phần khi tất cả 3 máy chủ cùng đồng thời gặp sự cố kỹ thuật.,"Vì 3 máy chủ hoạt động độc lập, xác suất gián đoạn toàn bộ là $q_1 \cdot q_2 \cdot q_3$. Áp dụng nguyên lý biến cố đối để tìm xác suất hệ thống hoạt động thông suốt."
PROB_PISA_275,Giao thong - Logistics,SKILL_LOGISTICS,GiaiQuyetVanDe,VanDung,"Một kiện hàng hóa sinh học được vận chuyển qua ba cung đường độc lập: hàng không, đường sắt và vận tải nội đô. Xác suất xảy ra chậm trễ giờ ở mỗi cung đường lần lượt là $0.04$, $0.06$ và $0.12$. Tính xác suất để kiện hàng đến đích hoàn toàn đúng thời gian quy định (không trễ ở bất kỳ chặng nào).",0.8291,0.7521,0.7941,0.8521,C,1.24,1.81,"Để toàn bộ kiện hàng đến đúng hẹn, điều kiện cần và đủ là cả 3 chặng vận chuyển đều phải hoàn thành đúng giờ.","Tính xác suất đúng giờ của từng chặng: $1 - d_i$, sau đó áp dụng quy tắc nhân xác suất cho 3 biến cố độc lập liên tiếp."
PROB_PISA_276,Y te - Duoc pham,SKILL_INDEP_MEDICAL,GiaiQuyetVanDe,VanDung,"Trong một nghiên cứu y khoa, ba phương pháp xét nghiệm sinh học $M_1$, $M_2$ và $M_3$ hoạt động độc lập để phát hiện kháng thể trong huyết thanh bệnh nhân. Xác suất phát hiện thành công của mỗi phương pháp lần lượt là $0.79$, $0.8$ và $0.85$. Tính xác suất để có ít nhất một phương pháp phát hiện thành công kháng thể.",0.9937,0.9517,0.9287,0.9087,A,1.41,0.85,Xác định biến cố đối: Tình huống 'cả ba phương pháp đều không phát hiện được kháng thể' xảy ra khi từng phương pháp đồng thời thất bại.,"Vì các phương pháp hoạt động độc lập, hãy tính xác suất cả 3 cùng thất bại: $P(\text{Đối}) = (1 - 0.79)(1 - 0.8)(1 - 0.85)$, sau đó tính $P = 1 - P(\text{Đối})$."
PROB_PISA_277,Tai chinh - Kinh te,SKILL_RISK_FINANCE,GiaiQuyetVanDe,VanDung,Một nhà đầu tư tài chính phân bổ vốn vào hai quỹ mở $F_1$ và $F_2$ hoạt động trên hai thị trường độc lập. Xác suất quỹ $F_1$ đạt mục tiêu lợi nhuận trong quý là $0.7$ và quỹ $F_2$ là $0.87$. Tính xác suất để nhà đầu tư có ít nhất một quỹ đạt mục tiêu lợi nhuận đã đề ra.,0.961,0.996,0.919,0.896,A,1.22,0.89,Xác định biến cố đối: Tình huống xấu nhất 'cả hai quỹ đều không đạt mục tiêu lợi nhuận' xảy ra với xác suất bao nhiêu?,"Vì hai quỹ hoạt động độc lập, tính xác suất biến cố đối bằng quy tắc nhân: $P(\text{Đối}) = (1 - P(F_1))(1 - P(F_2))$, sau đó lấy $1 - P(\text{Đối})$."
PROB_PISA_278,Ky thuat - San xuat,SKILL_RELIABILITY_TECH,GiaiQuyetVanDe,VanDung,Một nhà máy sản xuất linh kiện điện tử có hai dây chuyền $L_1$ và $L_2$ cùng sản xuất một mã sản phẩm. Dây chuyền $L_1$ chiếm $60\%$ tổng sản lượng với tỷ lệ phế phẩm là $3.0\%$; dây chuyền $L_2$ chiếm $40\%$ sản lượng với tỷ lệ phế phẩm là $3.0\%$. Chọn ngẫu nhiên một linh kiện trong kho thành phẩm. Tính xác suất linh kiện được chọn là sản phẩm đạt chuẩn chất lượng.,0.928,0.97,0.905,0.885,B,1.39,0.93,"Sử dụng công thức xác suất toàn phần để xác định tỷ lệ phế phẩm chung của toàn nhà máy: $P(\text{Phế phẩm}) = 0{,}6 \cdot P(\text{Lỗi}\mid L_1) + 0{,}4 \cdot P(\text{Lỗi}\mid L_2)$.",Áp dụng công thức biến cố đối: Xác suất sản phẩm đạt chuẩn chất lượng xuất xưởng là $P(\text{Đạt}) = 1 - P(\text{Phế phẩm})$.
PROB_PISA_279,Cong nghe thong tin,SKILL_RELIABILITY_TECH,GiaiQuyetVanDe,VanDung,"Một hệ thống cơ sở dữ liệu y tế trực tuyến sử dụng $3$ máy chủ đám mây hoạt động song song độc lập. Xác suất gặp sự cố gián đoạn mạng trong ngày của mỗi máy chủ lần lượt là $0.11$, $0.1$ và $0.12$. Hệ thống duy trì hoạt động bình thường nếu có ít nhất một máy chủ vận hành tốt. Tính xác suất hệ thống dữ liệu hoạt động thông suốt không bị ngắt quãng trong ngày.",0.9567,0.9337,0.9987,0.9137,C,1.2,0.97,Hệ thống chỉ bị gián đoạn toàn phần khi tất cả 3 máy chủ cùng đồng thời gặp sự cố kỹ thuật.,"Vì 3 máy chủ hoạt động độc lập, xác suất gián đoạn toàn bộ là $q_1 \cdot q_2 \cdot q_3$. Áp dụng nguyên lý biến cố đối để tìm xác suất hệ thống hoạt động thông suốt."
PROB_PISA_280,Giao thong - Logistics,SKILL_LOGISTICS,GiaiQuyetVanDe,VanDung,"Một kiện hàng hóa sinh học được vận chuyển qua ba cung đường độc lập: hàng không, đường sắt và vận tải nội đô. Xác suất xảy ra chậm trễ giờ ở mỗi cung đường lần lượt là $0.06$, $0.08$ và $0.14$. Tính xác suất để kiện hàng đến đích hoàn toàn đúng thời gian quy định (không trễ ở bất kỳ chặng nào).",0.7787,0.7017,0.8017,0.7437,D,1.37,1.01,"Để toàn bộ kiện hàng đến đúng hẹn, điều kiện cần và đủ là cả 3 chặng vận chuyển đều phải hoàn thành đúng giờ.","Tính xác suất đúng giờ của từng chặng: $1 - d_i$, sau đó áp dụng quy tắc nhân xác suất cho 3 biến cố độc lập liên tiếp."
PROB_PISA_281,Y te - Duoc pham,SKILL_INDEP_MEDICAL,GiaiQuyetVanDe,VanDung,"Ba nhóm bệnh nhân độc lập gồm nhóm 1, nhóm 2 và nhóm 3 được chỉ định phác đồ điều trị mới. Xác suất đáp ứng thuốc tốt của mỗi nhóm lần lượt là $0.79$, $0.84$ và $0.93$. Tính xác suất để có đúng hai trong ba nhóm đáp ứng tốt với phác đồ điều trị.",0.3631,0.3281,0.2861,0.3861,B,1.18,1.05,"Phân tích thành 3 trường hợp rời nhau (xung khắc): (nhóm 1 và 2 đạt, nhóm 3 không), (nhóm 1 và 3 đạt, nhóm 2 không), hoặc (nhóm 2 và 3 đạt, nhóm 1 không).","Áp dụng quy tắc nhân xác suất cho các biến cố độc lập trong từng trường hợp, sau đó áp dụng quy tắc cộng xác suất để tìm kết quả chung."
PROB_PISA_282,Tai chinh - Kinh te,SKILL_RISK_FINANCE,GiaiQuyetVanDe,VanDung,Một nhà đầu tư tài chính phân bổ vốn vào hai quỹ mở $F_1$ và $F_2$ hoạt động trên hai thị trường độc lập. Xác suất quỹ $F_1$ đạt mục tiêu lợi nhuận trong quý là $0.74$ và quỹ $F_2$ là $0.75$. Tính xác suất để nhà đầu tư có ít nhất một quỹ đạt mục tiêu lợi nhuận đã đề ra.,0.97,0.935,0.893,0.993,B,1.35,1.09,Xác định biến cố đối: Tình huống xấu nhất 'cả hai quỹ đều không đạt mục tiêu lợi nhuận' xảy ra với xác suất bao nhiêu?,"Vì hai quỹ hoạt động độc lập, tính xác suất biến cố đối bằng quy tắc nhân: $P(\text{Đối}) = (1 - P(F_1))(1 - P(F_2))$, sau đó lấy $1 - P(\text{Đối})$."
PROB_PISA_283,Ky thuat - San xuat,SKILL_RELIABILITY_TECH,GiaiQuyetVanDe,VanDung,Một nhà máy sản xuất linh kiện điện tử có hai dây chuyền $L_1$ và $L_2$ cùng sản xuất một mã sản phẩm. Dây chuyền $L_1$ chiếm $60\%$ tổng sản lượng với tỷ lệ phế phẩm là $1.5\%$; dây chuyền $L_2$ chiếm $40\%$ sản lượng với tỷ lệ phế phẩm là $3.5000000000000004\%$. Chọn ngẫu nhiên một linh kiện trong kho thành phẩm. Tính xác suất linh kiện được chọn là sản phẩm đạt chuẩn chất lượng.,0.935,0.912,0.977,0.892,C,1.16,1.13,"Sử dụng công thức xác suất toàn phần để xác định tỷ lệ phế phẩm chung của toàn nhà máy: $P(\text{Phế phẩm}) = 0{,}6 \cdot P(\text{Lỗi}\mid L_1) + 0{,}4 \cdot P(\text{Lỗi}\mid L_2)$.",Áp dụng công thức biến cố đối: Xác suất sản phẩm đạt chuẩn chất lượng xuất xưởng là $P(\text{Đạt}) = 1 - P(\text{Phế phẩm})$.
PROB_PISA_284,Cong nghe thong tin,SKILL_RELIABILITY_TECH,GiaiQuyetVanDe,VanDung,"Một hệ thống cơ sở dữ liệu y tế trực tuyến sử dụng $3$ máy chủ đám mây hoạt động song song độc lập. Xác suất gặp sự cố gián đoạn mạng trong ngày của mỗi máy chủ lần lượt là $0.05$, $0.12$ và $0.14$. Hệ thống duy trì hoạt động bình thường nếu có ít nhất một máy chủ vận hành tốt. Tính xác suất hệ thống dữ liệu hoạt động thông suốt không bị ngắt quãng trong ngày.",0.9572,0.9342,0.9142,0.9992,D,1.33,1.17,Hệ thống chỉ bị gián đoạn toàn phần khi tất cả 3 máy chủ cùng đồng thời gặp sự cố kỹ thuật.,"Vì 3 máy chủ hoạt động độc lập, xác suất gián đoạn toàn bộ là $q_1 \cdot q_2 \cdot q_3$. Áp dụng nguyên lý biến cố đối để tìm xác suất hệ thống hoạt động thông suốt."
PROB_PISA_285,Giao thong - Logistics,SKILL_LOGISTICS,GiaiQuyetVanDe,VanDung,"Một kiện hàng hóa sinh học được vận chuyển qua ba cung đường độc lập: hàng không, đường sắt và vận tải nội đô. Xác suất xảy ra chậm trễ giờ ở mỗi cung đường lần lượt là $0.08$, $0.1$ và $0.08$. Tính xác suất để kiện hàng đến đích hoàn toàn đúng thời gian quy định (không trễ ở bất kỳ chặng nào).",0.7618,0.7968,0.7198,0.8198,A,1.14,1.21,"Để toàn bộ kiện hàng đến đúng hẹn, điều kiện cần và đủ là cả 3 chặng vận chuyển đều phải hoàn thành đúng giờ.","Tính xác suất đúng giờ của từng chặng: $1 - d_i$, sau đó áp dụng quy tắc nhân xác suất cho 3 biến cố độc lập liên tiếp."
PROB_PISA_286,Y te - Duoc pham,SKILL_INDEP_MEDICAL,GiaiQuyetVanDe,VanDung,"Trong một nghiên cứu y khoa, ba phương pháp xét nghiệm sinh học $M_1$, $M_2$ và $M_3$ hoạt động độc lập để phát hiện kháng thể trong huyết thanh bệnh nhân. Xác suất phát hiện thành công của mỗi phương pháp lần lượt là $0.79$, $0.88$ và $0.89$. Tính xác suất để có ít nhất một phương pháp phát hiện thành công kháng thể.",0.9552,0.9322,0.9972,0.9122,C,1.31,1.25,Xác định biến cố đối: Tình huống 'cả ba phương pháp đều không phát hiện được kháng thể' xảy ra khi từng phương pháp đồng thời thất bại.,"Vì các phương pháp hoạt động độc lập, hãy tính xác suất cả 3 cùng thất bại: $P(\text{Đối}) = (1 - 0.79)(1 - 0.88)(1 - 0.89)$, sau đó tính $P = 1 - P(\text{Đối})$."
PROB_PISA_287,Tai chinh - Kinh te,SKILL_RISK_FINANCE,GiaiQuyetVanDe,VanDung,Một nhà đầu tư tài chính phân bổ vốn vào hai quỹ mở $F_1$ và $F_2$ hoạt động trên hai thị trường độc lập. Xác suất quỹ $F_1$ đạt mục tiêu lợi nhuận trong quý là $0.78$ và quỹ $F_2$ là $0.79$. Tính xác suất để nhà đầu tư có ít nhất một quỹ đạt mục tiêu lợi nhuận đã đề ra.,0.9888,0.9118,0.9538,0.8888,C,1.12,1.29,Xác định biến cố đối: Tình huống xấu nhất 'cả hai quỹ đều không đạt mục tiêu lợi nhuận' xảy ra với xác suất bao nhiêu?,"Vì hai quỹ hoạt động độc lập, tính xác suất biến cố đối bằng quy tắc nhân: $P(\text{Đối}) = (1 - P(F_1))(1 - P(F_2))$, sau đó lấy $1 - P(\text{Đối})$."
PROB_PISA_288,Ky thuat - San xuat,SKILL_RELIABILITY_TECH,GiaiQuyetVanDe,VanDung,Một nhà máy sản xuất linh kiện điện tử có hai dây chuyền $L_1$ và $L_2$ cùng sản xuất một mã sản phẩm. Dây chuyền $L_1$ chiếm $60\%$ tổng sản lượng với tỷ lệ phế phẩm là $2.0\%$; dây chuyền $L_2$ chiếm $40\%$ sản lượng với tỷ lệ phế phẩm là $2.5\%$. Chọn ngẫu nhiên một linh kiện trong kho thành phẩm. Tính xác suất linh kiện được chọn là sản phẩm đạt chuẩn chất lượng.,0.936,0.913,0.893,0.978,D,1.29,1.33,"Sử dụng công thức xác suất toàn phần để xác định tỷ lệ phế phẩm chung của toàn nhà máy: $P(\text{Phế phẩm}) = 0{,}6 \cdot P(\text{Lỗi}\mid L_1) + 0{,}4 \cdot P(\text{Lỗi}\mid L_2)$.",Áp dụng công thức biến cố đối: Xác suất sản phẩm đạt chuẩn chất lượng xuất xưởng là $P(\text{Đạt}) = 1 - P(\text{Phế phẩm})$.
PROB_PISA_289,Cong nghe thong tin,SKILL_RELIABILITY_TECH,GiaiQuyetVanDe,VanDung,"Một hệ thống cơ sở dữ liệu y tế trực tuyến sử dụng $3$ máy chủ đám mây hoạt động song song độc lập. Xác suất gặp sự cố gián đoạn mạng trong ngày của mỗi máy chủ lần lượt là $0.07$, $0.08$ và $0.1$. Hệ thống duy trì hoạt động bình thường nếu có ít nhất một máy chủ vận hành tốt. Tính xác suất hệ thống dữ liệu hoạt động thông suốt không bị ngắt quãng trong ngày.",0.9994,0.9574,0.9344,0.9144,A,1.1,1.37,Hệ thống chỉ bị gián đoạn toàn phần khi tất cả 3 máy chủ cùng đồng thời gặp sự cố kỹ thuật.,"Vì 3 máy chủ hoạt động độc lập, xác suất gián đoạn toàn bộ là $q_1 \cdot q_2 \cdot q_3$. Áp dụng nguyên lý biến cố đối để tìm xác suất hệ thống hoạt động thông suốt."
PROB_PISA_290,Giao thong - Logistics,SKILL_LOGISTICS,GiaiQuyetVanDe,VanDung,"Một kiện hàng hóa sinh học được vận chuyển qua ba cung đường độc lập: hàng không, đường sắt và vận tải nội đô. Xác suất xảy ra chậm trễ giờ ở mỗi cung đường lần lượt là $0.04$, $0.06$ và $0.1$. Tính xác suất để kiện hàng đến đích hoàn toàn đúng thời gian quy định (không trễ ở bất kỳ chặng nào).",0.8472,0.8122,0.7702,0.8702,B,1.27,1.41,"Để toàn bộ kiện hàng đến đúng hẹn, điều kiện cần và đủ là cả 3 chặng vận chuyển đều phải hoàn thành đúng giờ.","Tính xác suất đúng giờ của từng chặng: $1 - d_i$, sau đó áp dụng quy tắc nhân xác suất cho 3 biến cố độc lập liên tiếp."
PROB_PISA_291,Y te - Duoc pham,SKILL_INDEP_MEDICAL,GiaiQuyetVanDe,VanDung,"Ba nhóm bệnh nhân độc lập gồm nhóm 1, nhóm 2 và nhóm 3 được chỉ định phác đồ điều trị mới. Xác suất đáp ứng thuốc tốt của mỗi nhóm lần lượt là $0.79$, $0.92$ và $0.85$. Tính xác suất để có đúng hai trong ba nhóm đáp ứng tốt với phác đồ điều trị.",0.362,0.285,0.385,0.327,D,1.44,1.45,"Phân tích thành 3 trường hợp rời nhau (xung khắc): (nhóm 1 và 2 đạt, nhóm 3 không), (nhóm 1 và 3 đạt, nhóm 2 không), hoặc (nhóm 2 và 3 đạt, nhóm 1 không).","Áp dụng quy tắc nhân xác suất cho các biến cố độc lập trong từng trường hợp, sau đó áp dụng quy tắc cộng xác suất để tìm kết quả chung."
PROB_PISA_292,Tai chinh - Kinh te,SKILL_RISK_FINANCE,GiaiQuyetVanDe,VanDung,Một nhà đầu tư tài chính phân bổ vốn vào hai quỹ mở $F_1$ và $F_2$ hoạt động trên hai thị trường độc lập. Xác suất quỹ $F_1$ đạt mục tiêu lợi nhuận trong quý là $0.82$ và quỹ $F_2$ là $0.83$. Tính xác suất để nhà đầu tư có ít nhất một quỹ đạt mục tiêu lợi nhuận đã đề ra.,0.9274,0.9044,0.8844,0.9694,D,1.25,1.49,Xác định biến cố đối: Tình huống xấu nhất 'cả hai quỹ đều không đạt mục tiêu lợi nhuận' xảy ra với xác suất bao nhiêu?,"Vì hai quỹ hoạt động độc lập, tính xác suất biến cố đối bằng quy tắc nhân: $P(\text{Đối}) = (1 - P(F_1))(1 - P(F_2))$, sau đó lấy $1 - P(\text{Đối})$."
PROB_PISA_293,Ky thuat - San xuat,SKILL_RELIABILITY_TECH,GiaiQuyetVanDe,VanDung,Một nhà máy sản xuất linh kiện điện tử có hai dây chuyền $L_1$ và $L_2$ cùng sản xuất một mã sản phẩm. Dây chuyền $L_1$ chiếm $60\%$ tổng sản lượng với tỷ lệ phế phẩm là $2.5\%$; dây chuyền $L_2$ chiếm $40\%$ sản lượng với tỷ lệ phế phẩm là $3.0\%$. Chọn ngẫu nhiên một linh kiện trong kho thành phẩm. Tính xác suất linh kiện được chọn là sản phẩm đạt chuẩn chất lượng.,0.973,0.931,0.908,0.888,A,1.42,1.53,"Sử dụng công thức xác suất toàn phần để xác định tỷ lệ phế phẩm chung của toàn nhà máy: $P(\text{Phế phẩm}) = 0{,}6 \cdot P(\text{Lỗi}\mid L_1) + 0{,}4 \cdot P(\text{Lỗi}\mid L_2)$.",Áp dụng công thức biến cố đối: Xác suất sản phẩm đạt chuẩn chất lượng xuất xưởng là $P(\text{Đạt}) = 1 - P(\text{Phế phẩm})$.
PROB_PISA_294,Cong nghe thong tin,SKILL_RELIABILITY_TECH,GiaiQuyetVanDe,VanDung,"Một hệ thống cơ sở dữ liệu y tế trực tuyến sử dụng $3$ máy chủ đám mây hoạt động song song độc lập. Xác suất gặp sự cố gián đoạn mạng trong ngày của mỗi máy chủ lần lượt là $0.09$, $0.1$ và $0.12$. Hệ thống duy trì hoạt động bình thường nếu có ít nhất một máy chủ vận hành tốt. Tính xác suất hệ thống dữ liệu hoạt động thông suốt không bị ngắt quãng trong ngày.",0.9569,0.9989,0.9339,0.9139,B,1.23,1.57,Hệ thống chỉ bị gián đoạn toàn phần khi tất cả 3 máy chủ cùng đồng thời gặp sự cố kỹ thuật.,"Vì 3 máy chủ hoạt động độc lập, xác suất gián đoạn toàn bộ là $q_1 \cdot q_2 \cdot q_3$. Áp dụng nguyên lý biến cố đối để tìm xác suất hệ thống hoạt động thông suốt."
PROB_PISA_295,Giao thong - Logistics,SKILL_LOGISTICS,GiaiQuyetVanDe,VanDung,"Một kiện hàng hóa sinh học được vận chuyển qua ba cung đường độc lập: hàng không, đường sắt và vận tải nội đô. Xác suất xảy ra chậm trễ giờ ở mỗi cung đường lần lượt là $0.06$, $0.08$ và $0.12$. Tính xác suất để kiện hàng đến đích hoàn toàn đúng thời gian quy định (không trễ ở bất kỳ chặng nào).",0.796,0.719,0.761,0.819,C,1.4,1.61,"Để toàn bộ kiện hàng đến đúng hẹn, điều kiện cần và đủ là cả 3 chặng vận chuyển đều phải hoàn thành đúng giờ.","Tính xác suất đúng giờ của từng chặng: $1 - d_i$, sau đó áp dụng quy tắc nhân xác suất cho 3 biến cố độc lập liên tiếp."
PROB_PISA_296,Y te - Duoc pham,SKILL_INDEP_MEDICAL,GiaiQuyetVanDe,VanDung,"Trong một nghiên cứu y khoa, ba phương pháp xét nghiệm sinh học $M_1$, $M_2$ và $M_3$ hoạt động độc lập để phát hiện kháng thể trong huyết thanh bệnh nhân. Xác suất phát hiện thành công của mỗi phương pháp lần lượt là $0.79$, $0.8$ và $0.93$. Tính xác suất để có ít nhất một phương pháp phát hiện thành công kháng thể.",0.9971,0.9551,0.9321,0.9121,A,1.21,1.65,Xác định biến cố đối: Tình huống 'cả ba phương pháp đều không phát hiện được kháng thể' xảy ra khi từng phương pháp đồng thời thất bại.,"Vì các phương pháp hoạt động độc lập, hãy tính xác suất cả 3 cùng thất bại: $P(\text{Đối}) = (1 - 0.79)(1 - 0.8)(1 - 0.93)$, sau đó tính $P = 1 - P(\text{Đối})$."
PROB_PISA_297,Tai chinh - Kinh te,SKILL_RISK_FINANCE,GiaiQuyetVanDe,VanDung,Một nhà đầu tư tài chính phân bổ vốn vào hai quỹ mở $F_1$ và $F_2$ hoạt động trên hai thị trường độc lập. Xác suất quỹ $F_1$ đạt mục tiêu lợi nhuận trong quý là $0.86$ và quỹ $F_2$ là $0.87$. Tính xác suất để nhà đầu tư có ít nhất một quỹ đạt mục tiêu lợi nhuận đã đề ra.,0.9818,0.9398,0.9168,0.8968,A,1.38,1.69,Xác định biến cố đối: Tình huống xấu nhất 'cả hai quỹ đều không đạt mục tiêu lợi nhuận' xảy ra với xác suất bao nhiêu?,"Vì hai quỹ hoạt động độc lập, tính xác suất biến cố đối bằng quy tắc nhân: $P(\text{Đối}) = (1 - P(F_1))(1 - P(F_2))$, sau đó lấy $1 - P(\text{Đối})$."
PROB_PISA_298,Ky thuat - San xuat,SKILL_RELIABILITY_TECH,GiaiQuyetVanDe,VanDung,Một nhà máy sản xuất linh kiện điện tử có hai dây chuyền $L_1$ và $L_2$ cùng sản xuất một mã sản phẩm. Dây chuyền $L_1$ chiếm $60\%$ tổng sản lượng với tỷ lệ phế phẩm là $3.0\%$; dây chuyền $L_2$ chiếm $40\%$ sản lượng với tỷ lệ phế phẩm là $3.5000000000000004\%$. Chọn ngẫu nhiên một linh kiện trong kho thành phẩm. Tính xác suất linh kiện được chọn là sản phẩm đạt chuẩn chất lượng.,0.926,0.968,0.903,0.883,B,1.19,1.73,"Sử dụng công thức xác suất toàn phần để xác định tỷ lệ phế phẩm chung của toàn nhà máy: $P(\text{Phế phẩm}) = 0{,}6 \cdot P(\text{Lỗi}\mid L_1) + 0{,}4 \cdot P(\text{Lỗi}\mid L_2)$.",Áp dụng công thức biến cố đối: Xác suất sản phẩm đạt chuẩn chất lượng xuất xưởng là $P(\text{Đạt}) = 1 - P(\text{Phế phẩm})$.
PROB_PISA_299,Cong nghe thong tin,SKILL_RELIABILITY_TECH,GiaiQuyetVanDe,VanDung,"Một hệ thống cơ sở dữ liệu y tế trực tuyến sử dụng $3$ máy chủ đám mây hoạt động song song độc lập. Xác suất gặp sự cố gián đoạn mạng trong ngày của mỗi máy chủ lần lượt là $0.11$, $0.12$ và $0.14$. Hệ thống duy trì hoạt động bình thường nếu có ít nhất một máy chủ vận hành tốt. Tính xác suất hệ thống dữ liệu hoạt động thông suốt không bị ngắt quãng trong ngày.",0.9562,0.9332,0.9982,0.9132,C,1.36,1.77,Hệ thống chỉ bị gián đoạn toàn phần khi tất cả 3 máy chủ cùng đồng thời gặp sự cố kỹ thuật.,"Vì 3 máy chủ hoạt động độc lập, xác suất gián đoạn toàn bộ là $q_1 \cdot q_2 \cdot q_3$. Áp dụng nguyên lý biến cố đối để tìm xác suất hệ thống hoạt động thông suốt."
PROB_PISA_300,Giao thong - Logistics,SKILL_LOGISTICS,GiaiQuyetVanDe,VanDung,"Một kiện hàng hóa sinh học được vận chuyển qua ba cung đường độc lập: hàng không, đường sắt và vận tải nội đô. Xác suất xảy ra chậm trễ giờ ở mỗi cung đường lần lượt là $0.08$, $0.1$ và $0.14$. Tính xác suất để kiện hàng đến đích hoàn toàn đúng thời gian quy định (không trễ ở bất kỳ chặng nào).",0.7471,0.6701,0.7701,0.7121,D,1.17,1.81,"Để toàn bộ kiện hàng đến đúng hẹn, điều kiện cần và đủ là cả 3 chặng vận chuyển đều phải hoàn thành đúng giờ.","Tính xác suất đúng giờ của từng chặng: $1 - d_i$, sau đó áp dụng quy tắc nhân xác suất cho 3 biến cố độc lập liên tiếp."
PROB_PISA_301,Y te - Duoc pham,SKILL_INDEP_MEDICAL,GiaiQuyetVanDe,VanDung,"Ba nhóm bệnh nhân độc lập gồm nhóm 1, nhóm 2 và nhóm 3 được chỉ định phác đồ điều trị mới. Xác suất đáp ứng thuốc tốt của mỗi nhóm lần lượt là $0.79$, $0.84$ và $0.89$. Tính xác suất để có đúng hai trong ba nhóm đáp ứng tốt với phác đồ điều trị.",0.3775,0.3425,0.3005,0.4005,B,1.34,0.85,"Phân tích thành 3 trường hợp rời nhau (xung khắc): (nhóm 1 và 2 đạt, nhóm 3 không), (nhóm 1 và 3 đạt, nhóm 2 không), hoặc (nhóm 2 và 3 đạt, nhóm 1 không).","Áp dụng quy tắc nhân xác suất cho các biến cố độc lập trong từng trường hợp, sau đó áp dụng quy tắc cộng xác suất để tìm kết quả chung."
PROB_PISA_302,Tai chinh - Kinh te,SKILL_RISK_FINANCE,GiaiQuyetVanDe,VanDung,Một nhà đầu tư tài chính phân bổ vốn vào hai quỹ mở $F_1$ và $F_2$ hoạt động trên hai thị trường độc lập. Xác suất quỹ $F_1$ đạt mục tiêu lợi nhuận trong quý là $0.7$ và quỹ $F_2$ là $0.75$. Tính xác suất để nhà đầu tư có ít nhất một quỹ đạt mục tiêu lợi nhuận đã đề ra.,0.96,0.925,0.883,0.983,B,1.15,0.89,Xác định biến cố đối: Tình huống xấu nhất 'cả hai quỹ đều không đạt mục tiêu lợi nhuận' xảy ra với xác suất bao nhiêu?,"Vì hai quỹ hoạt động độc lập, tính xác suất biến cố đối bằng quy tắc nhân: $P(\text{Đối}) = (1 - P(F_1))(1 - P(F_2))$, sau đó lấy $1 - P(\text{Đối})$."
PROB_PISA_303,Ky thuat - San xuat,SKILL_RELIABILITY_TECH,GiaiQuyetVanDe,VanDung,Một nhà máy sản xuất linh kiện điện tử có hai dây chuyền $L_1$ và $L_2$ cùng sản xuất một mã sản phẩm. Dây chuyền $L_1$ chiếm $60\%$ tổng sản lượng với tỷ lệ phế phẩm là $1.5\%$; dây chuyền $L_2$ chiếm $40\%$ sản lượng với tỷ lệ phế phẩm là $2.5\%$. Chọn ngẫu nhiên một linh kiện trong kho thành phẩm. Tính xác suất linh kiện được chọn là sản phẩm đạt chuẩn chất lượng.,0.939,0.916,0.981,0.896,C,1.32,0.93,"Sử dụng công thức xác suất toàn phần để xác định tỷ lệ phế phẩm chung của toàn nhà máy: $P(\text{Phế phẩm}) = 0{,}6 \cdot P(\text{Lỗi}\mid L_1) + 0{,}4 \cdot P(\text{Lỗi}\mid L_2)$.",Áp dụng công thức biến cố đối: Xác suất sản phẩm đạt chuẩn chất lượng xuất xưởng là $P(\text{Đạt}) = 1 - P(\text{Phế phẩm})$.
PROB_PISA_304,Cong nghe thong tin,SKILL_RELIABILITY_TECH,GiaiQuyetVanDe,VanDung,"Một hệ thống cơ sở dữ liệu y tế trực tuyến sử dụng $3$ máy chủ đám mây hoạt động song song độc lập. Xác suất gặp sự cố gián đoạn mạng trong ngày của mỗi máy chủ lần lượt là $0.05$, $0.08$ và $0.1$. Hệ thống duy trì hoạt động bình thường nếu có ít nhất một máy chủ vận hành tốt. Tính xác suất hệ thống dữ liệu hoạt động thông suốt không bị ngắt quãng trong ngày.",0.9576,0.9346,0.9146,0.9996,D,1.13,0.97,Hệ thống chỉ bị gián đoạn toàn phần khi tất cả 3 máy chủ cùng đồng thời gặp sự cố kỹ thuật.,"Vì 3 máy chủ hoạt động độc lập, xác suất gián đoạn toàn bộ là $q_1 \cdot q_2 \cdot q_3$. Áp dụng nguyên lý biến cố đối để tìm xác suất hệ thống hoạt động thông suốt."
PROB_PISA_305,Giao thong - Logistics,SKILL_LOGISTICS,GiaiQuyetVanDe,VanDung,"Một kiện hàng hóa sinh học được vận chuyển qua ba cung đường độc lập: hàng không, đường sắt và vận tải nội đô. Xác suất xảy ra chậm trễ giờ ở mỗi cung đường lần lượt là $0.04$, $0.06$ và $0.08$. Tính xác suất để kiện hàng đến đích hoàn toàn đúng thời gian quy định (không trễ ở bất kỳ chặng nào).",0.8302,0.8652,0.7882,0.8882,A,1.3,1.01,"Để toàn bộ kiện hàng đến đúng hẹn, điều kiện cần và đủ là cả 3 chặng vận chuyển đều phải hoàn thành đúng giờ.","Tính xác suất đúng giờ của từng chặng: $1 - d_i$, sau đó áp dụng quy tắc nhân xác suất cho 3 biến cố độc lập liên tiếp."
PROB_PISA_306,Y te - Duoc pham,SKILL_INDEP_MEDICAL,GiaiQuyetVanDe,VanDung,"Trong một nghiên cứu y khoa, ba phương pháp xét nghiệm sinh học $M_1$, $M_2$ và $M_3$ hoạt động độc lập để phát hiện kháng thể trong huyết thanh bệnh nhân. Xác suất phát hiện thành công của mỗi phương pháp lần lượt là $0.79$, $0.88$ và $0.85$. Tính xác suất để có ít nhất một phương pháp phát hiện thành công kháng thể.",0.9542,0.9312,0.9962,0.9112,C,1.11,1.05,Xác định biến cố đối: Tình huống 'cả ba phương pháp đều không phát hiện được kháng thể' xảy ra khi từng phương pháp đồng thời thất bại.,"Vì các phương pháp hoạt động độc lập, hãy tính xác suất cả 3 cùng thất bại: $P(\text{Đối}) = (1 - 0.79)(1 - 0.88)(1 - 0.85)$, sau đó tính $P = 1 - P(\text{Đối})$."
PROB_PISA_307,Tai chinh - Kinh te,SKILL_RISK_FINANCE,GiaiQuyetVanDe,VanDung,Một nhà đầu tư tài chính phân bổ vốn vào hai quỹ mở $F_1$ và $F_2$ hoạt động trên hai thị trường độc lập. Xác suất quỹ $F_1$ đạt mục tiêu lợi nhuận trong quý là $0.74$ và quỹ $F_2$ là $0.79$. Tính xác suất để nhà đầu tư có ít nhất một quỹ đạt mục tiêu lợi nhuận đã đề ra.,0.9804,0.9034,0.9454,0.8804,C,1.28,1.09,Xác định biến cố đối: Tình huống xấu nhất 'cả hai quỹ đều không đạt mục tiêu lợi nhuận' xảy ra với xác suất bao nhiêu?,"Vì hai quỹ hoạt động độc lập, tính xác suất biến cố đối bằng quy tắc nhân: $P(\text{Đối}) = (1 - P(F_1))(1 - P(F_2))$, sau đó lấy $1 - P(\text{Đối})$."
PROB_PISA_308,Ky thuat - San xuat,SKILL_RELIABILITY_TECH,GiaiQuyetVanDe,VanDung,Một nhà máy sản xuất linh kiện điện tử có hai dây chuyền $L_1$ và $L_2$ cùng sản xuất một mã sản phẩm. Dây chuyền $L_1$ chiếm $60\%$ tổng sản lượng với tỷ lệ phế phẩm là $2.0\%$; dây chuyền $L_2$ chiếm $40\%$ sản lượng với tỷ lệ phế phẩm là $3.0\%$. Chọn ngẫu nhiên một linh kiện trong kho thành phẩm. Tính xác suất linh kiện được chọn là sản phẩm đạt chuẩn chất lượng.,0.934,0.911,0.891,0.976,D,1.45,1.13,"Sử dụng công thức xác suất toàn phần để xác định tỷ lệ phế phẩm chung của toàn nhà máy: $P(\text{Phế phẩm}) = 0{,}6 \cdot P(\text{Lỗi}\mid L_1) + 0{,}4 \cdot P(\text{Lỗi}\mid L_2)$.",Áp dụng công thức biến cố đối: Xác suất sản phẩm đạt chuẩn chất lượng xuất xưởng là $P(\text{Đạt}) = 1 - P(\text{Phế phẩm})$.
PROB_PISA_309,Cong nghe thong tin,SKILL_RELIABILITY_TECH,GiaiQuyetVanDe,VanDung,"Một hệ thống cơ sở dữ liệu y tế trực tuyến sử dụng $3$ máy chủ đám mây hoạt động song song độc lập. Xác suất gặp sự cố gián đoạn mạng trong ngày của mỗi máy chủ lần lượt là $0.07$, $0.1$ và $0.12$. Hệ thống duy trì hoạt động bình thường nếu có ít nhất một máy chủ vận hành tốt. Tính xác suất hệ thống dữ liệu hoạt động thông suốt không bị ngắt quãng trong ngày.",0.9992,0.9572,0.9342,0.9142,A,1.26,1.17,Hệ thống chỉ bị gián đoạn toàn phần khi tất cả 3 máy chủ cùng đồng thời gặp sự cố kỹ thuật.,"Vì 3 máy chủ hoạt động độc lập, xác suất gián đoạn toàn bộ là $q_1 \cdot q_2 \cdot q_3$. Áp dụng nguyên lý biến cố đối để tìm xác suất hệ thống hoạt động thông suốt."
PROB_PISA_310,Giao thong - Logistics,SKILL_LOGISTICS,GiaiQuyetVanDe,VanDung,"Một kiện hàng hóa sinh học được vận chuyển qua ba cung đường độc lập: hàng không, đường sắt và vận tải nội đô. Xác suất xảy ra chậm trễ giờ ở mỗi cung đường lần lượt là $0.06$, $0.08$ và $0.1$. Tính xác suất để kiện hàng đến đích hoàn toàn đúng thời gian quy định (không trễ ở bất kỳ chặng nào).",0.8133,0.7783,0.7363,0.8363,B,1.43,1.21,"Để toàn bộ kiện hàng đến đúng hẹn, điều kiện cần và đủ là cả 3 chặng vận chuyển đều phải hoàn thành đúng giờ.","Tính xác suất đúng giờ của từng chặng: $1 - d_i$, sau đó áp dụng quy tắc nhân xác suất cho 3 biến cố độc lập liên tiếp."
PROB_PISA_311,Y te - Duoc pham,SKILL_INDEP_MEDICAL,GiaiQuyetVanDe,VanDung,"Ba nhóm bệnh nhân độc lập gồm nhóm 1, nhóm 2 và nhóm 3 được chỉ định phác đồ điều trị mới. Xác suất đáp ứng thuốc tốt của mỗi nhóm lần lượt là $0.79$, $0.92$ và $0.93$. Tính xác suất để có đúng hai trong ba nhóm đáp ứng tốt với phác đồ điều trị.",0.3243,0.2473,0.3473,0.2893,D,1.24,1.25,"Phân tích thành 3 trường hợp rời nhau (xung khắc): (nhóm 1 và 2 đạt, nhóm 3 không), (nhóm 1 và 3 đạt, nhóm 2 không), hoặc (nhóm 2 và 3 đạt, nhóm 1 không).","Áp dụng quy tắc nhân xác suất cho các biến cố độc lập trong từng trường hợp, sau đó áp dụng quy tắc cộng xác suất để tìm kết quả chung."
PROB_PISA_312,Tai chinh - Kinh te,SKILL_RISK_FINANCE,GiaiQuyetVanDe,VanDung,Một nhà đầu tư tài chính phân bổ vốn vào hai quỹ mở $F_1$ và $F_2$ hoạt động trên hai thị trường độc lập. Xác suất quỹ $F_1$ đạt mục tiêu lợi nhuận trong quý là $0.78$ và quỹ $F_2$ là $0.83$. Tính xác suất để nhà đầu tư có ít nhất một quỹ đạt mục tiêu lợi nhuận đã đề ra.,0.9976,0.9206,0.8976,0.9626,D,1.41,1.29,Xác định biến cố đối: Tình huống xấu nhất 'cả hai quỹ đều không đạt mục tiêu lợi nhuận' xảy ra với xác suất bao nhiêu?,"Vì hai quỹ hoạt động độc lập, tính xác suất biến cố đối bằng quy tắc nhân: $P(\text{Đối}) = (1 - P(F_1))(1 - P(F_2))$, sau đó lấy $1 - P(\text{Đối})$."
PROB_PISA_313,Ky thuat - San xuat,SKILL_RELIABILITY_TECH,GiaiQuyetVanDe,VanDung,Một nhà máy sản xuất linh kiện điện tử có hai dây chuyền $L_1$ và $L_2$ cùng sản xuất một mã sản phẩm. Dây chuyền $L_1$ chiếm $60\%$ tổng sản lượng với tỷ lệ phế phẩm là $2.5\%$; dây chuyền $L_2$ chiếm $40\%$ sản lượng với tỷ lệ phế phẩm là $3.5000000000000004\%$. Chọn ngẫu nhiên một linh kiện trong kho thành phẩm. Tính xác suất linh kiện được chọn là sản phẩm đạt chuẩn chất lượng.,0.971,0.929,0.906,0.886,A,1.22,1.33,"Sử dụng công thức xác suất toàn phần để xác định tỷ lệ phế phẩm chung của toàn nhà máy: $P(\text{Phế phẩm}) = 0{,}6 \cdot P(\text{Lỗi}\mid L_1) + 0{,}4 \cdot P(\text{Lỗi}\mid L_2)$.",Áp dụng công thức biến cố đối: Xác suất sản phẩm đạt chuẩn chất lượng xuất xưởng là $P(\text{Đạt}) = 1 - P(\text{Phế phẩm})$.
PROB_PISA_314,Cong nghe thong tin,SKILL_RELIABILITY_TECH,GiaiQuyetVanDe,VanDung,"Một hệ thống cơ sở dữ liệu y tế trực tuyến sử dụng $3$ máy chủ đám mây hoạt động song song độc lập. Xác suất gặp sự cố gián đoạn mạng trong ngày của mỗi máy chủ lần lượt là $0.09$, $0.12$ và $0.14$. Hệ thống duy trì hoạt động bình thường nếu có ít nhất một máy chủ vận hành tốt. Tính xác suất hệ thống dữ liệu hoạt động thông suốt không bị ngắt quãng trong ngày.",0.9565,0.9985,0.9335,0.9135,B,1.39,1.37,Hệ thống chỉ bị gián đoạn toàn phần khi tất cả 3 máy chủ cùng đồng thời gặp sự cố kỹ thuật.,"Vì 3 máy chủ hoạt động độc lập, xác suất gián đoạn toàn bộ là $q_1 \cdot q_2 \cdot q_3$. Áp dụng nguyên lý biến cố đối để tìm xác suất hệ thống hoạt động thông suốt."
PROB_PISA_315,Giao thong - Logistics,SKILL_LOGISTICS,GiaiQuyetVanDe,VanDung,"Một kiện hàng hóa sinh học được vận chuyển qua ba cung đường độc lập: hàng không, đường sắt và vận tải nội đô. Xác suất xảy ra chậm trễ giờ ở mỗi cung đường lần lượt là $0.08$, $0.1$ và $0.12$. Tính xác suất để kiện hàng đến đích hoàn toàn đúng thời gian quy định (không trễ ở bất kỳ chặng nào).",0.7636,0.6866,0.7286,0.7866,C,1.2,1.41,"Để toàn bộ kiện hàng đến đúng hẹn, điều kiện cần và đủ là cả 3 chặng vận chuyển đều phải hoàn thành đúng giờ.","Tính xác suất đúng giờ của từng chặng: $1 - d_i$, sau đó áp dụng quy tắc nhân xác suất cho 3 biến cố độc lập liên tiếp."
PROB_PISA_316,Y te - Duoc pham,SKILL_INDEP_MEDICAL,GiaiQuyetVanDe,VanDung,"Trong một nghiên cứu y khoa, ba phương pháp xét nghiệm sinh học $M_1$, $M_2$ và $M_3$ hoạt động độc lập để phát hiện kháng thể trong huyết thanh bệnh nhân. Xác suất phát hiện thành công của mỗi phương pháp lần lượt là $0.79$, $0.8$ và $0.89$. Tính xác suất để có ít nhất một phương pháp phát hiện thành công kháng thể.",0.9954,0.9534,0.9304,0.9104,A,1.37,1.45,Xác định biến cố đối: Tình huống 'cả ba phương pháp đều không phát hiện được kháng thể' xảy ra khi từng phương pháp đồng thời thất bại.,"Vì các phương pháp hoạt động độc lập, hãy tính xác suất cả 3 cùng thất bại: $P(\text{Đối}) = (1 - 0.79)(1 - 0.8)(1 - 0.89)$, sau đó tính $P = 1 - P(\text{Đối})$."
PROB_PISA_317,Tai chinh - Kinh te,SKILL_RISK_FINANCE,GiaiQuyetVanDe,VanDung,Một nhà đầu tư tài chính phân bổ vốn vào hai quỹ mở $F_1$ và $F_2$ hoạt động trên hai thị trường độc lập. Xác suất quỹ $F_1$ đạt mục tiêu lợi nhuận trong quý là $0.82$ và quỹ $F_2$ là $0.87$. Tính xác suất để nhà đầu tư có ít nhất một quỹ đạt mục tiêu lợi nhuận đã đề ra.,0.9766,0.9346,0.9116,0.8916,A,1.18,1.49,Xác định biến cố đối: Tình huống xấu nhất 'cả hai quỹ đều không đạt mục tiêu lợi nhuận' xảy ra với xác suất bao nhiêu?,"Vì hai quỹ hoạt động độc lập, tính xác suất biến cố đối bằng quy tắc nhân: $P(\text{Đối}) = (1 - P(F_1))(1 - P(F_2))$, sau đó lấy $1 - P(\text{Đối})$."
PROB_PISA_318,Ky thuat - San xuat,SKILL_RELIABILITY_TECH,GiaiQuyetVanDe,VanDung,Một nhà máy sản xuất linh kiện điện tử có hai dây chuyền $L_1$ và $L_2$ cùng sản xuất một mã sản phẩm. Dây chuyền $L_1$ chiếm $60\%$ tổng sản lượng với tỷ lệ phế phẩm là $3.0\%$; dây chuyền $L_2$ chiếm $40\%$ sản lượng với tỷ lệ phế phẩm là $2.5\%$. Chọn ngẫu nhiên một linh kiện trong kho thành phẩm. Tính xác suất linh kiện được chọn là sản phẩm đạt chuẩn chất lượng.,0.93,0.972,0.907,0.887,B,1.35,1.53,"Sử dụng công thức xác suất toàn phần để xác định tỷ lệ phế phẩm chung của toàn nhà máy: $P(\text{Phế phẩm}) = 0{,}6 \cdot P(\text{Lỗi}\mid L_1) + 0{,}4 \cdot P(\text{Lỗi}\mid L_2)$.",Áp dụng công thức biến cố đối: Xác suất sản phẩm đạt chuẩn chất lượng xuất xưởng là $P(\text{Đạt}) = 1 - P(\text{Phế phẩm})$.
PROB_PISA_319,Cong nghe thong tin,SKILL_RELIABILITY_TECH,GiaiQuyetVanDe,VanDung,"Một hệ thống cơ sở dữ liệu y tế trực tuyến sử dụng $3$ máy chủ đám mây hoạt động song song độc lập. Xác suất gặp sự cố gián đoạn mạng trong ngày của mỗi máy chủ lần lượt là $0.11$, $0.08$ và $0.1$. Hệ thống duy trì hoạt động bình thường nếu có ít nhất một máy chủ vận hành tốt. Tính xác suất hệ thống dữ liệu hoạt động thông suốt không bị ngắt quãng trong ngày.",0.9571,0.9341,0.9991,0.9141,C,1.16,1.57,Hệ thống chỉ bị gián đoạn toàn phần khi tất cả 3 máy chủ cùng đồng thời gặp sự cố kỹ thuật.,"Vì 3 máy chủ hoạt động độc lập, xác suất gián đoạn toàn bộ là $q_1 \cdot q_2 \cdot q_3$. Áp dụng nguyên lý biến cố đối để tìm xác suất hệ thống hoạt động thông suốt."
PROB_PISA_320,Giao thong - Logistics,SKILL_LOGISTICS,GiaiQuyetVanDe,VanDung,"Một kiện hàng hóa sinh học được vận chuyển qua ba cung đường độc lập: hàng không, đường sắt và vận tải nội đô. Xác suất xảy ra chậm trễ giờ ở mỗi cung đường lần lượt là $0.04$, $0.06$ và $0.14$. Tính xác suất để kiện hàng đến đích hoàn toàn đúng thời gian quy định (không trễ ở bất kỳ chặng nào).",0.8111,0.7341,0.8341,0.7761,D,1.33,1.61,"Để toàn bộ kiện hàng đến đúng hẹn, điều kiện cần và đủ là cả 3 chặng vận chuyển đều phải hoàn thành đúng giờ.","Tính xác suất đúng giờ của từng chặng: $1 - d_i$, sau đó áp dụng quy tắc nhân xác suất cho 3 biến cố độc lập liên tiếp."
PROB_PISA_321,Y te - Duoc pham,SKILL_INDEP_MEDICAL,GiaiQuyetVanDe,VanDung,"Ba nhóm bệnh nhân độc lập gồm nhóm 1, nhóm 2 và nhóm 3 được chỉ định phác đồ điều trị mới. Xác suất đáp ứng thuốc tốt của mỗi nhóm lần lượt là $0.79$, $0.84$ và $0.85$. Tính xác suất để có đúng hai trong ba nhóm đáp ứng tốt với phác đồ điều trị.",0.3919,0.3569,0.3149,0.4149,B,1.14,1.65,"Phân tích thành 3 trường hợp rời nhau (xung khắc): (nhóm 1 và 2 đạt, nhóm 3 không), (nhóm 1 và 3 đạt, nhóm 2 không), hoặc (nhóm 2 và 3 đạt, nhóm 1 không).","Áp dụng quy tắc nhân xác suất cho các biến cố độc lập trong từng trường hợp, sau đó áp dụng quy tắc cộng xác suất để tìm kết quả chung."
PROB_PISA_322,Tai chinh - Kinh te,SKILL_RISK_FINANCE,GiaiQuyetVanDe,VanDung,Một nhà đầu tư tài chính phân bổ vốn vào hai quỹ mở $F_1$ và $F_2$ hoạt động trên hai thị trường độc lập. Xác suất quỹ $F_1$ đạt mục tiêu lợi nhuận trong quý là $0.86$ và quỹ $F_2$ là $0.75$. Tính xác suất để nhà đầu tư có ít nhất một quỹ đạt mục tiêu lợi nhuận đã đề ra.,0.923,0.965,0.9,0.88,B,1.31,1.69,Xác định biến cố đối: Tình huống xấu nhất 'cả hai quỹ đều không đạt mục tiêu lợi nhuận' xảy ra với xác suất bao nhiêu?,"Vì hai quỹ hoạt động độc lập, tính xác suất biến cố đối bằng quy tắc nhân: $P(\text{Đối}) = (1 - P(F_1))(1 - P(F_2))$, sau đó lấy $1 - P(\text{Đối})$."
PROB_PISA_323,Ky thuat - San xuat,SKILL_RELIABILITY_TECH,GiaiQuyetVanDe,VanDung,Một nhà máy sản xuất linh kiện điện tử có hai dây chuyền $L_1$ và $L_2$ cùng sản xuất một mã sản phẩm. Dây chuyền $L_1$ chiếm $60\%$ tổng sản lượng với tỷ lệ phế phẩm là $1.5\%$; dây chuyền $L_2$ chiếm $40\%$ sản lượng với tỷ lệ phế phẩm là $3.0\%$. Chọn ngẫu nhiên một linh kiện trong kho thành phẩm. Tính xác suất linh kiện được chọn là sản phẩm đạt chuẩn chất lượng.,0.937,0.914,0.979,0.894,C,1.12,1.73,"Sử dụng công thức xác suất toàn phần để xác định tỷ lệ phế phẩm chung của toàn nhà máy: $P(\text{Phế phẩm}) = 0{,}6 \cdot P(\text{Lỗi}\mid L_1) + 0{,}4 \cdot P(\text{Lỗi}\mid L_2)$.",Áp dụng công thức biến cố đối: Xác suất sản phẩm đạt chuẩn chất lượng xuất xưởng là $P(\text{Đạt}) = 1 - P(\text{Phế phẩm})$.
PROB_PISA_324,Cong nghe thong tin,SKILL_RELIABILITY_TECH,GiaiQuyetVanDe,VanDung,"Một hệ thống cơ sở dữ liệu y tế trực tuyến sử dụng $3$ máy chủ đám mây hoạt động song song độc lập. Xác suất gặp sự cố gián đoạn mạng trong ngày của mỗi máy chủ lần lượt là $0.05$, $0.1$ và $0.12$. Hệ thống duy trì hoạt động bình thường nếu có ít nhất một máy chủ vận hành tốt. Tính xác suất hệ thống dữ liệu hoạt động thông suốt không bị ngắt quãng trong ngày.",0.9574,0.9344,0.9144,0.9994,D,1.29,1.77,Hệ thống chỉ bị gián đoạn toàn phần khi tất cả 3 máy chủ cùng đồng thời gặp sự cố kỹ thuật.,"Vì 3 máy chủ hoạt động độc lập, xác suất gián đoạn toàn bộ là $q_1 \cdot q_2 \cdot q_3$. Áp dụng nguyên lý biến cố đối để tìm xác suất hệ thống hoạt động thông suốt."
PROB_PISA_325,Giao thong - Logistics,SKILL_LOGISTICS,GiaiQuyetVanDe,VanDung,"Một kiện hàng hóa sinh học được vận chuyển qua ba cung đường độc lập: hàng không, đường sắt và vận tải nội đô. Xác suất xảy ra chậm trễ giờ ở mỗi cung đường lần lượt là $0.06$, $0.08$ và $0.08$. Tính xác suất để kiện hàng đến đích hoàn toàn đúng thời gian quy định (không trễ ở bất kỳ chặng nào).",0.7956,0.8306,0.7536,0.8536,A,1.1,1.81,"Để toàn bộ kiện hàng đến đúng hẹn, điều kiện cần và đủ là cả 3 chặng vận chuyển đều phải hoàn thành đúng giờ.","Tính xác suất đúng giờ của từng chặng: $1 - d_i$, sau đó áp dụng quy tắc nhân xác suất cho 3 biến cố độc lập liên tiếp."
PROB_PISA_326,Y te - Duoc pham,SKILL_INDEP_MEDICAL,GiaiQuyetVanDe,VanDung,"Trong một nghiên cứu y khoa, ba phương pháp xét nghiệm sinh học $M_1$, $M_2$ và $M_3$ hoạt động độc lập để phát hiện kháng thể trong huyết thanh bệnh nhân. Xác suất phát hiện thành công của mỗi phương pháp lần lượt là $0.79$, $0.88$ và $0.93$. Tính xác suất để có ít nhất một phương pháp phát hiện thành công kháng thể.",0.9562,0.9332,0.9982,0.9132,C,1.27,0.85,Xác định biến cố đối: Tình huống 'cả ba phương pháp đều không phát hiện được kháng thể' xảy ra khi từng phương pháp đồng thời thất bại.,"Vì các phương pháp hoạt động độc lập, hãy tính xác suất cả 3 cùng thất bại: $P(\text{Đối}) = (1 - 0.79)(1 - 0.88)(1 - 0.93)$, sau đó tính $P = 1 - P(\text{Đối})$."
PROB_PISA_327,Tai chinh - Kinh te,SKILL_RISK_FINANCE,GiaiQuyetVanDe,VanDung,Một nhà đầu tư tài chính phân bổ vốn vào hai quỹ mở $F_1$ và $F_2$ hoạt động trên hai thị trường độc lập. Xác suất quỹ $F_1$ đạt mục tiêu lợi nhuận trong quý là $0.7$ và quỹ $F_2$ là $0.79$. Tính xác suất để nhà đầu tư có ít nhất một quỹ đạt mục tiêu lợi nhuận đã đề ra.,0.972,0.895,0.937,0.995,C,1.44,0.89,Xác định biến cố đối: Tình huống xấu nhất 'cả hai quỹ đều không đạt mục tiêu lợi nhuận' xảy ra với xác suất bao nhiêu?,"Vì hai quỹ hoạt động độc lập, tính xác suất biến cố đối bằng quy tắc nhân: $P(\text{Đối}) = (1 - P(F_1))(1 - P(F_2))$, sau đó lấy $1 - P(\text{Đối})$."
PROB_PISA_328,Ky thuat - San xuat,SKILL_RELIABILITY_TECH,GiaiQuyetVanDe,VanDung,Một nhà máy sản xuất linh kiện điện tử có hai dây chuyền $L_1$ và $L_2$ cùng sản xuất một mã sản phẩm. Dây chuyền $L_1$ chiếm $60\%$ tổng sản lượng với tỷ lệ phế phẩm là $2.0\%$; dây chuyền $L_2$ chiếm $40\%$ sản lượng với tỷ lệ phế phẩm là $3.5000000000000004\%$. Chọn ngẫu nhiên một linh kiện trong kho thành phẩm. Tính xác suất linh kiện được chọn là sản phẩm đạt chuẩn chất lượng.,0.932,0.909,0.889,0.974,D,1.25,0.93,"Sử dụng công thức xác suất toàn phần để xác định tỷ lệ phế phẩm chung của toàn nhà máy: $P(\text{Phế phẩm}) = 0{,}6 \cdot P(\text{Lỗi}\mid L_1) + 0{,}4 \cdot P(\text{Lỗi}\mid L_2)$.",Áp dụng công thức biến cố đối: Xác suất sản phẩm đạt chuẩn chất lượng xuất xưởng là $P(\text{Đạt}) = 1 - P(\text{Phế phẩm})$.
PROB_PISA_329,Cong nghe thong tin,SKILL_RELIABILITY_TECH,GiaiQuyetVanDe,VanDung,"Một hệ thống cơ sở dữ liệu y tế trực tuyến sử dụng $3$ máy chủ đám mây hoạt động song song độc lập. Xác suất gặp sự cố gián đoạn mạng trong ngày của mỗi máy chủ lần lượt là $0.07$, $0.12$ và $0.14$. Hệ thống duy trì hoạt động bình thường nếu có ít nhất một máy chủ vận hành tốt. Tính xác suất hệ thống dữ liệu hoạt động thông suốt không bị ngắt quãng trong ngày.",0.9988,0.9568,0.9338,0.9138,A,1.42,0.97,Hệ thống chỉ bị gián đoạn toàn phần khi tất cả 3 máy chủ cùng đồng thời gặp sự cố kỹ thuật.,"Vì 3 máy chủ hoạt động độc lập, xác suất gián đoạn toàn bộ là $q_1 \cdot q_2 \cdot q_3$. Áp dụng nguyên lý biến cố đối để tìm xác suất hệ thống hoạt động thông suốt."
PROB_PISA_330,Giao thong - Logistics,SKILL_LOGISTICS,GiaiQuyetVanDe,VanDung,"Một kiện hàng hóa sinh học được vận chuyển qua ba cung đường độc lập: hàng không, đường sắt và vận tải nội đô. Xác suất xảy ra chậm trễ giờ ở mỗi cung đường lần lượt là $0.08$, $0.1$ và $0.1$. Tính xác suất để kiện hàng đến đích hoàn toàn đúng thời gian quy định (không trễ ở bất kỳ chặng nào).",0.7802,0.7452,0.7032,0.8032,B,1.23,1.01,"Để toàn bộ kiện hàng đến đúng hẹn, điều kiện cần và đủ là cả 3 chặng vận chuyển đều phải hoàn thành đúng giờ.","Tính xác suất đúng giờ của từng chặng: $1 - d_i$, sau đó áp dụng quy tắc nhân xác suất cho 3 biến cố độc lập liên tiếp."
PROB_PISA_331,Y te - Duoc pham,SKILL_INDEP_MEDICAL,GiaiQuyetVanDe,VanDung,"Ba nhóm bệnh nhân độc lập gồm nhóm 1, nhóm 2 và nhóm 3 được chỉ định phác đồ điều trị mới. Xác suất đáp ứng thuốc tốt của mỗi nhóm lần lượt là $0.79$, $0.92$ và $0.89$. Tính xác suất để có đúng hai trong ba nhóm đáp ứng tốt với phác đồ điều trị.",0.3431,0.2661,0.3661,0.3081,D,1.4,1.05,"Phân tích thành 3 trường hợp rời nhau (xung khắc): (nhóm 1 và 2 đạt, nhóm 3 không), (nhóm 1 và 3 đạt, nhóm 2 không), hoặc (nhóm 2 và 3 đạt, nhóm 1 không).","Áp dụng quy tắc nhân xác suất cho các biến cố độc lập trong từng trường hợp, sau đó áp dụng quy tắc cộng xác suất để tìm kết quả chung."
PROB_PISA_332,Tai chinh - Kinh te,SKILL_RISK_FINANCE,GiaiQuyetVanDe,VanDung,Một nhà đầu tư tài chính phân bổ vốn vào hai quỹ mở $F_1$ và $F_2$ hoạt động trên hai thị trường độc lập. Xác suất quỹ $F_1$ đạt mục tiêu lợi nhuận trong quý là $0.74$ và quỹ $F_2$ là $0.83$. Tính xác suất để nhà đầu tư có ít nhất một quỹ đạt mục tiêu lợi nhuận đã đề ra.,0.9908,0.9138,0.8908,0.9558,D,1.21,1.09,Xác định biến cố đối: Tình huống xấu nhất 'cả hai quỹ đều không đạt mục tiêu lợi nhuận' xảy ra với xác suất bao nhiêu?,"Vì hai quỹ hoạt động độc lập, tính xác suất biến cố đối bằng quy tắc nhân: $P(\text{Đối}) = (1 - P(F_1))(1 - P(F_2))$, sau đó lấy $1 - P(\text{Đối})$."
PROB_PISA_333,Ky thuat - San xuat,SKILL_RELIABILITY_TECH,GiaiQuyetVanDe,VanDung,Một nhà máy sản xuất linh kiện điện tử có hai dây chuyền $L_1$ và $L_2$ cùng sản xuất một mã sản phẩm. Dây chuyền $L_1$ chiếm $60\%$ tổng sản lượng với tỷ lệ phế phẩm là $2.5\%$; dây chuyền $L_2$ chiếm $40\%$ sản lượng với tỷ lệ phế phẩm là $2.5\%$. Chọn ngẫu nhiên một linh kiện trong kho thành phẩm. Tính xác suất linh kiện được chọn là sản phẩm đạt chuẩn chất lượng.,0.975,0.933,0.91,0.89,A,1.38,1.13,"Sử dụng công thức xác suất toàn phần để xác định tỷ lệ phế phẩm chung của toàn nhà máy: $P(\text{Phế phẩm}) = 0{,}6 \cdot P(\text{Lỗi}\mid L_1) + 0{,}4 \cdot P(\text{Lỗi}\mid L_2)$.",Áp dụng công thức biến cố đối: Xác suất sản phẩm đạt chuẩn chất lượng xuất xưởng là $P(\text{Đạt}) = 1 - P(\text{Phế phẩm})$.
PROB_PISA_334,Cong nghe thong tin,SKILL_RELIABILITY_TECH,GiaiQuyetVanDe,VanDung,"Một hệ thống cơ sở dữ liệu y tế trực tuyến sử dụng $3$ máy chủ đám mây hoạt động song song độc lập. Xác suất gặp sự cố gián đoạn mạng trong ngày của mỗi máy chủ lần lượt là $0.09$, $0.08$ và $0.1$. Hệ thống duy trì hoạt động bình thường nếu có ít nhất một máy chủ vận hành tốt. Tính xác suất hệ thống dữ liệu hoạt động thông suốt không bị ngắt quãng trong ngày.",0.9573,0.9993,0.9343,0.9143,B,1.19,1.17,Hệ thống chỉ bị gián đoạn toàn phần khi tất cả 3 máy chủ cùng đồng thời gặp sự cố kỹ thuật.,"Vì 3 máy chủ hoạt động độc lập, xác suất gián đoạn toàn bộ là $q_1 \cdot q_2 \cdot q_3$. Áp dụng nguyên lý biến cố đối để tìm xác suất hệ thống hoạt động thông suốt."
PROB_PISA_335,Giao thong - Logistics,SKILL_LOGISTICS,GiaiQuyetVanDe,VanDung,"Một kiện hàng hóa sinh học được vận chuyển qua ba cung đường độc lập: hàng không, đường sắt và vận tải nội đô. Xác suất xảy ra chậm trễ giờ ở mỗi cung đường lần lượt là $0.04$, $0.06$ và $0.12$. Tính xác suất để kiện hàng đến đích hoàn toàn đúng thời gian quy định (không trễ ở bất kỳ chặng nào).",0.8291,0.7521,0.7941,0.8521,C,1.36,1.21,"Để toàn bộ kiện hàng đến đúng hẹn, điều kiện cần và đủ là cả 3 chặng vận chuyển đều phải hoàn thành đúng giờ.","Tính xác suất đúng giờ của từng chặng: $1 - d_i$, sau đó áp dụng quy tắc nhân xác suất cho 3 biến cố độc lập liên tiếp."
PROB_PISA_336,Y te - Duoc pham,SKILL_INDEP_MEDICAL,GiaiQuyetVanDe,VanDung,"Trong một nghiên cứu y khoa, ba phương pháp xét nghiệm sinh học $M_1$, $M_2$ và $M_3$ hoạt động độc lập để phát hiện kháng thể trong huyết thanh bệnh nhân. Xác suất phát hiện thành công của mỗi phương pháp lần lượt là $0.79$, $0.8$ và $0.85$. Tính xác suất để có ít nhất một phương pháp phát hiện thành công kháng thể.",0.9937,0.9517,0.9287,0.9087,A,1.17,1.25,Xác định biến cố đối: Tình huống 'cả ba phương pháp đều không phát hiện được kháng thể' xảy ra khi từng phương pháp đồng thời thất bại.,"Vì các phương pháp hoạt động độc lập, hãy tính xác suất cả 3 cùng thất bại: $P(\text{Đối}) = (1 - 0.79)(1 - 0.8)(1 - 0.85)$, sau đó tính $P = 1 - P(\text{Đối})$."
PROB_PISA_337,Tai chinh - Kinh te,SKILL_RISK_FINANCE,GiaiQuyetVanDe,VanDung,Một nhà đầu tư tài chính phân bổ vốn vào hai quỹ mở $F_1$ và $F_2$ hoạt động trên hai thị trường độc lập. Xác suất quỹ $F_1$ đạt mục tiêu lợi nhuận trong quý là $0.78$ và quỹ $F_2$ là $0.87$. Tính xác suất để nhà đầu tư có ít nhất một quỹ đạt mục tiêu lợi nhuận đã đề ra.,0.9714,0.9294,0.9064,0.8864,A,1.34,1.29,Xác định biến cố đối: Tình huống xấu nhất 'cả hai quỹ đều không đạt mục tiêu lợi nhuận' xảy ra với xác suất bao nhiêu?,"Vì hai quỹ hoạt động độc lập, tính xác suất biến cố đối bằng quy tắc nhân: $P(\text{Đối}) = (1 - P(F_1))(1 - P(F_2))$, sau đó lấy $1 - P(\text{Đối})$."
PROB_PISA_338,Ky thuat - San xuat,SKILL_RELIABILITY_TECH,GiaiQuyetVanDe,VanDung,Một nhà máy sản xuất linh kiện điện tử có hai dây chuyền $L_1$ và $L_2$ cùng sản xuất một mã sản phẩm. Dây chuyền $L_1$ chiếm $60\%$ tổng sản lượng với tỷ lệ phế phẩm là $3.0\%$; dây chuyền $L_2$ chiếm $40\%$ sản lượng với tỷ lệ phế phẩm là $3.0\%$. Chọn ngẫu nhiên một linh kiện trong kho thành phẩm. Tính xác suất linh kiện được chọn là sản phẩm đạt chuẩn chất lượng.,0.928,0.97,0.905,0.885,B,1.15,1.33,"Sử dụng công thức xác suất toàn phần để xác định tỷ lệ phế phẩm chung của toàn nhà máy: $P(\text{Phế phẩm}) = 0{,}6 \cdot P(\text{Lỗi}\mid L_1) + 0{,}4 \cdot P(\text{Lỗi}\mid L_2)$.",Áp dụng công thức biến cố đối: Xác suất sản phẩm đạt chuẩn chất lượng xuất xưởng là $P(\text{Đạt}) = 1 - P(\text{Phế phẩm})$.
PROB_PISA_339,Cong nghe thong tin,SKILL_RELIABILITY_TECH,GiaiQuyetVanDe,VanDung,"Một hệ thống cơ sở dữ liệu y tế trực tuyến sử dụng $3$ máy chủ đám mây hoạt động song song độc lập. Xác suất gặp sự cố gián đoạn mạng trong ngày của mỗi máy chủ lần lượt là $0.11$, $0.1$ và $0.12$. Hệ thống duy trì hoạt động bình thường nếu có ít nhất một máy chủ vận hành tốt. Tính xác suất hệ thống dữ liệu hoạt động thông suốt không bị ngắt quãng trong ngày.",0.9567,0.9337,0.9987,0.9137,C,1.32,1.37,Hệ thống chỉ bị gián đoạn toàn phần khi tất cả 3 máy chủ cùng đồng thời gặp sự cố kỹ thuật.,"Vì 3 máy chủ hoạt động độc lập, xác suất gián đoạn toàn bộ là $q_1 \cdot q_2 \cdot q_3$. Áp dụng nguyên lý biến cố đối để tìm xác suất hệ thống hoạt động thông suốt."
PROB_PISA_340,Giao thong - Logistics,SKILL_LOGISTICS,GiaiQuyetVanDe,VanDung,"Một kiện hàng hóa sinh học được vận chuyển qua ba cung đường độc lập: hàng không, đường sắt và vận tải nội đô. Xác suất xảy ra chậm trễ giờ ở mỗi cung đường lần lượt là $0.06$, $0.08$ và $0.14$. Tính xác suất để kiện hàng đến đích hoàn toàn đúng thời gian quy định (không trễ ở bất kỳ chặng nào).",0.7787,0.7017,0.8017,0.7437,D,1.13,1.41,"Để toàn bộ kiện hàng đến đúng hẹn, điều kiện cần và đủ là cả 3 chặng vận chuyển đều phải hoàn thành đúng giờ.","Tính xác suất đúng giờ của từng chặng: $1 - d_i$, sau đó áp dụng quy tắc nhân xác suất cho 3 biến cố độc lập liên tiếp."
PROB_PISA_341,Y te - Duoc pham,SKILL_INDEP_MEDICAL,GiaiQuyetVanDe,VanDung,"Ba nhóm bệnh nhân độc lập gồm nhóm 1, nhóm 2 và nhóm 3 được chỉ định phác đồ điều trị mới. Xác suất đáp ứng thuốc tốt của mỗi nhóm lần lượt là $0.79$, $0.84$ và $0.93$. Tính xác suất để có đúng hai trong ba nhóm đáp ứng tốt với phác đồ điều trị.",0.3631,0.3281,0.2861,0.3861,B,1.3,1.45,"Phân tích thành 3 trường hợp rời nhau (xung khắc): (nhóm 1 và 2 đạt, nhóm 3 không), (nhóm 1 và 3 đạt, nhóm 2 không), hoặc (nhóm 2 và 3 đạt, nhóm 1 không).","Áp dụng quy tắc nhân xác suất cho các biến cố độc lập trong từng trường hợp, sau đó áp dụng quy tắc cộng xác suất để tìm kết quả chung."
PROB_PISA_342,Tai chinh - Kinh te,SKILL_RISK_FINANCE,GiaiQuyetVanDe,VanDung,Một nhà đầu tư tài chính phân bổ vốn vào hai quỹ mở $F_1$ và $F_2$ hoạt động trên hai thị trường độc lập. Xác suất quỹ $F_1$ đạt mục tiêu lợi nhuận trong quý là $0.82$ và quỹ $F_2$ là $0.75$. Tính xác suất để nhà đầu tư có ít nhất một quỹ đạt mục tiêu lợi nhuận đã đề ra.,0.99,0.955,0.913,0.89,B,1.11,1.49,Xác định biến cố đối: Tình huống xấu nhất 'cả hai quỹ đều không đạt mục tiêu lợi nhuận' xảy ra với xác suất bao nhiêu?,"Vì hai quỹ hoạt động độc lập, tính xác suất biến cố đối bằng quy tắc nhân: $P(\text{Đối}) = (1 - P(F_1))(1 - P(F_2))$, sau đó lấy $1 - P(\text{Đối})$."
PROB_PISA_343,Ky thuat - San xuat,SKILL_RELIABILITY_TECH,GiaiQuyetVanDe,VanDung,Một nhà máy sản xuất linh kiện điện tử có hai dây chuyền $L_1$ và $L_2$ cùng sản xuất một mã sản phẩm. Dây chuyền $L_1$ chiếm $60\%$ tổng sản lượng với tỷ lệ phế phẩm là $1.5\%$; dây chuyền $L_2$ chiếm $40\%$ sản lượng với tỷ lệ phế phẩm là $3.5000000000000004\%$. Chọn ngẫu nhiên một linh kiện trong kho thành phẩm. Tính xác suất linh kiện được chọn là sản phẩm đạt chuẩn chất lượng.,0.935,0.912,0.977,0.892,C,1.28,1.53,"Sử dụng công thức xác suất toàn phần để xác định tỷ lệ phế phẩm chung của toàn nhà máy: $P(\text{Phế phẩm}) = 0{,}6 \cdot P(\text{Lỗi}\mid L_1) + 0{,}4 \cdot P(\text{Lỗi}\mid L_2)$.",Áp dụng công thức biến cố đối: Xác suất sản phẩm đạt chuẩn chất lượng xuất xưởng là $P(\text{Đạt}) = 1 - P(\text{Phế phẩm})$.
PROB_PISA_344,Cong nghe thong tin,SKILL_RELIABILITY_TECH,GiaiQuyetVanDe,VanDung,"Một hệ thống cơ sở dữ liệu y tế trực tuyến sử dụng $3$ máy chủ đám mây hoạt động song song độc lập. Xác suất gặp sự cố gián đoạn mạng trong ngày của mỗi máy chủ lần lượt là $0.05$, $0.12$ và $0.14$. Hệ thống duy trì hoạt động bình thường nếu có ít nhất một máy chủ vận hành tốt. Tính xác suất hệ thống dữ liệu hoạt động thông suốt không bị ngắt quãng trong ngày.",0.9572,0.9342,0.9142,0.9992,D,1.45,1.57,Hệ thống chỉ bị gián đoạn toàn phần khi tất cả 3 máy chủ cùng đồng thời gặp sự cố kỹ thuật.,"Vì 3 máy chủ hoạt động độc lập, xác suất gián đoạn toàn bộ là $q_1 \cdot q_2 \cdot q_3$. Áp dụng nguyên lý biến cố đối để tìm xác suất hệ thống hoạt động thông suốt."
PROB_PISA_345,Giao thong - Logistics,SKILL_LOGISTICS,GiaiQuyetVanDe,VanDung,"Một kiện hàng hóa sinh học được vận chuyển qua ba cung đường độc lập: hàng không, đường sắt và vận tải nội đô. Xác suất xảy ra chậm trễ giờ ở mỗi cung đường lần lượt là $0.08$, $0.1$ và $0.08$. Tính xác suất để kiện hàng đến đích hoàn toàn đúng thời gian quy định (không trễ ở bất kỳ chặng nào).",0.7618,0.7968,0.7198,0.8198,A,1.26,1.61,"Để toàn bộ kiện hàng đến đúng hẹn, điều kiện cần và đủ là cả 3 chặng vận chuyển đều phải hoàn thành đúng giờ.","Tính xác suất đúng giờ của từng chặng: $1 - d_i$, sau đó áp dụng quy tắc nhân xác suất cho 3 biến cố độc lập liên tiếp."
PROB_PISA_346,Y te - Duoc pham,SKILL_INDEP_MEDICAL,GiaiQuyetVanDe,VanDung,"Trong một nghiên cứu y khoa, ba phương pháp xét nghiệm sinh học $M_1$, $M_2$ và $M_3$ hoạt động độc lập để phát hiện kháng thể trong huyết thanh bệnh nhân. Xác suất phát hiện thành công của mỗi phương pháp lần lượt là $0.79$, $0.88$ và $0.89$. Tính xác suất để có ít nhất một phương pháp phát hiện thành công kháng thể.",0.9552,0.9322,0.9972,0.9122,C,1.43,1.65,Xác định biến cố đối: Tình huống 'cả ba phương pháp đều không phát hiện được kháng thể' xảy ra khi từng phương pháp đồng thời thất bại.,"Vì các phương pháp hoạt động độc lập, hãy tính xác suất cả 3 cùng thất bại: $P(\text{Đối}) = (1 - 0.79)(1 - 0.88)(1 - 0.89)$, sau đó tính $P = 1 - P(\text{Đối})$."
PROB_PISA_347,Tai chinh - Kinh te,SKILL_RISK_FINANCE,GiaiQuyetVanDe,VanDung,Một nhà đầu tư tài chính phân bổ vốn vào hai quỹ mở $F_1$ và $F_2$ hoạt động trên hai thị trường độc lập. Xác suất quỹ $F_1$ đạt mục tiêu lợi nhuận trong quý là $0.86$ và quỹ $F_2$ là $0.79$. Tính xác suất để nhà đầu tư có ít nhất một quỹ đạt mục tiêu lợi nhuận đã đề ra.,0.9286,0.9056,0.9706,0.8856,C,1.24,1.69,Xác định biến cố đối: Tình huống xấu nhất 'cả hai quỹ đều không đạt mục tiêu lợi nhuận' xảy ra với xác suất bao nhiêu?,"Vì hai quỹ hoạt động độc lập, tính xác suất biến cố đối bằng quy tắc nhân: $P(\text{Đối}) = (1 - P(F_1))(1 - P(F_2))$, sau đó lấy $1 - P(\text{Đối})$."
PROB_PISA_348,Ky thuat - San xuat,SKILL_RELIABILITY_TECH,GiaiQuyetVanDe,VanDung,Một nhà máy sản xuất linh kiện điện tử có hai dây chuyền $L_1$ và $L_2$ cùng sản xuất một mã sản phẩm. Dây chuyền $L_1$ chiếm $60\%$ tổng sản lượng với tỷ lệ phế phẩm là $2.0\%$; dây chuyền $L_2$ chiếm $40\%$ sản lượng với tỷ lệ phế phẩm là $2.5\%$. Chọn ngẫu nhiên một linh kiện trong kho thành phẩm. Tính xác suất linh kiện được chọn là sản phẩm đạt chuẩn chất lượng.,0.936,0.913,0.893,0.978,D,1.41,1.73,"Sử dụng công thức xác suất toàn phần để xác định tỷ lệ phế phẩm chung của toàn nhà máy: $P(\text{Phế phẩm}) = 0{,}6 \cdot P(\text{Lỗi}\mid L_1) + 0{,}4 \cdot P(\text{Lỗi}\mid L_2)$.",Áp dụng công thức biến cố đối: Xác suất sản phẩm đạt chuẩn chất lượng xuất xưởng là $P(\text{Đạt}) = 1 - P(\text{Phế phẩm})$.
PROB_PISA_349,Cong nghe thong tin,SKILL_RELIABILITY_TECH,GiaiQuyetVanDe,VanDung,"Một hệ thống cơ sở dữ liệu y tế trực tuyến sử dụng $3$ máy chủ đám mây hoạt động song song độc lập. Xác suất gặp sự cố gián đoạn mạng trong ngày của mỗi máy chủ lần lượt là $0.07$, $0.08$ và $0.1$. Hệ thống duy trì hoạt động bình thường nếu có ít nhất một máy chủ vận hành tốt. Tính xác suất hệ thống dữ liệu hoạt động thông suốt không bị ngắt quãng trong ngày.",0.9994,0.9574,0.9344,0.9144,A,1.22,1.77,Hệ thống chỉ bị gián đoạn toàn phần khi tất cả 3 máy chủ cùng đồng thời gặp sự cố kỹ thuật.,"Vì 3 máy chủ hoạt động độc lập, xác suất gián đoạn toàn bộ là $q_1 \cdot q_2 \cdot q_3$. Áp dụng nguyên lý biến cố đối để tìm xác suất hệ thống hoạt động thông suốt."
PROB_PISA_350,Giao thong - Logistics,SKILL_LOGISTICS,GiaiQuyetVanDe,VanDung,"Một kiện hàng hóa sinh học được vận chuyển qua ba cung đường độc lập: hàng không, đường sắt và vận tải nội đô. Xác suất xảy ra chậm trễ giờ ở mỗi cung đường lần lượt là $0.04$, $0.06$ và $0.1$. Tính xác suất để kiện hàng đến đích hoàn toàn đúng thời gian quy định (không trễ ở bất kỳ chặng nào).",0.8472,0.8122,0.7702,0.8702,B,1.39,1.81,"Để toàn bộ kiện hàng đến đúng hẹn, điều kiện cần và đủ là cả 3 chặng vận chuyển đều phải hoàn thành đúng giờ.","Tính xác suất đúng giờ của từng chặng: $1 - d_i$, sau đó áp dụng quy tắc nhân xác suất cho 3 biến cố độc lập liên tiếp."
PROB_PISA_351,Y te - Duoc pham,SKILL_INDEP_MEDICAL,GiaiQuyetVanDe,VanDung,"Ba nhóm bệnh nhân độc lập gồm nhóm 1, nhóm 2 và nhóm 3 được chỉ định phác đồ điều trị mới. Xác suất đáp ứng thuốc tốt của mỗi nhóm lần lượt là $0.79$, $0.92$ và $0.85$. Tính xác suất để có đúng hai trong ba nhóm đáp ứng tốt với phác đồ điều trị.",0.362,0.285,0.385,0.327,D,1.2,0.85,"Phân tích thành 3 trường hợp rời nhau (xung khắc): (nhóm 1 và 2 đạt, nhóm 3 không), (nhóm 1 và 3 đạt, nhóm 2 không), hoặc (nhóm 2 và 3 đạt, nhóm 1 không).","Áp dụng quy tắc nhân xác suất cho các biến cố độc lập trong từng trường hợp, sau đó áp dụng quy tắc cộng xác suất để tìm kết quả chung."
PROB_PISA_352,Tai chinh - Kinh te,SKILL_RISK_FINANCE,GiaiQuyetVanDe,VanDung,Một nhà đầu tư tài chính phân bổ vốn vào hai quỹ mở $F_1$ và $F_2$ hoạt động trên hai thị trường độc lập. Xác suất quỹ $F_1$ đạt mục tiêu lợi nhuận trong quý là $0.7$ và quỹ $F_2$ là $0.83$. Tính xác suất để nhà đầu tư có ít nhất một quỹ đạt mục tiêu lợi nhuận đã đề ra.,0.984,0.907,0.884,0.949,D,1.37,0.89,Xác định biến cố đối: Tình huống xấu nhất 'cả hai quỹ đều không đạt mục tiêu lợi nhuận' xảy ra với xác suất bao nhiêu?,"Vì hai quỹ hoạt động độc lập, tính xác suất biến cố đối bằng quy tắc nhân: $P(\text{Đối}) = (1 - P(F_1))(1 - P(F_2))$, sau đó lấy $1 - P(\text{Đối})$."
PROB_PISA_353,Ky thuat - San xuat,SKILL_RELIABILITY_TECH,GiaiQuyetVanDe,VanDung,Một nhà máy sản xuất linh kiện điện tử có hai dây chuyền $L_1$ và $L_2$ cùng sản xuất một mã sản phẩm. Dây chuyền $L_1$ chiếm $60\%$ tổng sản lượng với tỷ lệ phế phẩm là $2.5\%$; dây chuyền $L_2$ chiếm $40\%$ sản lượng với tỷ lệ phế phẩm là $3.0\%$. Chọn ngẫu nhiên một linh kiện trong kho thành phẩm. Tính xác suất linh kiện được chọn là sản phẩm đạt chuẩn chất lượng.,0.973,0.931,0.908,0.888,A,1.18,0.93,"Sử dụng công thức xác suất toàn phần để xác định tỷ lệ phế phẩm chung của toàn nhà máy: $P(\text{Phế phẩm}) = 0{,}6 \cdot P(\text{Lỗi}\mid L_1) + 0{,}4 \cdot P(\text{Lỗi}\mid L_2)$.",Áp dụng công thức biến cố đối: Xác suất sản phẩm đạt chuẩn chất lượng xuất xưởng là $P(\text{Đạt}) = 1 - P(\text{Phế phẩm})$.
PROB_PISA_354,Cong nghe thong tin,SKILL_RELIABILITY_TECH,GiaiQuyetVanDe,VanDung,"Một hệ thống cơ sở dữ liệu y tế trực tuyến sử dụng $3$ máy chủ đám mây hoạt động song song độc lập. Xác suất gặp sự cố gián đoạn mạng trong ngày của mỗi máy chủ lần lượt là $0.09$, $0.1$ và $0.12$. Hệ thống duy trì hoạt động bình thường nếu có ít nhất một máy chủ vận hành tốt. Tính xác suất hệ thống dữ liệu hoạt động thông suốt không bị ngắt quãng trong ngày.",0.9569,0.9989,0.9339,0.9139,B,1.35,0.97,Hệ thống chỉ bị gián đoạn toàn phần khi tất cả 3 máy chủ cùng đồng thời gặp sự cố kỹ thuật.,"Vì 3 máy chủ hoạt động độc lập, xác suất gián đoạn toàn bộ là $q_1 \cdot q_2 \cdot q_3$. Áp dụng nguyên lý biến cố đối để tìm xác suất hệ thống hoạt động thông suốt."
PROB_PISA_355,Giao thong - Logistics,SKILL_LOGISTICS,GiaiQuyetVanDe,VanDung,"Một kiện hàng hóa sinh học được vận chuyển qua ba cung đường độc lập: hàng không, đường sắt và vận tải nội đô. Xác suất xảy ra chậm trễ giờ ở mỗi cung đường lần lượt là $0.06$, $0.08$ và $0.12$. Tính xác suất để kiện hàng đến đích hoàn toàn đúng thời gian quy định (không trễ ở bất kỳ chặng nào).",0.796,0.719,0.761,0.819,C,1.16,1.01,"Để toàn bộ kiện hàng đến đúng hẹn, điều kiện cần và đủ là cả 3 chặng vận chuyển đều phải hoàn thành đúng giờ.","Tính xác suất đúng giờ của từng chặng: $1 - d_i$, sau đó áp dụng quy tắc nhân xác suất cho 3 biến cố độc lập liên tiếp."
PROB_PISA_356,Y te - Duoc pham,SKILL_INDEP_MEDICAL,GiaiQuyetVanDe,VanDung,"Trong một nghiên cứu y khoa, ba phương pháp xét nghiệm sinh học $M_1$, $M_2$ và $M_3$ hoạt động độc lập để phát hiện kháng thể trong huyết thanh bệnh nhân. Xác suất phát hiện thành công của mỗi phương pháp lần lượt là $0.79$, $0.8$ và $0.93$. Tính xác suất để có ít nhất một phương pháp phát hiện thành công kháng thể.",0.9971,0.9551,0.9321,0.9121,A,1.33,1.05,Xác định biến cố đối: Tình huống 'cả ba phương pháp đều không phát hiện được kháng thể' xảy ra khi từng phương pháp đồng thời thất bại.,"Vì các phương pháp hoạt động độc lập, hãy tính xác suất cả 3 cùng thất bại: $P(\text{Đối}) = (1 - 0.79)(1 - 0.8)(1 - 0.93)$, sau đó tính $P = 1 - P(\text{Đối})$."
PROB_PISA_357,Tai chinh - Kinh te,SKILL_RISK_FINANCE,GiaiQuyetVanDe,VanDung,Một nhà đầu tư tài chính phân bổ vốn vào hai quỹ mở $F_1$ và $F_2$ hoạt động trên hai thị trường độc lập. Xác suất quỹ $F_1$ đạt mục tiêu lợi nhuận trong quý là $0.74$ và quỹ $F_2$ là $0.87$. Tính xác suất để nhà đầu tư có ít nhất một quỹ đạt mục tiêu lợi nhuận đã đề ra.,0.9662,0.9242,0.9012,0.8812,A,1.14,1.09,Xác định biến cố đối: Tình huống xấu nhất 'cả hai quỹ đều không đạt mục tiêu lợi nhuận' xảy ra với xác suất bao nhiêu?,"Vì hai quỹ hoạt động độc lập, tính xác suất biến cố đối bằng quy tắc nhân: $P(\text{Đối}) = (1 - P(F_1))(1 - P(F_2))$, sau đó lấy $1 - P(\text{Đối})$."
PROB_PISA_358,Ky thuat - San xuat,SKILL_RELIABILITY_TECH,GiaiQuyetVanDe,VanDung,Một nhà máy sản xuất linh kiện điện tử có hai dây chuyền $L_1$ và $L_2$ cùng sản xuất một mã sản phẩm. Dây chuyền $L_1$ chiếm $60\%$ tổng sản lượng với tỷ lệ phế phẩm là $3.0\%$; dây chuyền $L_2$ chiếm $40\%$ sản lượng với tỷ lệ phế phẩm là $3.5000000000000004\%$. Chọn ngẫu nhiên một linh kiện trong kho thành phẩm. Tính xác suất linh kiện được chọn là sản phẩm đạt chuẩn chất lượng.,0.926,0.968,0.903,0.883,B,1.31,1.13,"Sử dụng công thức xác suất toàn phần để xác định tỷ lệ phế phẩm chung của toàn nhà máy: $P(\text{Phế phẩm}) = 0{,}6 \cdot P(\text{Lỗi}\mid L_1) + 0{,}4 \cdot P(\text{Lỗi}\mid L_2)$.",Áp dụng công thức biến cố đối: Xác suất sản phẩm đạt chuẩn chất lượng xuất xưởng là $P(\text{Đạt}) = 1 - P(\text{Phế phẩm})$.
PROB_PISA_359,Cong nghe thong tin,SKILL_RELIABILITY_TECH,GiaiQuyetVanDe,VanDung,"Một hệ thống cơ sở dữ liệu y tế trực tuyến sử dụng $3$ máy chủ đám mây hoạt động song song độc lập. Xác suất gặp sự cố gián đoạn mạng trong ngày của mỗi máy chủ lần lượt là $0.11$, $0.12$ và $0.14$. Hệ thống duy trì hoạt động bình thường nếu có ít nhất một máy chủ vận hành tốt. Tính xác suất hệ thống dữ liệu hoạt động thông suốt không bị ngắt quãng trong ngày.",0.9562,0.9332,0.9982,0.9132,C,1.12,1.17,Hệ thống chỉ bị gián đoạn toàn phần khi tất cả 3 máy chủ cùng đồng thời gặp sự cố kỹ thuật.,"Vì 3 máy chủ hoạt động độc lập, xác suất gián đoạn toàn bộ là $q_1 \cdot q_2 \cdot q_3$. Áp dụng nguyên lý biến cố đối để tìm xác suất hệ thống hoạt động thông suốt."
PROB_PISA_360,Giao thong - Logistics,SKILL_LOGISTICS,GiaiQuyetVanDe,VanDung,"Một kiện hàng hóa sinh học được vận chuyển qua ba cung đường độc lập: hàng không, đường sắt và vận tải nội đô. Xác suất xảy ra chậm trễ giờ ở mỗi cung đường lần lượt là $0.08$, $0.1$ và $0.14$. Tính xác suất để kiện hàng đến đích hoàn toàn đúng thời gian quy định (không trễ ở bất kỳ chặng nào).",0.7471,0.6701,0.7701,0.7121,D,1.29,1.21,"Để toàn bộ kiện hàng đến đúng hẹn, điều kiện cần và đủ là cả 3 chặng vận chuyển đều phải hoàn thành đúng giờ.","Tính xác suất đúng giờ của từng chặng: $1 - d_i$, sau đó áp dụng quy tắc nhân xác suất cho 3 biến cố độc lập liên tiếp."
PROB_PISA_361,Y te - Duoc pham,SKILL_INDEP_MEDICAL,GiaiQuyetVanDe,VanDung,"Ba nhóm bệnh nhân độc lập gồm nhóm 1, nhóm 2 và nhóm 3 được chỉ định phác đồ điều trị mới. Xác suất đáp ứng thuốc tốt của mỗi nhóm lần lượt là $0.79$, $0.84$ và $0.89$. Tính xác suất để có đúng hai trong ba nhóm đáp ứng tốt với phác đồ điều trị.",0.3775,0.3425,0.3005,0.4005,B,1.1,1.25,"Phân tích thành 3 trường hợp rời nhau (xung khắc): (nhóm 1 và 2 đạt, nhóm 3 không), (nhóm 1 và 3 đạt, nhóm 2 không), hoặc (nhóm 2 và 3 đạt, nhóm 1 không).","Áp dụng quy tắc nhân xác suất cho các biến cố độc lập trong từng trường hợp, sau đó áp dụng quy tắc cộng xác suất để tìm kết quả chung."
PROB_PISA_362,Tai chinh - Kinh te,SKILL_RISK_FINANCE,GiaiQuyetVanDe,VanDung,Một nhà đầu tư tài chính phân bổ vốn vào hai quỹ mở $F_1$ và $F_2$ hoạt động trên hai thị trường độc lập. Xác suất quỹ $F_1$ đạt mục tiêu lợi nhuận trong quý là $0.78$ và quỹ $F_2$ là $0.75$. Tính xác suất để nhà đầu tư có ít nhất một quỹ đạt mục tiêu lợi nhuận đã đề ra.,0.98,0.945,0.903,0.88,B,1.27,1.29,Xác định biến cố đối: Tình huống xấu nhất 'cả hai quỹ đều không đạt mục tiêu lợi nhuận' xảy ra với xác suất bao nhiêu?,"Vì hai quỹ hoạt động độc lập, tính xác suất biến cố đối bằng quy tắc nhân: $P(\text{Đối}) = (1 - P(F_1))(1 - P(F_2))$, sau đó lấy $1 - P(\text{Đối})$."
PROB_PISA_363,Ky thuat - San xuat,SKILL_RELIABILITY_TECH,GiaiQuyetVanDe,VanDung,Một nhà máy sản xuất linh kiện điện tử có hai dây chuyền $L_1$ và $L_2$ cùng sản xuất một mã sản phẩm. Dây chuyền $L_1$ chiếm $60\%$ tổng sản lượng với tỷ lệ phế phẩm là $1.5\%$; dây chuyền $L_2$ chiếm $40\%$ sản lượng với tỷ lệ phế phẩm là $2.5\%$. Chọn ngẫu nhiên một linh kiện trong kho thành phẩm. Tính xác suất linh kiện được chọn là sản phẩm đạt chuẩn chất lượng.,0.939,0.916,0.981,0.896,C,1.44,1.33,"Sử dụng công thức xác suất toàn phần để xác định tỷ lệ phế phẩm chung của toàn nhà máy: $P(\text{Phế phẩm}) = 0{,}6 \cdot P(\text{Lỗi}\mid L_1) + 0{,}4 \cdot P(\text{Lỗi}\mid L_2)$.",Áp dụng công thức biến cố đối: Xác suất sản phẩm đạt chuẩn chất lượng xuất xưởng là $P(\text{Đạt}) = 1 - P(\text{Phế phẩm})$.
PROB_PISA_364,Cong nghe thong tin,SKILL_RELIABILITY_TECH,GiaiQuyetVanDe,VanDung,"Một hệ thống cơ sở dữ liệu y tế trực tuyến sử dụng $3$ máy chủ đám mây hoạt động song song độc lập. Xác suất gặp sự cố gián đoạn mạng trong ngày của mỗi máy chủ lần lượt là $0.05$, $0.08$ và $0.1$. Hệ thống duy trì hoạt động bình thường nếu có ít nhất một máy chủ vận hành tốt. Tính xác suất hệ thống dữ liệu hoạt động thông suốt không bị ngắt quãng trong ngày.",0.9576,0.9346,0.9146,0.9996,D,1.25,1.37,Hệ thống chỉ bị gián đoạn toàn phần khi tất cả 3 máy chủ cùng đồng thời gặp sự cố kỹ thuật.,"Vì 3 máy chủ hoạt động độc lập, xác suất gián đoạn toàn bộ là $q_1 \cdot q_2 \cdot q_3$. Áp dụng nguyên lý biến cố đối để tìm xác suất hệ thống hoạt động thông suốt."
PROB_PISA_365,Giao thong - Logistics,SKILL_LOGISTICS,GiaiQuyetVanDe,VanDung,"Một kiện hàng hóa sinh học được vận chuyển qua ba cung đường độc lập: hàng không, đường sắt và vận tải nội đô. Xác suất xảy ra chậm trễ giờ ở mỗi cung đường lần lượt là $0.04$, $0.06$ và $0.08$. Tính xác suất để kiện hàng đến đích hoàn toàn đúng thời gian quy định (không trễ ở bất kỳ chặng nào).",0.8302,0.8652,0.7882,0.8882,A,1.42,1.41,"Để toàn bộ kiện hàng đến đúng hẹn, điều kiện cần và đủ là cả 3 chặng vận chuyển đều phải hoàn thành đúng giờ.","Tính xác suất đúng giờ của từng chặng: $1 - d_i$, sau đó áp dụng quy tắc nhân xác suất cho 3 biến cố độc lập liên tiếp."
PROB_PISA_366,Y te - Duoc pham,SKILL_INDEP_MEDICAL,GiaiQuyetVanDe,VanDung,"Trong một nghiên cứu y khoa, ba phương pháp xét nghiệm sinh học $M_1$, $M_2$ và $M_3$ hoạt động độc lập để phát hiện kháng thể trong huyết thanh bệnh nhân. Xác suất phát hiện thành công của mỗi phương pháp lần lượt là $0.79$, $0.88$ và $0.85$. Tính xác suất để có ít nhất một phương pháp phát hiện thành công kháng thể.",0.9542,0.9312,0.9962,0.9112,C,1.23,1.45,Xác định biến cố đối: Tình huống 'cả ba phương pháp đều không phát hiện được kháng thể' xảy ra khi từng phương pháp đồng thời thất bại.,"Vì các phương pháp hoạt động độc lập, hãy tính xác suất cả 3 cùng thất bại: $P(\text{Đối}) = (1 - 0.79)(1 - 0.88)(1 - 0.85)$, sau đó tính $P = 1 - P(\text{Đối})$."
PROB_PISA_367,Tai chinh - Kinh te,SKILL_RISK_FINANCE,GiaiQuyetVanDe,VanDung,Một nhà đầu tư tài chính phân bổ vốn vào hai quỹ mở $F_1$ và $F_2$ hoạt động trên hai thị trường độc lập. Xác suất quỹ $F_1$ đạt mục tiêu lợi nhuận trong quý là $0.82$ và quỹ $F_2$ là $0.79$. Tính xác suất để nhà đầu tư có ít nhất một quỹ đạt mục tiêu lợi nhuận đã đề ra.,0.9972,0.9202,0.9622,0.8972,C,1.4,1.49,Xác định biến cố đối: Tình huống xấu nhất 'cả hai quỹ đều không đạt mục tiêu lợi nhuận' xảy ra với xác suất bao nhiêu?,"Vì hai quỹ hoạt động độc lập, tính xác suất biến cố đối bằng quy tắc nhân: $P(\text{Đối}) = (1 - P(F_1))(1 - P(F_2))$, sau đó lấy $1 - P(\text{Đối})$."
PROB_PISA_368,Ky thuat - San xuat,SKILL_RELIABILITY_TECH,GiaiQuyetVanDe,VanDung,Một nhà máy sản xuất linh kiện điện tử có hai dây chuyền $L_1$ và $L_2$ cùng sản xuất một mã sản phẩm. Dây chuyền $L_1$ chiếm $60\%$ tổng sản lượng với tỷ lệ phế phẩm là $2.0\%$; dây chuyền $L_2$ chiếm $40\%$ sản lượng với tỷ lệ phế phẩm là $3.0\%$. Chọn ngẫu nhiên một linh kiện trong kho thành phẩm. Tính xác suất linh kiện được chọn là sản phẩm đạt chuẩn chất lượng.,0.934,0.911,0.891,0.976,D,1.21,1.53,"Sử dụng công thức xác suất toàn phần để xác định tỷ lệ phế phẩm chung của toàn nhà máy: $P(\text{Phế phẩm}) = 0{,}6 \cdot P(\text{Lỗi}\mid L_1) + 0{,}4 \cdot P(\text{Lỗi}\mid L_2)$.",Áp dụng công thức biến cố đối: Xác suất sản phẩm đạt chuẩn chất lượng xuất xưởng là $P(\text{Đạt}) = 1 - P(\text{Phế phẩm})$.
PROB_PISA_369,Cong nghe thong tin,SKILL_RELIABILITY_TECH,GiaiQuyetVanDe,VanDung,"Một hệ thống cơ sở dữ liệu y tế trực tuyến sử dụng $3$ máy chủ đám mây hoạt động song song độc lập. Xác suất gặp sự cố gián đoạn mạng trong ngày của mỗi máy chủ lần lượt là $0.07$, $0.1$ và $0.12$. Hệ thống duy trì hoạt động bình thường nếu có ít nhất một máy chủ vận hành tốt. Tính xác suất hệ thống dữ liệu hoạt động thông suốt không bị ngắt quãng trong ngày.",0.9992,0.9572,0.9342,0.9142,A,1.38,1.57,Hệ thống chỉ bị gián đoạn toàn phần khi tất cả 3 máy chủ cùng đồng thời gặp sự cố kỹ thuật.,"Vì 3 máy chủ hoạt động độc lập, xác suất gián đoạn toàn bộ là $q_1 \cdot q_2 \cdot q_3$. Áp dụng nguyên lý biến cố đối để tìm xác suất hệ thống hoạt động thông suốt."
PROB_PISA_370,Giao thong - Logistics,SKILL_LOGISTICS,GiaiQuyetVanDe,VanDung,"Một kiện hàng hóa sinh học được vận chuyển qua ba cung đường độc lập: hàng không, đường sắt và vận tải nội đô. Xác suất xảy ra chậm trễ giờ ở mỗi cung đường lần lượt là $0.06$, $0.08$ và $0.1$. Tính xác suất để kiện hàng đến đích hoàn toàn đúng thời gian quy định (không trễ ở bất kỳ chặng nào).",0.8133,0.7783,0.7363,0.8363,B,1.19,1.61,"Để toàn bộ kiện hàng đến đúng hẹn, điều kiện cần và đủ là cả 3 chặng vận chuyển đều phải hoàn thành đúng giờ.","Tính xác suất đúng giờ của từng chặng: $1 - d_i$, sau đó áp dụng quy tắc nhân xác suất cho 3 biến cố độc lập liên tiếp."
PROB_PISA_371,Y te - Duoc pham,SKILL_INDEP_MEDICAL,GiaiQuyetVanDe,VanDung,"Ba nhóm bệnh nhân độc lập gồm nhóm 1, nhóm 2 và nhóm 3 được chỉ định phác đồ điều trị mới. Xác suất đáp ứng thuốc tốt của mỗi nhóm lần lượt là $0.79$, $0.92$ và $0.93$. Tính xác suất để có đúng hai trong ba nhóm đáp ứng tốt với phác đồ điều trị.",0.3243,0.2473,0.3473,0.2893,D,1.36,1.65,"Phân tích thành 3 trường hợp rời nhau (xung khắc): (nhóm 1 và 2 đạt, nhóm 3 không), (nhóm 1 và 3 đạt, nhóm 2 không), hoặc (nhóm 2 và 3 đạt, nhóm 1 không).","Áp dụng quy tắc nhân xác suất cho các biến cố độc lập trong từng trường hợp, sau đó áp dụng quy tắc cộng xác suất để tìm kết quả chung."
PROB_PISA_372,Tai chinh - Kinh te,SKILL_RISK_FINANCE,GiaiQuyetVanDe,VanDung,Một nhà đầu tư tài chính phân bổ vốn vào hai quỹ mở $F_1$ và $F_2$ hoạt động trên hai thị trường độc lập. Xác suất quỹ $F_1$ đạt mục tiêu lợi nhuận trong quý là $0.86$ và quỹ $F_2$ là $0.83$. Tính xác suất để nhà đầu tư có ít nhất một quỹ đạt mục tiêu lợi nhuận đã đề ra.,0.9342,0.9112,0.8912,0.9762,D,1.17,1.69,Xác định biến cố đối: Tình huống xấu nhất 'cả hai quỹ đều không đạt mục tiêu lợi nhuận' xảy ra với xác suất bao nhiêu?,"Vì hai quỹ hoạt động độc lập, tính xác suất biến cố đối bằng quy tắc nhân: $P(\text{Đối}) = (1 - P(F_1))(1 - P(F_2))$, sau đó lấy $1 - P(\text{Đối})$."
PROB_PISA_373,Ky thuat - San xuat,SKILL_RELIABILITY_TECH,GiaiQuyetVanDe,VanDung,Một nhà máy sản xuất linh kiện điện tử có hai dây chuyền $L_1$ và $L_2$ cùng sản xuất một mã sản phẩm. Dây chuyền $L_1$ chiếm $60\%$ tổng sản lượng với tỷ lệ phế phẩm là $2.5\%$; dây chuyền $L_2$ chiếm $40\%$ sản lượng với tỷ lệ phế phẩm là $3.5000000000000004\%$. Chọn ngẫu nhiên một linh kiện trong kho thành phẩm. Tính xác suất linh kiện được chọn là sản phẩm đạt chuẩn chất lượng.,0.971,0.929,0.906,0.886,A,1.34,1.73,"Sử dụng công thức xác suất toàn phần để xác định tỷ lệ phế phẩm chung của toàn nhà máy: $P(\text{Phế phẩm}) = 0{,}6 \cdot P(\text{Lỗi}\mid L_1) + 0{,}4 \cdot P(\text{Lỗi}\mid L_2)$.",Áp dụng công thức biến cố đối: Xác suất sản phẩm đạt chuẩn chất lượng xuất xưởng là $P(\text{Đạt}) = 1 - P(\text{Phế phẩm})$.
PROB_PISA_374,Cong nghe thong tin,SKILL_RELIABILITY_TECH,GiaiQuyetVanDe,VanDung,"Một hệ thống cơ sở dữ liệu y tế trực tuyến sử dụng $3$ máy chủ đám mây hoạt động song song độc lập. Xác suất gặp sự cố gián đoạn mạng trong ngày của mỗi máy chủ lần lượt là $0.09$, $0.12$ và $0.14$. Hệ thống duy trì hoạt động bình thường nếu có ít nhất một máy chủ vận hành tốt. Tính xác suất hệ thống dữ liệu hoạt động thông suốt không bị ngắt quãng trong ngày.",0.9565,0.9985,0.9335,0.9135,B,1.15,1.77,Hệ thống chỉ bị gián đoạn toàn phần khi tất cả 3 máy chủ cùng đồng thời gặp sự cố kỹ thuật.,"Vì 3 máy chủ hoạt động độc lập, xác suất gián đoạn toàn bộ là $q_1 \cdot q_2 \cdot q_3$. Áp dụng nguyên lý biến cố đối để tìm xác suất hệ thống hoạt động thông suốt."
PROB_PISA_375,Giao thong - Logistics,SKILL_LOGISTICS,GiaiQuyetVanDe,VanDung,"Một kiện hàng hóa sinh học được vận chuyển qua ba cung đường độc lập: hàng không, đường sắt và vận tải nội đô. Xác suất xảy ra chậm trễ giờ ở mỗi cung đường lần lượt là $0.08$, $0.1$ và $0.12$. Tính xác suất để kiện hàng đến đích hoàn toàn đúng thời gian quy định (không trễ ở bất kỳ chặng nào).",0.7636,0.6866,0.7286,0.7866,C,1.32,1.81,"Để toàn bộ kiện hàng đến đúng hẹn, điều kiện cần và đủ là cả 3 chặng vận chuyển đều phải hoàn thành đúng giờ.","Tính xác suất đúng giờ của từng chặng: $1 - d_i$, sau đó áp dụng quy tắc nhân xác suất cho 3 biến cố độc lập liên tiếp."
PROB_PISA_376,Y te - Duoc pham,SKILL_INDEP_MEDICAL,GiaiQuyetVanDe,VanDung,"Trong một nghiên cứu y khoa, ba phương pháp xét nghiệm sinh học $M_1$, $M_2$ và $M_3$ hoạt động độc lập để phát hiện kháng thể trong huyết thanh bệnh nhân. Xác suất phát hiện thành công của mỗi phương pháp lần lượt là $0.79$, $0.8$ và $0.89$. Tính xác suất để có ít nhất một phương pháp phát hiện thành công kháng thể.",0.9954,0.9534,0.9304,0.9104,A,1.13,0.85,Xác định biến cố đối: Tình huống 'cả ba phương pháp đều không phát hiện được kháng thể' xảy ra khi từng phương pháp đồng thời thất bại.,"Vì các phương pháp hoạt động độc lập, hãy tính xác suất cả 3 cùng thất bại: $P(\text{Đối}) = (1 - 0.79)(1 - 0.8)(1 - 0.89)$, sau đó tính $P = 1 - P(\text{Đối})$."
PROB_PISA_377,Tai chinh - Kinh te,SKILL_RISK_FINANCE,GiaiQuyetVanDe,VanDung,Một nhà đầu tư tài chính phân bổ vốn vào hai quỹ mở $F_1$ và $F_2$ hoạt động trên hai thị trường độc lập. Xác suất quỹ $F_1$ đạt mục tiêu lợi nhuận trong quý là $0.7$ và quỹ $F_2$ là $0.87$. Tính xác suất để nhà đầu tư có ít nhất một quỹ đạt mục tiêu lợi nhuận đã đề ra.,0.961,0.996,0.919,0.896,A,1.3,0.89,Xác định biến cố đối: Tình huống xấu nhất 'cả hai quỹ đều không đạt mục tiêu lợi nhuận' xảy ra với xác suất bao nhiêu?,"Vì hai quỹ hoạt động độc lập, tính xác suất biến cố đối bằng quy tắc nhân: $P(\text{Đối}) = (1 - P(F_1))(1 - P(F_2))$, sau đó lấy $1 - P(\text{Đối})$."
PROB_PISA_378,Ky thuat - San xuat,SKILL_RELIABILITY_TECH,GiaiQuyetVanDe,VanDung,Một nhà máy sản xuất linh kiện điện tử có hai dây chuyền $L_1$ và $L_2$ cùng sản xuất một mã sản phẩm. Dây chuyền $L_1$ chiếm $60\%$ tổng sản lượng với tỷ lệ phế phẩm là $3.0\%$; dây chuyền $L_2$ chiếm $40\%$ sản lượng với tỷ lệ phế phẩm là $2.5\%$. Chọn ngẫu nhiên một linh kiện trong kho thành phẩm. Tính xác suất linh kiện được chọn là sản phẩm đạt chuẩn chất lượng.,0.93,0.972,0.907,0.887,B,1.11,0.93,"Sử dụng công thức xác suất toàn phần để xác định tỷ lệ phế phẩm chung của toàn nhà máy: $P(\text{Phế phẩm}) = 0{,}6 \cdot P(\text{Lỗi}\mid L_1) + 0{,}4 \cdot P(\text{Lỗi}\mid L_2)$.",Áp dụng công thức biến cố đối: Xác suất sản phẩm đạt chuẩn chất lượng xuất xưởng là $P(\text{Đạt}) = 1 - P(\text{Phế phẩm})$.
PROB_PISA_379,Cong nghe thong tin,SKILL_RELIABILITY_TECH,GiaiQuyetVanDe,VanDung,"Một hệ thống cơ sở dữ liệu y tế trực tuyến sử dụng $3$ máy chủ đám mây hoạt động song song độc lập. Xác suất gặp sự cố gián đoạn mạng trong ngày của mỗi máy chủ lần lượt là $0.11$, $0.08$ và $0.1$. Hệ thống duy trì hoạt động bình thường nếu có ít nhất một máy chủ vận hành tốt. Tính xác suất hệ thống dữ liệu hoạt động thông suốt không bị ngắt quãng trong ngày.",0.9571,0.9341,0.9991,0.9141,C,1.28,0.97,Hệ thống chỉ bị gián đoạn toàn phần khi tất cả 3 máy chủ cùng đồng thời gặp sự cố kỹ thuật.,"Vì 3 máy chủ hoạt động độc lập, xác suất gián đoạn toàn bộ là $q_1 \cdot q_2 \cdot q_3$. Áp dụng nguyên lý biến cố đối để tìm xác suất hệ thống hoạt động thông suốt."
PROB_PISA_380,Giao thong - Logistics,SKILL_LOGISTICS,GiaiQuyetVanDe,VanDung,"Một kiện hàng hóa sinh học được vận chuyển qua ba cung đường độc lập: hàng không, đường sắt và vận tải nội đô. Xác suất xảy ra chậm trễ giờ ở mỗi cung đường lần lượt là $0.04$, $0.06$ và $0.14$. Tính xác suất để kiện hàng đến đích hoàn toàn đúng thời gian quy định (không trễ ở bất kỳ chặng nào).",0.8111,0.7341,0.8341,0.7761,D,1.45,1.01,"Để toàn bộ kiện hàng đến đúng hẹn, điều kiện cần và đủ là cả 3 chặng vận chuyển đều phải hoàn thành đúng giờ.","Tính xác suất đúng giờ của từng chặng: $1 - d_i$, sau đó áp dụng quy tắc nhân xác suất cho 3 biến cố độc lập liên tiếp."
PROB_PISA_381,Y te - Duoc pham,SKILL_INDEP_MEDICAL,GiaiQuyetVanDe,VanDung,"Ba nhóm bệnh nhân độc lập gồm nhóm 1, nhóm 2 và nhóm 3 được chỉ định phác đồ điều trị mới. Xác suất đáp ứng thuốc tốt của mỗi nhóm lần lượt là $0.79$, $0.84$ và $0.85$. Tính xác suất để có đúng hai trong ba nhóm đáp ứng tốt với phác đồ điều trị.",0.3919,0.3569,0.3149,0.4149,B,1.26,1.05,"Phân tích thành 3 trường hợp rời nhau (xung khắc): (nhóm 1 và 2 đạt, nhóm 3 không), (nhóm 1 và 3 đạt, nhóm 2 không), hoặc (nhóm 2 và 3 đạt, nhóm 1 không).","Áp dụng quy tắc nhân xác suất cho các biến cố độc lập trong từng trường hợp, sau đó áp dụng quy tắc cộng xác suất để tìm kết quả chung."
PROB_PISA_382,Tai chinh - Kinh te,SKILL_RISK_FINANCE,GiaiQuyetVanDe,VanDung,Một nhà đầu tư tài chính phân bổ vốn vào hai quỹ mở $F_1$ và $F_2$ hoạt động trên hai thị trường độc lập. Xác suất quỹ $F_1$ đạt mục tiêu lợi nhuận trong quý là $0.74$ và quỹ $F_2$ là $0.75$. Tính xác suất để nhà đầu tư có ít nhất một quỹ đạt mục tiêu lợi nhuận đã đề ra.,0.97,0.935,0.893,0.993,B,1.43,1.09,Xác định biến cố đối: Tình huống xấu nhất 'cả hai quỹ đều không đạt mục tiêu lợi nhuận' xảy ra với xác suất bao nhiêu?,"Vì hai quỹ hoạt động độc lập, tính xác suất biến cố đối bằng quy tắc nhân: $P(\text{Đối}) = (1 - P(F_1))(1 - P(F_2))$, sau đó lấy $1 - P(\text{Đối})$."
PROB_PISA_383,Ky thuat - San xuat,SKILL_RELIABILITY_TECH,GiaiQuyetVanDe,VanDung,Một nhà máy sản xuất linh kiện điện tử có hai dây chuyền $L_1$ và $L_2$ cùng sản xuất một mã sản phẩm. Dây chuyền $L_1$ chiếm $60\%$ tổng sản lượng với tỷ lệ phế phẩm là $1.5\%$; dây chuyền $L_2$ chiếm $40\%$ sản lượng với tỷ lệ phế phẩm là $3.0\%$. Chọn ngẫu nhiên một linh kiện trong kho thành phẩm. Tính xác suất linh kiện được chọn là sản phẩm đạt chuẩn chất lượng.,0.937,0.914,0.979,0.894,C,1.24,1.13,"Sử dụng công thức xác suất toàn phần để xác định tỷ lệ phế phẩm chung của toàn nhà máy: $P(\text{Phế phẩm}) = 0{,}6 \cdot P(\text{Lỗi}\mid L_1) + 0{,}4 \cdot P(\text{Lỗi}\mid L_2)$.",Áp dụng công thức biến cố đối: Xác suất sản phẩm đạt chuẩn chất lượng xuất xưởng là $P(\text{Đạt}) = 1 - P(\text{Phế phẩm})$.
PROB_PISA_384,Cong nghe thong tin,SKILL_RELIABILITY_TECH,GiaiQuyetVanDe,VanDung,"Một hệ thống cơ sở dữ liệu y tế trực tuyến sử dụng $3$ máy chủ đám mây hoạt động song song độc lập. Xác suất gặp sự cố gián đoạn mạng trong ngày của mỗi máy chủ lần lượt là $0.05$, $0.1$ và $0.12$. Hệ thống duy trì hoạt động bình thường nếu có ít nhất một máy chủ vận hành tốt. Tính xác suất hệ thống dữ liệu hoạt động thông suốt không bị ngắt quãng trong ngày.",0.9574,0.9344,0.9144,0.9994,D,1.41,1.17,Hệ thống chỉ bị gián đoạn toàn phần khi tất cả 3 máy chủ cùng đồng thời gặp sự cố kỹ thuật.,"Vì 3 máy chủ hoạt động độc lập, xác suất gián đoạn toàn bộ là $q_1 \cdot q_2 \cdot q_3$. Áp dụng nguyên lý biến cố đối để tìm xác suất hệ thống hoạt động thông suốt."
PROB_PISA_385,Giao thong - Logistics,SKILL_LOGISTICS,GiaiQuyetVanDe,VanDung,"Một kiện hàng hóa sinh học được vận chuyển qua ba cung đường độc lập: hàng không, đường sắt và vận tải nội đô. Xác suất xảy ra chậm trễ giờ ở mỗi cung đường lần lượt là $0.06$, $0.08$ và $0.08$. Tính xác suất để kiện hàng đến đích hoàn toàn đúng thời gian quy định (không trễ ở bất kỳ chặng nào).",0.7956,0.8306,0.7536,0.8536,A,1.22,1.21,"Để toàn bộ kiện hàng đến đúng hẹn, điều kiện cần và đủ là cả 3 chặng vận chuyển đều phải hoàn thành đúng giờ.","Tính xác suất đúng giờ của từng chặng: $1 - d_i$, sau đó áp dụng quy tắc nhân xác suất cho 3 biến cố độc lập liên tiếp."
PROB_PISA_386,Y te - Duoc pham,SKILL_INDEP_MEDICAL,GiaiQuyetVanDe,VanDung,"Trong một nghiên cứu y khoa, ba phương pháp xét nghiệm sinh học $M_1$, $M_2$ và $M_3$ hoạt động độc lập để phát hiện kháng thể trong huyết thanh bệnh nhân. Xác suất phát hiện thành công của mỗi phương pháp lần lượt là $0.79$, $0.88$ và $0.93$. Tính xác suất để có ít nhất một phương pháp phát hiện thành công kháng thể.",0.9562,0.9332,0.9982,0.9132,C,1.39,1.25,Xác định biến cố đối: Tình huống 'cả ba phương pháp đều không phát hiện được kháng thể' xảy ra khi từng phương pháp đồng thời thất bại.,"Vì các phương pháp hoạt động độc lập, hãy tính xác suất cả 3 cùng thất bại: $P(\text{Đối}) = (1 - 0.79)(1 - 0.88)(1 - 0.93)$, sau đó tính $P = 1 - P(\text{Đối})$."
PROB_PISA_387,Tai chinh - Kinh te,SKILL_RISK_FINANCE,GiaiQuyetVanDe,VanDung,Một nhà đầu tư tài chính phân bổ vốn vào hai quỹ mở $F_1$ và $F_2$ hoạt động trên hai thị trường độc lập. Xác suất quỹ $F_1$ đạt mục tiêu lợi nhuận trong quý là $0.78$ và quỹ $F_2$ là $0.79$. Tính xác suất để nhà đầu tư có ít nhất một quỹ đạt mục tiêu lợi nhuận đã đề ra.,0.9888,0.9118,0.9538,0.8888,C,1.2,1.29,Xác định biến cố đối: Tình huống xấu nhất 'cả hai quỹ đều không đạt mục tiêu lợi nhuận' xảy ra với xác suất bao nhiêu?,"Vì hai quỹ hoạt động độc lập, tính xác suất biến cố đối bằng quy tắc nhân: $P(\text{Đối}) = (1 - P(F_1))(1 - P(F_2))$, sau đó lấy $1 - P(\text{Đối})$."
PROB_PISA_388,Ky thuat - San xuat,SKILL_RELIABILITY_TECH,GiaiQuyetVanDe,VanDung,Một nhà máy sản xuất linh kiện điện tử có hai dây chuyền $L_1$ và $L_2$ cùng sản xuất một mã sản phẩm. Dây chuyền $L_1$ chiếm $60\%$ tổng sản lượng với tỷ lệ phế phẩm là $2.0\%$; dây chuyền $L_2$ chiếm $40\%$ sản lượng với tỷ lệ phế phẩm là $3.5000000000000004\%$. Chọn ngẫu nhiên một linh kiện trong kho thành phẩm. Tính xác suất linh kiện được chọn là sản phẩm đạt chuẩn chất lượng.,0.932,0.909,0.889,0.974,D,1.37,1.33,"Sử dụng công thức xác suất toàn phần để xác định tỷ lệ phế phẩm chung của toàn nhà máy: $P(\text{Phế phẩm}) = 0{,}6 \cdot P(\text{Lỗi}\mid L_1) + 0{,}4 \cdot P(\text{Lỗi}\mid L_2)$.",Áp dụng công thức biến cố đối: Xác suất sản phẩm đạt chuẩn chất lượng xuất xưởng là $P(\text{Đạt}) = 1 - P(\text{Phế phẩm})$.
PROB_PISA_389,Cong nghe thong tin,SKILL_RELIABILITY_TECH,GiaiQuyetVanDe,VanDung,"Một hệ thống cơ sở dữ liệu y tế trực tuyến sử dụng $3$ máy chủ đám mây hoạt động song song độc lập. Xác suất gặp sự cố gián đoạn mạng trong ngày của mỗi máy chủ lần lượt là $0.07$, $0.12$ và $0.14$. Hệ thống duy trì hoạt động bình thường nếu có ít nhất một máy chủ vận hành tốt. Tính xác suất hệ thống dữ liệu hoạt động thông suốt không bị ngắt quãng trong ngày.",0.9988,0.9568,0.9338,0.9138,A,1.18,1.37,Hệ thống chỉ bị gián đoạn toàn phần khi tất cả 3 máy chủ cùng đồng thời gặp sự cố kỹ thuật.,"Vì 3 máy chủ hoạt động độc lập, xác suất gián đoạn toàn bộ là $q_1 \cdot q_2 \cdot q_3$. Áp dụng nguyên lý biến cố đối để tìm xác suất hệ thống hoạt động thông suốt."
PROB_PISA_390,Giao thong - Logistics,SKILL_LOGISTICS,GiaiQuyetVanDe,VanDung,"Một kiện hàng hóa sinh học được vận chuyển qua ba cung đường độc lập: hàng không, đường sắt và vận tải nội đô. Xác suất xảy ra chậm trễ giờ ở mỗi cung đường lần lượt là $0.08$, $0.1$ và $0.1$. Tính xác suất để kiện hàng đến đích hoàn toàn đúng thời gian quy định (không trễ ở bất kỳ chặng nào).",0.7802,0.7452,0.7032,0.8032,B,1.35,1.41,"Để toàn bộ kiện hàng đến đúng hẹn, điều kiện cần và đủ là cả 3 chặng vận chuyển đều phải hoàn thành đúng giờ.","Tính xác suất đúng giờ của từng chặng: $1 - d_i$, sau đó áp dụng quy tắc nhân xác suất cho 3 biến cố độc lập liên tiếp."
PROB_PISA_391,Y te - Duoc pham,SKILL_INDEP_MEDICAL,GiaiQuyetVanDe,VanDung,"Ba nhóm bệnh nhân độc lập gồm nhóm 1, nhóm 2 và nhóm 3 được chỉ định phác đồ điều trị mới. Xác suất đáp ứng thuốc tốt của mỗi nhóm lần lượt là $0.79$, $0.92$ và $0.89$. Tính xác suất để có đúng hai trong ba nhóm đáp ứng tốt với phác đồ điều trị.",0.3431,0.2661,0.3661,0.3081,D,1.16,1.45,"Phân tích thành 3 trường hợp rời nhau (xung khắc): (nhóm 1 và 2 đạt, nhóm 3 không), (nhóm 1 và 3 đạt, nhóm 2 không), hoặc (nhóm 2 và 3 đạt, nhóm 1 không).","Áp dụng quy tắc nhân xác suất cho các biến cố độc lập trong từng trường hợp, sau đó áp dụng quy tắc cộng xác suất để tìm kết quả chung."
PROB_PISA_392,Tai chinh - Kinh te,SKILL_RISK_FINANCE,GiaiQuyetVanDe,VanDung,Một nhà đầu tư tài chính phân bổ vốn vào hai quỹ mở $F_1$ và $F_2$ hoạt động trên hai thị trường độc lập. Xác suất quỹ $F_1$ đạt mục tiêu lợi nhuận trong quý là $0.82$ và quỹ $F_2$ là $0.83$. Tính xác suất để nhà đầu tư có ít nhất một quỹ đạt mục tiêu lợi nhuận đã đề ra.,0.9274,0.9044,0.8844,0.9694,D,1.33,1.49,Xác định biến cố đối: Tình huống xấu nhất 'cả hai quỹ đều không đạt mục tiêu lợi nhuận' xảy ra với xác suất bao nhiêu?,"Vì hai quỹ hoạt động độc lập, tính xác suất biến cố đối bằng quy tắc nhân: $P(\text{Đối}) = (1 - P(F_1))(1 - P(F_2))$, sau đó lấy $1 - P(\text{Đối})$."
PROB_PISA_393,Ky thuat - San xuat,SKILL_RELIABILITY_TECH,GiaiQuyetVanDe,VanDung,Một nhà máy sản xuất linh kiện điện tử có hai dây chuyền $L_1$ và $L_2$ cùng sản xuất một mã sản phẩm. Dây chuyền $L_1$ chiếm $60\%$ tổng sản lượng với tỷ lệ phế phẩm là $2.5\%$; dây chuyền $L_2$ chiếm $40\%$ sản lượng với tỷ lệ phế phẩm là $2.5\%$. Chọn ngẫu nhiên một linh kiện trong kho thành phẩm. Tính xác suất linh kiện được chọn là sản phẩm đạt chuẩn chất lượng.,0.975,0.933,0.91,0.89,A,1.14,1.53,"Sử dụng công thức xác suất toàn phần để xác định tỷ lệ phế phẩm chung của toàn nhà máy: $P(\text{Phế phẩm}) = 0{,}6 \cdot P(\text{Lỗi}\mid L_1) + 0{,}4 \cdot P(\text{Lỗi}\mid L_2)$.",Áp dụng công thức biến cố đối: Xác suất sản phẩm đạt chuẩn chất lượng xuất xưởng là $P(\text{Đạt}) = 1 - P(\text{Phế phẩm})$.
PROB_PISA_394,Cong nghe thong tin,SKILL_RELIABILITY_TECH,GiaiQuyetVanDe,VanDung,"Một hệ thống cơ sở dữ liệu y tế trực tuyến sử dụng $3$ máy chủ đám mây hoạt động song song độc lập. Xác suất gặp sự cố gián đoạn mạng trong ngày của mỗi máy chủ lần lượt là $0.09$, $0.08$ và $0.1$. Hệ thống duy trì hoạt động bình thường nếu có ít nhất một máy chủ vận hành tốt. Tính xác suất hệ thống dữ liệu hoạt động thông suốt không bị ngắt quãng trong ngày.",0.9573,0.9993,0.9343,0.9143,B,1.31,1.57,Hệ thống chỉ bị gián đoạn toàn phần khi tất cả 3 máy chủ cùng đồng thời gặp sự cố kỹ thuật.,"Vì 3 máy chủ hoạt động độc lập, xác suất gián đoạn toàn bộ là $q_1 \cdot q_2 \cdot q_3$. Áp dụng nguyên lý biến cố đối để tìm xác suất hệ thống hoạt động thông suốt."
PROB_PISA_395,Giao thong - Logistics,SKILL_LOGISTICS,GiaiQuyetVanDe,VanDung,"Một kiện hàng hóa sinh học được vận chuyển qua ba cung đường độc lập: hàng không, đường sắt và vận tải nội đô. Xác suất xảy ra chậm trễ giờ ở mỗi cung đường lần lượt là $0.04$, $0.06$ và $0.12$. Tính xác suất để kiện hàng đến đích hoàn toàn đúng thời gian quy định (không trễ ở bất kỳ chặng nào).",0.8291,0.7521,0.7941,0.8521,C,1.12,1.61,"Để toàn bộ kiện hàng đến đúng hẹn, điều kiện cần và đủ là cả 3 chặng vận chuyển đều phải hoàn thành đúng giờ.","Tính xác suất đúng giờ của từng chặng: $1 - d_i$, sau đó áp dụng quy tắc nhân xác suất cho 3 biến cố độc lập liên tiếp."
PROB_PISA_396,Y te - Duoc pham,SKILL_INDEP_MEDICAL,GiaiQuyetVanDe,VanDung,"Trong một nghiên cứu y khoa, ba phương pháp xét nghiệm sinh học $M_1$, $M_2$ và $M_3$ hoạt động độc lập để phát hiện kháng thể trong huyết thanh bệnh nhân. Xác suất phát hiện thành công của mỗi phương pháp lần lượt là $0.79$, $0.8$ và $0.85$. Tính xác suất để có ít nhất một phương pháp phát hiện thành công kháng thể.",0.9937,0.9517,0.9287,0.9087,A,1.29,1.65,Xác định biến cố đối: Tình huống 'cả ba phương pháp đều không phát hiện được kháng thể' xảy ra khi từng phương pháp đồng thời thất bại.,"Vì các phương pháp hoạt động độc lập, hãy tính xác suất cả 3 cùng thất bại: $P(\text{Đối}) = (1 - 0.79)(1 - 0.8)(1 - 0.85)$, sau đó tính $P = 1 - P(\text{Đối})$."
PROB_PISA_397,Tai chinh - Kinh te,SKILL_RISK_FINANCE,GiaiQuyetVanDe,VanDung,Một nhà đầu tư tài chính phân bổ vốn vào hai quỹ mở $F_1$ và $F_2$ hoạt động trên hai thị trường độc lập. Xác suất quỹ $F_1$ đạt mục tiêu lợi nhuận trong quý là $0.86$ và quỹ $F_2$ là $0.87$. Tính xác suất để nhà đầu tư có ít nhất một quỹ đạt mục tiêu lợi nhuận đã đề ra.,0.9818,0.9398,0.9168,0.8968,A,1.1,1.69,Xác định biến cố đối: Tình huống xấu nhất 'cả hai quỹ đều không đạt mục tiêu lợi nhuận' xảy ra với xác suất bao nhiêu?,"Vì hai quỹ hoạt động độc lập, tính xác suất biến cố đối bằng quy tắc nhân: $P(\text{Đối}) = (1 - P(F_1))(1 - P(F_2))$, sau đó lấy $1 - P(\text{Đối})$."
PROB_PISA_398,Ky thuat - San xuat,SKILL_RELIABILITY_TECH,GiaiQuyetVanDe,VanDung,Một nhà máy sản xuất linh kiện điện tử có hai dây chuyền $L_1$ và $L_2$ cùng sản xuất một mã sản phẩm. Dây chuyền $L_1$ chiếm $60\%$ tổng sản lượng với tỷ lệ phế phẩm là $3.0\%$; dây chuyền $L_2$ chiếm $40\%$ sản lượng với tỷ lệ phế phẩm là $3.0\%$. Chọn ngẫu nhiên một linh kiện trong kho thành phẩm. Tính xác suất linh kiện được chọn là sản phẩm đạt chuẩn chất lượng.,0.928,0.97,0.905,0.885,B,1.27,1.73,"Sử dụng công thức xác suất toàn phần để xác định tỷ lệ phế phẩm chung của toàn nhà máy: $P(\text{Phế phẩm}) = 0{,}6 \cdot P(\text{Lỗi}\mid L_1) + 0{,}4 \cdot P(\text{Lỗi}\mid L_2)$.",Áp dụng công thức biến cố đối: Xác suất sản phẩm đạt chuẩn chất lượng xuất xưởng là $P(\text{Đạt}) = 1 - P(\text{Phế phẩm})$.
PROB_PISA_399,Cong nghe thong tin,SKILL_RELIABILITY_TECH,GiaiQuyetVanDe,VanDung,"Một hệ thống cơ sở dữ liệu y tế trực tuyến sử dụng $3$ máy chủ đám mây hoạt động song song độc lập. Xác suất gặp sự cố gián đoạn mạng trong ngày của mỗi máy chủ lần lượt là $0.11$, $0.1$ và $0.12$. Hệ thống duy trì hoạt động bình thường nếu có ít nhất một máy chủ vận hành tốt. Tính xác suất hệ thống dữ liệu hoạt động thông suốt không bị ngắt quãng trong ngày.",0.9567,0.9337,0.9987,0.9137,C,1.44,1.77,Hệ thống chỉ bị gián đoạn toàn phần khi tất cả 3 máy chủ cùng đồng thời gặp sự cố kỹ thuật.,"Vì 3 máy chủ hoạt động độc lập, xác suất gián đoạn toàn bộ là $q_1 \cdot q_2 \cdot q_3$. Áp dụng nguyên lý biến cố đối để tìm xác suất hệ thống hoạt động thông suốt."
PROB_PISA_400,Giao thong - Logistics,SKILL_LOGISTICS,GiaiQuyetVanDe,VanDung,"Một kiện hàng hóa sinh học được vận chuyển qua ba cung đường độc lập: hàng không, đường sắt và vận tải nội đô. Xác suất xảy ra chậm trễ giờ ở mỗi cung đường lần lượt là $0.06$, $0.08$ và $0.14$. Tính xác suất để kiện hàng đến đích hoàn toàn đúng thời gian quy định (không trễ ở bất kỳ chặng nào).",0.7787,0.7017,0.8017,0.7437,D,1.25,1.81,"Để toàn bộ kiện hàng đến đúng hẹn, điều kiện cần và đủ là cả 3 chặng vận chuyển đều phải hoàn thành đúng giờ.","Tính xác suất đúng giờ của từng chặng: $1 - d_i$, sau đó áp dụng quy tắc nhân xác suất cho 3 biến cố độc lập liên tiếp."
PROB_PISA_401,Y te - Duoc pham,SKILL_INDEP_MEDICAL,GiaiQuyetVanDe,VanDung,"Ba nhóm bệnh nhân độc lập gồm nhóm 1, nhóm 2 và nhóm 3 được chỉ định phác đồ điều trị mới. Xác suất đáp ứng thuốc tốt của mỗi nhóm lần lượt là $0.79$, $0.84$ và $0.93$. Tính xác suất để có đúng hai trong ba nhóm đáp ứng tốt với phác đồ điều trị.",0.3631,0.3281,0.2861,0.3861,B,1.42,0.85,"Phân tích thành 3 trường hợp rời nhau (xung khắc): (nhóm 1 và 2 đạt, nhóm 3 không), (nhóm 1 và 3 đạt, nhóm 2 không), hoặc (nhóm 2 và 3 đạt, nhóm 1 không).","Áp dụng quy tắc nhân xác suất cho các biến cố độc lập trong từng trường hợp, sau đó áp dụng quy tắc cộng xác suất để tìm kết quả chung."
PROB_PISA_402,Tai chinh - Kinh te,SKILL_RISK_FINANCE,GiaiQuyetVanDe,VanDung,Một nhà đầu tư tài chính phân bổ vốn vào hai quỹ mở $F_1$ và $F_2$ hoạt động trên hai thị trường độc lập. Xác suất quỹ $F_1$ đạt mục tiêu lợi nhuận trong quý là $0.7$ và quỹ $F_2$ là $0.75$. Tính xác suất để nhà đầu tư có ít nhất một quỹ đạt mục tiêu lợi nhuận đã đề ra.,0.96,0.925,0.883,0.983,B,1.23,0.89,Xác định biến cố đối: Tình huống xấu nhất 'cả hai quỹ đều không đạt mục tiêu lợi nhuận' xảy ra với xác suất bao nhiêu?,"Vì hai quỹ hoạt động độc lập, tính xác suất biến cố đối bằng quy tắc nhân: $P(\text{Đối}) = (1 - P(F_1))(1 - P(F_2))$, sau đó lấy $1 - P(\text{Đối})$."
PROB_PISA_403,Ky thuat - San xuat,SKILL_RELIABILITY_TECH,GiaiQuyetVanDe,VanDung,Một nhà máy sản xuất linh kiện điện tử có hai dây chuyền $L_1$ và $L_2$ cùng sản xuất một mã sản phẩm. Dây chuyền $L_1$ chiếm $60\%$ tổng sản lượng với tỷ lệ phế phẩm là $1.5\%$; dây chuyền $L_2$ chiếm $40\%$ sản lượng với tỷ lệ phế phẩm là $3.5000000000000004\%$. Chọn ngẫu nhiên một linh kiện trong kho thành phẩm. Tính xác suất linh kiện được chọn là sản phẩm đạt chuẩn chất lượng.,0.935,0.912,0.977,0.892,C,1.4,0.93,"Sử dụng công thức xác suất toàn phần để xác định tỷ lệ phế phẩm chung của toàn nhà máy: $P(\text{Phế phẩm}) = 0{,}6 \cdot P(\text{Lỗi}\mid L_1) + 0{,}4 \cdot P(\text{Lỗi}\mid L_2)$.",Áp dụng công thức biến cố đối: Xác suất sản phẩm đạt chuẩn chất lượng xuất xưởng là $P(\text{Đạt}) = 1 - P(\text{Phế phẩm})$.
PROB_PISA_404,Cong nghe thong tin,SKILL_RELIABILITY_TECH,GiaiQuyetVanDe,VanDung,"Một hệ thống cơ sở dữ liệu y tế trực tuyến sử dụng $3$ máy chủ đám mây hoạt động song song độc lập. Xác suất gặp sự cố gián đoạn mạng trong ngày của mỗi máy chủ lần lượt là $0.05$, $0.12$ và $0.14$. Hệ thống duy trì hoạt động bình thường nếu có ít nhất một máy chủ vận hành tốt. Tính xác suất hệ thống dữ liệu hoạt động thông suốt không bị ngắt quãng trong ngày.",0.9572,0.9342,0.9142,0.9992,D,1.21,0.97,Hệ thống chỉ bị gián đoạn toàn phần khi tất cả 3 máy chủ cùng đồng thời gặp sự cố kỹ thuật.,"Vì 3 máy chủ hoạt động độc lập, xác suất gián đoạn toàn bộ là $q_1 \cdot q_2 \cdot q_3$. Áp dụng nguyên lý biến cố đối để tìm xác suất hệ thống hoạt động thông suốt."
PROB_PISA_405,Giao thong - Logistics,SKILL_LOGISTICS,GiaiQuyetVanDe,VanDung,"Một kiện hàng hóa sinh học được vận chuyển qua ba cung đường độc lập: hàng không, đường sắt và vận tải nội đô. Xác suất xảy ra chậm trễ giờ ở mỗi cung đường lần lượt là $0.08$, $0.1$ và $0.08$. Tính xác suất để kiện hàng đến đích hoàn toàn đúng thời gian quy định (không trễ ở bất kỳ chặng nào).",0.7618,0.7968,0.7198,0.8198,A,1.38,1.01,"Để toàn bộ kiện hàng đến đúng hẹn, điều kiện cần và đủ là cả 3 chặng vận chuyển đều phải hoàn thành đúng giờ.","Tính xác suất đúng giờ của từng chặng: $1 - d_i$, sau đó áp dụng quy tắc nhân xác suất cho 3 biến cố độc lập liên tiếp."
PROB_PISA_406,Y te - Duoc pham,SKILL_INDEP_MEDICAL,GiaiQuyetVanDe,VanDung,"Trong một nghiên cứu y khoa, ba phương pháp xét nghiệm sinh học $M_1$, $M_2$ và $M_3$ hoạt động độc lập để phát hiện kháng thể trong huyết thanh bệnh nhân. Xác suất phát hiện thành công của mỗi phương pháp lần lượt là $0.79$, $0.88$ và $0.89$. Tính xác suất để có ít nhất một phương pháp phát hiện thành công kháng thể.",0.9552,0.9322,0.9972,0.9122,C,1.19,1.05,Xác định biến cố đối: Tình huống 'cả ba phương pháp đều không phát hiện được kháng thể' xảy ra khi từng phương pháp đồng thời thất bại.,"Vì các phương pháp hoạt động độc lập, hãy tính xác suất cả 3 cùng thất bại: $P(\text{Đối}) = (1 - 0.79)(1 - 0.88)(1 - 0.89)$, sau đó tính $P = 1 - P(\text{Đối})$."
PROB_PISA_407,Tai chinh - Kinh te,SKILL_RISK_FINANCE,GiaiQuyetVanDe,VanDung,Một nhà đầu tư tài chính phân bổ vốn vào hai quỹ mở $F_1$ và $F_2$ hoạt động trên hai thị trường độc lập. Xác suất quỹ $F_1$ đạt mục tiêu lợi nhuận trong quý là $0.74$ và quỹ $F_2$ là $0.79$. Tính xác suất để nhà đầu tư có ít nhất một quỹ đạt mục tiêu lợi nhuận đã đề ra.,0.9804,0.9034,0.9454,0.8804,C,1.36,1.09,Xác định biến cố đối: Tình huống xấu nhất 'cả hai quỹ đều không đạt mục tiêu lợi nhuận' xảy ra với xác suất bao nhiêu?,"Vì hai quỹ hoạt động độc lập, tính xác suất biến cố đối bằng quy tắc nhân: $P(\text{Đối}) = (1 - P(F_1))(1 - P(F_2))$, sau đó lấy $1 - P(\text{Đối})$."
PROB_PISA_408,Ky thuat - San xuat,SKILL_RELIABILITY_TECH,GiaiQuyetVanDe,VanDung,Một nhà máy sản xuất linh kiện điện tử có hai dây chuyền $L_1$ và $L_2$ cùng sản xuất một mã sản phẩm. Dây chuyền $L_1$ chiếm $60\%$ tổng sản lượng với tỷ lệ phế phẩm là $2.0\%$; dây chuyền $L_2$ chiếm $40\%$ sản lượng với tỷ lệ phế phẩm là $2.5\%$. Chọn ngẫu nhiên một linh kiện trong kho thành phẩm. Tính xác suất linh kiện được chọn là sản phẩm đạt chuẩn chất lượng.,0.936,0.913,0.893,0.978,D,1.17,1.13,"Sử dụng công thức xác suất toàn phần để xác định tỷ lệ phế phẩm chung của toàn nhà máy: $P(\text{Phế phẩm}) = 0{,}6 \cdot P(\text{Lỗi}\mid L_1) + 0{,}4 \cdot P(\text{Lỗi}\mid L_2)$.",Áp dụng công thức biến cố đối: Xác suất sản phẩm đạt chuẩn chất lượng xuất xưởng là $P(\text{Đạt}) = 1 - P(\text{Phế phẩm})$.
PROB_PISA_409,Cong nghe thong tin,SKILL_RELIABILITY_TECH,GiaiQuyetVanDe,VanDung,"Một hệ thống cơ sở dữ liệu y tế trực tuyến sử dụng $3$ máy chủ đám mây hoạt động song song độc lập. Xác suất gặp sự cố gián đoạn mạng trong ngày của mỗi máy chủ lần lượt là $0.07$, $0.08$ và $0.1$. Hệ thống duy trì hoạt động bình thường nếu có ít nhất một máy chủ vận hành tốt. Tính xác suất hệ thống dữ liệu hoạt động thông suốt không bị ngắt quãng trong ngày.",0.9994,0.9574,0.9344,0.9144,A,1.34,1.17,Hệ thống chỉ bị gián đoạn toàn phần khi tất cả 3 máy chủ cùng đồng thời gặp sự cố kỹ thuật.,"Vì 3 máy chủ hoạt động độc lập, xác suất gián đoạn toàn bộ là $q_1 \cdot q_2 \cdot q_3$. Áp dụng nguyên lý biến cố đối để tìm xác suất hệ thống hoạt động thông suốt."
PROB_PISA_410,Giao thong - Logistics,SKILL_LOGISTICS,GiaiQuyetVanDe,VanDung,"Một kiện hàng hóa sinh học được vận chuyển qua ba cung đường độc lập: hàng không, đường sắt và vận tải nội đô. Xác suất xảy ra chậm trễ giờ ở mỗi cung đường lần lượt là $0.04$, $0.06$ và $0.1$. Tính xác suất để kiện hàng đến đích hoàn toàn đúng thời gian quy định (không trễ ở bất kỳ chặng nào).",0.8472,0.8122,0.7702,0.8702,B,1.15,1.21,"Để toàn bộ kiện hàng đến đúng hẹn, điều kiện cần và đủ là cả 3 chặng vận chuyển đều phải hoàn thành đúng giờ.","Tính xác suất đúng giờ của từng chặng: $1 - d_i$, sau đó áp dụng quy tắc nhân xác suất cho 3 biến cố độc lập liên tiếp."
PROB_PISA_411,Y te - Duoc pham,SKILL_INDEP_MEDICAL,GiaiQuyetVanDe,VanDung,"Ba nhóm bệnh nhân độc lập gồm nhóm 1, nhóm 2 và nhóm 3 được chỉ định phác đồ điều trị mới. Xác suất đáp ứng thuốc tốt của mỗi nhóm lần lượt là $0.79$, $0.92$ và $0.85$. Tính xác suất để có đúng hai trong ba nhóm đáp ứng tốt với phác đồ điều trị.",0.362,0.285,0.385,0.327,D,1.32,1.25,"Phân tích thành 3 trường hợp rời nhau (xung khắc): (nhóm 1 và 2 đạt, nhóm 3 không), (nhóm 1 và 3 đạt, nhóm 2 không), hoặc (nhóm 2 và 3 đạt, nhóm 1 không).","Áp dụng quy tắc nhân xác suất cho các biến cố độc lập trong từng trường hợp, sau đó áp dụng quy tắc cộng xác suất để tìm kết quả chung."
PROB_PISA_412,Tai chinh - Kinh te,SKILL_RISK_FINANCE,GiaiQuyetVanDe,VanDung,Một nhà đầu tư tài chính phân bổ vốn vào hai quỹ mở $F_1$ và $F_2$ hoạt động trên hai thị trường độc lập. Xác suất quỹ $F_1$ đạt mục tiêu lợi nhuận trong quý là $0.78$ và quỹ $F_2$ là $0.83$. Tính xác suất để nhà đầu tư có ít nhất một quỹ đạt mục tiêu lợi nhuận đã đề ra.,0.9976,0.9206,0.8976,0.9626,D,1.13,1.29,Xác định biến cố đối: Tình huống xấu nhất 'cả hai quỹ đều không đạt mục tiêu lợi nhuận' xảy ra với xác suất bao nhiêu?,"Vì hai quỹ hoạt động độc lập, tính xác suất biến cố đối bằng quy tắc nhân: $P(\text{Đối}) = (1 - P(F_1))(1 - P(F_2))$, sau đó lấy $1 - P(\text{Đối})$."
PROB_PISA_413,Ky thuat - San xuat,SKILL_RELIABILITY_TECH,GiaiQuyetVanDe,VanDung,Một nhà máy sản xuất linh kiện điện tử có hai dây chuyền $L_1$ và $L_2$ cùng sản xuất một mã sản phẩm. Dây chuyền $L_1$ chiếm $60\%$ tổng sản lượng với tỷ lệ phế phẩm là $2.5\%$; dây chuyền $L_2$ chiếm $40\%$ sản lượng với tỷ lệ phế phẩm là $3.0\%$. Chọn ngẫu nhiên một linh kiện trong kho thành phẩm. Tính xác suất linh kiện được chọn là sản phẩm đạt chuẩn chất lượng.,0.973,0.931,0.908,0.888,A,1.3,1.33,"Sử dụng công thức xác suất toàn phần để xác định tỷ lệ phế phẩm chung của toàn nhà máy: $P(\text{Phế phẩm}) = 0{,}6 \cdot P(\text{Lỗi}\mid L_1) + 0{,}4 \cdot P(\text{Lỗi}\mid L_2)$.",Áp dụng công thức biến cố đối: Xác suất sản phẩm đạt chuẩn chất lượng xuất xưởng là $P(\text{Đạt}) = 1 - P(\text{Phế phẩm})$.
PROB_PISA_414,Cong nghe thong tin,SKILL_RELIABILITY_TECH,GiaiQuyetVanDe,VanDung,"Một hệ thống cơ sở dữ liệu y tế trực tuyến sử dụng $3$ máy chủ đám mây hoạt động song song độc lập. Xác suất gặp sự cố gián đoạn mạng trong ngày của mỗi máy chủ lần lượt là $0.09$, $0.1$ và $0.12$. Hệ thống duy trì hoạt động bình thường nếu có ít nhất một máy chủ vận hành tốt. Tính xác suất hệ thống dữ liệu hoạt động thông suốt không bị ngắt quãng trong ngày.",0.9569,0.9989,0.9339,0.9139,B,1.11,1.37,Hệ thống chỉ bị gián đoạn toàn phần khi tất cả 3 máy chủ cùng đồng thời gặp sự cố kỹ thuật.,"Vì 3 máy chủ hoạt động độc lập, xác suất gián đoạn toàn bộ là $q_1 \cdot q_2 \cdot q_3$. Áp dụng nguyên lý biến cố đối để tìm xác suất hệ thống hoạt động thông suốt."
PROB_PISA_415,Giao thong - Logistics,SKILL_LOGISTICS,GiaiQuyetVanDe,VanDung,"Một kiện hàng hóa sinh học được vận chuyển qua ba cung đường độc lập: hàng không, đường sắt và vận tải nội đô. Xác suất xảy ra chậm trễ giờ ở mỗi cung đường lần lượt là $0.06$, $0.08$ và $0.12$. Tính xác suất để kiện hàng đến đích hoàn toàn đúng thời gian quy định (không trễ ở bất kỳ chặng nào).",0.796,0.719,0.761,0.819,C,1.28,1.41,"Để toàn bộ kiện hàng đến đúng hẹn, điều kiện cần và đủ là cả 3 chặng vận chuyển đều phải hoàn thành đúng giờ.","Tính xác suất đúng giờ của từng chặng: $1 - d_i$, sau đó áp dụng quy tắc nhân xác suất cho 3 biến cố độc lập liên tiếp."
PROB_PISA_416,Y te - Duoc pham,SKILL_INDEP_MEDICAL,GiaiQuyetVanDe,VanDung,"Trong một nghiên cứu y khoa, ba phương pháp xét nghiệm sinh học $M_1$, $M_2$ và $M_3$ hoạt động độc lập để phát hiện kháng thể trong huyết thanh bệnh nhân. Xác suất phát hiện thành công của mỗi phương pháp lần lượt là $0.79$, $0.8$ và $0.93$. Tính xác suất để có ít nhất một phương pháp phát hiện thành công kháng thể.",0.9971,0.9551,0.9321,0.9121,A,1.45,1.45,Xác định biến cố đối: Tình huống 'cả ba phương pháp đều không phát hiện được kháng thể' xảy ra khi từng phương pháp đồng thời thất bại.,"Vì các phương pháp hoạt động độc lập, hãy tính xác suất cả 3 cùng thất bại: $P(\text{Đối}) = (1 - 0.79)(1 - 0.8)(1 - 0.93)$, sau đó tính $P = 1 - P(\text{Đối})$."
PROB_PISA_417,Tai chinh - Kinh te,SKILL_RISK_FINANCE,GiaiQuyetVanDe,VanDung,Một nhà đầu tư tài chính phân bổ vốn vào hai quỹ mở $F_1$ và $F_2$ hoạt động trên hai thị trường độc lập. Xác suất quỹ $F_1$ đạt mục tiêu lợi nhuận trong quý là $0.82$ và quỹ $F_2$ là $0.87$. Tính xác suất để nhà đầu tư có ít nhất một quỹ đạt mục tiêu lợi nhuận đã đề ra.,0.9766,0.9346,0.9116,0.8916,A,1.26,1.49,Xác định biến cố đối: Tình huống xấu nhất 'cả hai quỹ đều không đạt mục tiêu lợi nhuận' xảy ra với xác suất bao nhiêu?,"Vì hai quỹ hoạt động độc lập, tính xác suất biến cố đối bằng quy tắc nhân: $P(\text{Đối}) = (1 - P(F_1))(1 - P(F_2))$, sau đó lấy $1 - P(\text{Đối})$."
PROB_PISA_418,Ky thuat - San xuat,SKILL_RELIABILITY_TECH,GiaiQuyetVanDe,VanDung,Một nhà máy sản xuất linh kiện điện tử có hai dây chuyền $L_1$ và $L_2$ cùng sản xuất một mã sản phẩm. Dây chuyền $L_1$ chiếm $60\%$ tổng sản lượng với tỷ lệ phế phẩm là $3.0\%$; dây chuyền $L_2$ chiếm $40\%$ sản lượng với tỷ lệ phế phẩm là $3.5000000000000004\%$. Chọn ngẫu nhiên một linh kiện trong kho thành phẩm. Tính xác suất linh kiện được chọn là sản phẩm đạt chuẩn chất lượng.,0.926,0.968,0.903,0.883,B,1.43,1.53,"Sử dụng công thức xác suất toàn phần để xác định tỷ lệ phế phẩm chung của toàn nhà máy: $P(\text{Phế phẩm}) = 0{,}6 \cdot P(\text{Lỗi}\mid L_1) + 0{,}4 \cdot P(\text{Lỗi}\mid L_2)$.",Áp dụng công thức biến cố đối: Xác suất sản phẩm đạt chuẩn chất lượng xuất xưởng là $P(\text{Đạt}) = 1 - P(\text{Phế phẩm})$.
PROB_PISA_419,Cong nghe thong tin,SKILL_RELIABILITY_TECH,GiaiQuyetVanDe,VanDung,"Một hệ thống cơ sở dữ liệu y tế trực tuyến sử dụng $3$ máy chủ đám mây hoạt động song song độc lập. Xác suất gặp sự cố gián đoạn mạng trong ngày của mỗi máy chủ lần lượt là $0.11$, $0.12$ và $0.14$. Hệ thống duy trì hoạt động bình thường nếu có ít nhất một máy chủ vận hành tốt. Tính xác suất hệ thống dữ liệu hoạt động thông suốt không bị ngắt quãng trong ngày.",0.9562,0.9332,0.9982,0.9132,C,1.24,1.57,Hệ thống chỉ bị gián đoạn toàn phần khi tất cả 3 máy chủ cùng đồng thời gặp sự cố kỹ thuật.,"Vì 3 máy chủ hoạt động độc lập, xác suất gián đoạn toàn bộ là $q_1 \cdot q_2 \cdot q_3$. Áp dụng nguyên lý biến cố đối để tìm xác suất hệ thống hoạt động thông suốt."
PROB_PISA_420,Giao thong - Logistics,SKILL_LOGISTICS,GiaiQuyetVanDe,VanDung,"Một kiện hàng hóa sinh học được vận chuyển qua ba cung đường độc lập: hàng không, đường sắt và vận tải nội đô. Xác suất xảy ra chậm trễ giờ ở mỗi cung đường lần lượt là $0.08$, $0.1$ và $0.14$. Tính xác suất để kiện hàng đến đích hoàn toàn đúng thời gian quy định (không trễ ở bất kỳ chặng nào).",0.7471,0.6701,0.7701,0.7121,D,1.41,1.61,"Để toàn bộ kiện hàng đến đúng hẹn, điều kiện cần và đủ là cả 3 chặng vận chuyển đều phải hoàn thành đúng giờ.","Tính xác suất đúng giờ của từng chặng: $1 - d_i$, sau đó áp dụng quy tắc nhân xác suất cho 3 biến cố độc lập liên tiếp."
PROB_PISA_421,Y te - Duoc pham,SKILL_INDEP_MEDICAL,GiaiQuyetVanDe,VanDung,"Ba nhóm bệnh nhân độc lập gồm nhóm 1, nhóm 2 và nhóm 3 được chỉ định phác đồ điều trị mới. Xác suất đáp ứng thuốc tốt của mỗi nhóm lần lượt là $0.79$, $0.84$ và $0.89$. Tính xác suất để có đúng hai trong ba nhóm đáp ứng tốt với phác đồ điều trị.",0.3775,0.3425,0.3005,0.4005,B,1.22,1.65,"Phân tích thành 3 trường hợp rời nhau (xung khắc): (nhóm 1 và 2 đạt, nhóm 3 không), (nhóm 1 và 3 đạt, nhóm 2 không), hoặc (nhóm 2 và 3 đạt, nhóm 1 không).","Áp dụng quy tắc nhân xác suất cho các biến cố độc lập trong từng trường hợp, sau đó áp dụng quy tắc cộng xác suất để tìm kết quả chung."
PROB_PISA_422,Tai chinh - Kinh te,SKILL_RISK_FINANCE,GiaiQuyetVanDe,VanDung,Một nhà đầu tư tài chính phân bổ vốn vào hai quỹ mở $F_1$ và $F_2$ hoạt động trên hai thị trường độc lập. Xác suất quỹ $F_1$ đạt mục tiêu lợi nhuận trong quý là $0.86$ và quỹ $F_2$ là $0.75$. Tính xác suất để nhà đầu tư có ít nhất một quỹ đạt mục tiêu lợi nhuận đã đề ra.,0.923,0.965,0.9,0.88,B,1.39,1.69,Xác định biến cố đối: Tình huống xấu nhất 'cả hai quỹ đều không đạt mục tiêu lợi nhuận' xảy ra với xác suất bao nhiêu?,"Vì hai quỹ hoạt động độc lập, tính xác suất biến cố đối bằng quy tắc nhân: $P(\text{Đối}) = (1 - P(F_1))(1 - P(F_2))$, sau đó lấy $1 - P(\text{Đối})$."
PROB_PISA_423,Ky thuat - San xuat,SKILL_RELIABILITY_TECH,GiaiQuyetVanDe,VanDung,Một nhà máy sản xuất linh kiện điện tử có hai dây chuyền $L_1$ và $L_2$ cùng sản xuất một mã sản phẩm. Dây chuyền $L_1$ chiếm $60\%$ tổng sản lượng với tỷ lệ phế phẩm là $1.5\%$; dây chuyền $L_2$ chiếm $40\%$ sản lượng với tỷ lệ phế phẩm là $2.5\%$. Chọn ngẫu nhiên một linh kiện trong kho thành phẩm. Tính xác suất linh kiện được chọn là sản phẩm đạt chuẩn chất lượng.,0.939,0.916,0.981,0.896,C,1.2,1.73,"Sử dụng công thức xác suất toàn phần để xác định tỷ lệ phế phẩm chung của toàn nhà máy: $P(\text{Phế phẩm}) = 0{,}6 \cdot P(\text{Lỗi}\mid L_1) + 0{,}4 \cdot P(\text{Lỗi}\mid L_2)$.",Áp dụng công thức biến cố đối: Xác suất sản phẩm đạt chuẩn chất lượng xuất xưởng là $P(\text{Đạt}) = 1 - P(\text{Phế phẩm})$.
PROB_PISA_424,Cong nghe thong tin,SKILL_RELIABILITY_TECH,GiaiQuyetVanDe,VanDung,"Một hệ thống cơ sở dữ liệu y tế trực tuyến sử dụng $3$ máy chủ đám mây hoạt động song song độc lập. Xác suất gặp sự cố gián đoạn mạng trong ngày của mỗi máy chủ lần lượt là $0.05$, $0.08$ và $0.1$. Hệ thống duy trì hoạt động bình thường nếu có ít nhất một máy chủ vận hành tốt. Tính xác suất hệ thống dữ liệu hoạt động thông suốt không bị ngắt quãng trong ngày.",0.9576,0.9346,0.9146,0.9996,D,1.37,1.77,Hệ thống chỉ bị gián đoạn toàn phần khi tất cả 3 máy chủ cùng đồng thời gặp sự cố kỹ thuật.,"Vì 3 máy chủ hoạt động độc lập, xác suất gián đoạn toàn bộ là $q_1 \cdot q_2 \cdot q_3$. Áp dụng nguyên lý biến cố đối để tìm xác suất hệ thống hoạt động thông suốt."
PROB_PISA_425,Giao thong - Logistics,SKILL_LOGISTICS,GiaiQuyetVanDe,VanDung,"Một kiện hàng hóa sinh học được vận chuyển qua ba cung đường độc lập: hàng không, đường sắt và vận tải nội đô. Xác suất xảy ra chậm trễ giờ ở mỗi cung đường lần lượt là $0.04$, $0.06$ và $0.08$. Tính xác suất để kiện hàng đến đích hoàn toàn đúng thời gian quy định (không trễ ở bất kỳ chặng nào).",0.8302,0.8652,0.7882,0.8882,A,1.18,1.81,"Để toàn bộ kiện hàng đến đúng hẹn, điều kiện cần và đủ là cả 3 chặng vận chuyển đều phải hoàn thành đúng giờ.","Tính xác suất đúng giờ của từng chặng: $1 - d_i$, sau đó áp dụng quy tắc nhân xác suất cho 3 biến cố độc lập liên tiếp."
PROB_PISA_426,Y te - Duoc pham,SKILL_INDEP_MEDICAL,GiaiQuyetVanDe,VanDung,"Trong một nghiên cứu y khoa, ba phương pháp xét nghiệm sinh học $M_1$, $M_2$ và $M_3$ hoạt động độc lập để phát hiện kháng thể trong huyết thanh bệnh nhân. Xác suất phát hiện thành công của mỗi phương pháp lần lượt là $0.79$, $0.88$ và $0.85$. Tính xác suất để có ít nhất một phương pháp phát hiện thành công kháng thể.",0.9542,0.9312,0.9962,0.9112,C,1.35,0.85,Xác định biến cố đối: Tình huống 'cả ba phương pháp đều không phát hiện được kháng thể' xảy ra khi từng phương pháp đồng thời thất bại.,"Vì các phương pháp hoạt động độc lập, hãy tính xác suất cả 3 cùng thất bại: $P(\text{Đối}) = (1 - 0.79)(1 - 0.88)(1 - 0.85)$, sau đó tính $P = 1 - P(\text{Đối})$."
PROB_PISA_427,Tai chinh - Kinh te,SKILL_RISK_FINANCE,GiaiQuyetVanDe,VanDung,Một nhà đầu tư tài chính phân bổ vốn vào hai quỹ mở $F_1$ và $F_2$ hoạt động trên hai thị trường độc lập. Xác suất quỹ $F_1$ đạt mục tiêu lợi nhuận trong quý là $0.7$ và quỹ $F_2$ là $0.79$. Tính xác suất để nhà đầu tư có ít nhất một quỹ đạt mục tiêu lợi nhuận đã đề ra.,0.972,0.895,0.937,0.995,C,1.16,0.89,Xác định biến cố đối: Tình huống xấu nhất 'cả hai quỹ đều không đạt mục tiêu lợi nhuận' xảy ra với xác suất bao nhiêu?,"Vì hai quỹ hoạt động độc lập, tính xác suất biến cố đối bằng quy tắc nhân: $P(\text{Đối}) = (1 - P(F_1))(1 - P(F_2))$, sau đó lấy $1 - P(\text{Đối})$."
PROB_PISA_428,Ky thuat - San xuat,SKILL_RELIABILITY_TECH,GiaiQuyetVanDe,VanDung,Một nhà máy sản xuất linh kiện điện tử có hai dây chuyền $L_1$ và $L_2$ cùng sản xuất một mã sản phẩm. Dây chuyền $L_1$ chiếm $60\%$ tổng sản lượng với tỷ lệ phế phẩm là $2.0\%$; dây chuyền $L_2$ chiếm $40\%$ sản lượng với tỷ lệ phế phẩm là $3.0\%$. Chọn ngẫu nhiên một linh kiện trong kho thành phẩm. Tính xác suất linh kiện được chọn là sản phẩm đạt chuẩn chất lượng.,0.934,0.911,0.891,0.976,D,1.33,0.93,"Sử dụng công thức xác suất toàn phần để xác định tỷ lệ phế phẩm chung của toàn nhà máy: $P(\text{Phế phẩm}) = 0{,}6 \cdot P(\text{Lỗi}\mid L_1) + 0{,}4 \cdot P(\text{Lỗi}\mid L_2)$.",Áp dụng công thức biến cố đối: Xác suất sản phẩm đạt chuẩn chất lượng xuất xưởng là $P(\text{Đạt}) = 1 - P(\text{Phế phẩm})$.
PROB_PISA_429,Cong nghe thong tin,SKILL_RELIABILITY_TECH,GiaiQuyetVanDe,VanDung,"Một hệ thống cơ sở dữ liệu y tế trực tuyến sử dụng $3$ máy chủ đám mây hoạt động song song độc lập. Xác suất gặp sự cố gián đoạn mạng trong ngày của mỗi máy chủ lần lượt là $0.07$, $0.1$ và $0.12$. Hệ thống duy trì hoạt động bình thường nếu có ít nhất một máy chủ vận hành tốt. Tính xác suất hệ thống dữ liệu hoạt động thông suốt không bị ngắt quãng trong ngày.",0.9992,0.9572,0.9342,0.9142,A,1.14,0.97,Hệ thống chỉ bị gián đoạn toàn phần khi tất cả 3 máy chủ cùng đồng thời gặp sự cố kỹ thuật.,"Vì 3 máy chủ hoạt động độc lập, xác suất gián đoạn toàn bộ là $q_1 \cdot q_2 \cdot q_3$. Áp dụng nguyên lý biến cố đối để tìm xác suất hệ thống hoạt động thông suốt."
PROB_PISA_430,Giao thong - Logistics,SKILL_LOGISTICS,GiaiQuyetVanDe,VanDung,"Một kiện hàng hóa sinh học được vận chuyển qua ba cung đường độc lập: hàng không, đường sắt và vận tải nội đô. Xác suất xảy ra chậm trễ giờ ở mỗi cung đường lần lượt là $0.06$, $0.08$ và $0.1$. Tính xác suất để kiện hàng đến đích hoàn toàn đúng thời gian quy định (không trễ ở bất kỳ chặng nào).",0.8133,0.7783,0.7363,0.8363,B,1.31,1.01,"Để toàn bộ kiện hàng đến đúng hẹn, điều kiện cần và đủ là cả 3 chặng vận chuyển đều phải hoàn thành đúng giờ.","Tính xác suất đúng giờ của từng chặng: $1 - d_i$, sau đó áp dụng quy tắc nhân xác suất cho 3 biến cố độc lập liên tiếp."
PROB_PISA_431,Y te - Duoc pham,SKILL_INDEP_MEDICAL,GiaiQuyetVanDe,VanDung,"Ba nhóm bệnh nhân độc lập gồm nhóm 1, nhóm 2 và nhóm 3 được chỉ định phác đồ điều trị mới. Xác suất đáp ứng thuốc tốt của mỗi nhóm lần lượt là $0.79$, $0.92$ và $0.93$. Tính xác suất để có đúng hai trong ba nhóm đáp ứng tốt với phác đồ điều trị.",0.3243,0.2473,0.3473,0.2893,D,1.12,1.05,"Phân tích thành 3 trường hợp rời nhau (xung khắc): (nhóm 1 và 2 đạt, nhóm 3 không), (nhóm 1 và 3 đạt, nhóm 2 không), hoặc (nhóm 2 và 3 đạt, nhóm 1 không).","Áp dụng quy tắc nhân xác suất cho các biến cố độc lập trong từng trường hợp, sau đó áp dụng quy tắc cộng xác suất để tìm kết quả chung."
PROB_PISA_432,Tai chinh - Kinh te,SKILL_RISK_FINANCE,GiaiQuyetVanDe,VanDung,Một nhà đầu tư tài chính phân bổ vốn vào hai quỹ mở $F_1$ và $F_2$ hoạt động trên hai thị trường độc lập. Xác suất quỹ $F_1$ đạt mục tiêu lợi nhuận trong quý là $0.74$ và quỹ $F_2$ là $0.83$. Tính xác suất để nhà đầu tư có ít nhất một quỹ đạt mục tiêu lợi nhuận đã đề ra.,0.9908,0.9138,0.8908,0.9558,D,1.29,1.09,Xác định biến cố đối: Tình huống xấu nhất 'cả hai quỹ đều không đạt mục tiêu lợi nhuận' xảy ra với xác suất bao nhiêu?,"Vì hai quỹ hoạt động độc lập, tính xác suất biến cố đối bằng quy tắc nhân: $P(\text{Đối}) = (1 - P(F_1))(1 - P(F_2))$, sau đó lấy $1 - P(\text{Đối})$."
PROB_PISA_433,Ky thuat - San xuat,SKILL_RELIABILITY_TECH,GiaiQuyetVanDe,VanDung,Một nhà máy sản xuất linh kiện điện tử có hai dây chuyền $L_1$ và $L_2$ cùng sản xuất một mã sản phẩm. Dây chuyền $L_1$ chiếm $60\%$ tổng sản lượng với tỷ lệ phế phẩm là $2.5\%$; dây chuyền $L_2$ chiếm $40\%$ sản lượng với tỷ lệ phế phẩm là $3.5000000000000004\%$. Chọn ngẫu nhiên một linh kiện trong kho thành phẩm. Tính xác suất linh kiện được chọn là sản phẩm đạt chuẩn chất lượng.,0.971,0.929,0.906,0.886,A,1.1,1.13,"Sử dụng công thức xác suất toàn phần để xác định tỷ lệ phế phẩm chung của toàn nhà máy: $P(\text{Phế phẩm}) = 0{,}6 \cdot P(\text{Lỗi}\mid L_1) + 0{,}4 \cdot P(\text{Lỗi}\mid L_2)$.",Áp dụng công thức biến cố đối: Xác suất sản phẩm đạt chuẩn chất lượng xuất xưởng là $P(\text{Đạt}) = 1 - P(\text{Phế phẩm})$.
PROB_PISA_434,Cong nghe thong tin,SKILL_RELIABILITY_TECH,GiaiQuyetVanDe,VanDung,"Một hệ thống cơ sở dữ liệu y tế trực tuyến sử dụng $3$ máy chủ đám mây hoạt động song song độc lập. Xác suất gặp sự cố gián đoạn mạng trong ngày của mỗi máy chủ lần lượt là $0.09$, $0.12$ và $0.14$. Hệ thống duy trì hoạt động bình thường nếu có ít nhất một máy chủ vận hành tốt. Tính xác suất hệ thống dữ liệu hoạt động thông suốt không bị ngắt quãng trong ngày.",0.9565,0.9985,0.9335,0.9135,B,1.27,1.17,Hệ thống chỉ bị gián đoạn toàn phần khi tất cả 3 máy chủ cùng đồng thời gặp sự cố kỹ thuật.,"Vì 3 máy chủ hoạt động độc lập, xác suất gián đoạn toàn bộ là $q_1 \cdot q_2 \cdot q_3$. Áp dụng nguyên lý biến cố đối để tìm xác suất hệ thống hoạt động thông suốt."
PROB_PISA_435,Giao thong - Logistics,SKILL_LOGISTICS,GiaiQuyetVanDe,VanDung,"Một kiện hàng hóa sinh học được vận chuyển qua ba cung đường độc lập: hàng không, đường sắt và vận tải nội đô. Xác suất xảy ra chậm trễ giờ ở mỗi cung đường lần lượt là $0.08$, $0.1$ và $0.12$. Tính xác suất để kiện hàng đến đích hoàn toàn đúng thời gian quy định (không trễ ở bất kỳ chặng nào).",0.7636,0.6866,0.7286,0.7866,C,1.44,1.21,"Để toàn bộ kiện hàng đến đúng hẹn, điều kiện cần và đủ là cả 3 chặng vận chuyển đều phải hoàn thành đúng giờ.","Tính xác suất đúng giờ của từng chặng: $1 - d_i$, sau đó áp dụng quy tắc nhân xác suất cho 3 biến cố độc lập liên tiếp."
PROB_PISA_436,Y te - Duoc pham,SKILL_INDEP_MEDICAL,GiaiQuyetVanDe,VanDung,"Trong một nghiên cứu y khoa, ba phương pháp xét nghiệm sinh học $M_1$, $M_2$ và $M_3$ hoạt động độc lập để phát hiện kháng thể trong huyết thanh bệnh nhân. Xác suất phát hiện thành công của mỗi phương pháp lần lượt là $0.79$, $0.8$ và $0.89$. Tính xác suất để có ít nhất một phương pháp phát hiện thành công kháng thể.",0.9954,0.9534,0.9304,0.9104,A,1.25,1.25,Xác định biến cố đối: Tình huống 'cả ba phương pháp đều không phát hiện được kháng thể' xảy ra khi từng phương pháp đồng thời thất bại.,"Vì các phương pháp hoạt động độc lập, hãy tính xác suất cả 3 cùng thất bại: $P(\text{Đối}) = (1 - 0.79)(1 - 0.8)(1 - 0.89)$, sau đó tính $P = 1 - P(\text{Đối})$."
PROB_PISA_437,Tai chinh - Kinh te,SKILL_RISK_FINANCE,GiaiQuyetVanDe,VanDung,Một nhà đầu tư tài chính phân bổ vốn vào hai quỹ mở $F_1$ và $F_2$ hoạt động trên hai thị trường độc lập. Xác suất quỹ $F_1$ đạt mục tiêu lợi nhuận trong quý là $0.78$ và quỹ $F_2$ là $0.87$. Tính xác suất để nhà đầu tư có ít nhất một quỹ đạt mục tiêu lợi nhuận đã đề ra.,0.9714,0.9294,0.9064,0.8864,A,1.42,1.29,Xác định biến cố đối: Tình huống xấu nhất 'cả hai quỹ đều không đạt mục tiêu lợi nhuận' xảy ra với xác suất bao nhiêu?,"Vì hai quỹ hoạt động độc lập, tính xác suất biến cố đối bằng quy tắc nhân: $P(\text{Đối}) = (1 - P(F_1))(1 - P(F_2))$, sau đó lấy $1 - P(\text{Đối})$."
PROB_PISA_438,Ky thuat - San xuat,SKILL_RELIABILITY_TECH,GiaiQuyetVanDe,VanDung,Một nhà máy sản xuất linh kiện điện tử có hai dây chuyền $L_1$ và $L_2$ cùng sản xuất một mã sản phẩm. Dây chuyền $L_1$ chiếm $60\%$ tổng sản lượng với tỷ lệ phế phẩm là $3.0\%$; dây chuyền $L_2$ chiếm $40\%$ sản lượng với tỷ lệ phế phẩm là $2.5\%$. Chọn ngẫu nhiên một linh kiện trong kho thành phẩm. Tính xác suất linh kiện được chọn là sản phẩm đạt chuẩn chất lượng.,0.93,0.972,0.907,0.887,B,1.23,1.33,"Sử dụng công thức xác suất toàn phần để xác định tỷ lệ phế phẩm chung của toàn nhà máy: $P(\text{Phế phẩm}) = 0{,}6 \cdot P(\text{Lỗi}\mid L_1) + 0{,}4 \cdot P(\text{Lỗi}\mid L_2)$.",Áp dụng công thức biến cố đối: Xác suất sản phẩm đạt chuẩn chất lượng xuất xưởng là $P(\text{Đạt}) = 1 - P(\text{Phế phẩm})$.
PROB_PISA_439,Cong nghe thong tin,SKILL_RELIABILITY_TECH,GiaiQuyetVanDe,VanDung,"Một hệ thống cơ sở dữ liệu y tế trực tuyến sử dụng $3$ máy chủ đám mây hoạt động song song độc lập. Xác suất gặp sự cố gián đoạn mạng trong ngày của mỗi máy chủ lần lượt là $0.11$, $0.08$ và $0.1$. Hệ thống duy trì hoạt động bình thường nếu có ít nhất một máy chủ vận hành tốt. Tính xác suất hệ thống dữ liệu hoạt động thông suốt không bị ngắt quãng trong ngày.",0.9571,0.9341,0.9991,0.9141,C,1.4,1.37,Hệ thống chỉ bị gián đoạn toàn phần khi tất cả 3 máy chủ cùng đồng thời gặp sự cố kỹ thuật.,"Vì 3 máy chủ hoạt động độc lập, xác suất gián đoạn toàn bộ là $q_1 \cdot q_2 \cdot q_3$. Áp dụng nguyên lý biến cố đối để tìm xác suất hệ thống hoạt động thông suốt."
PROB_PISA_440,Giao thong - Logistics,SKILL_LOGISTICS,GiaiQuyetVanDe,VanDung,"Một kiện hàng hóa sinh học được vận chuyển qua ba cung đường độc lập: hàng không, đường sắt và vận tải nội đô. Xác suất xảy ra chậm trễ giờ ở mỗi cung đường lần lượt là $0.04$, $0.06$ và $0.14$. Tính xác suất để kiện hàng đến đích hoàn toàn đúng thời gian quy định (không trễ ở bất kỳ chặng nào).",0.8111,0.7341,0.8341,0.7761,D,1.21,1.41,"Để toàn bộ kiện hàng đến đúng hẹn, điều kiện cần và đủ là cả 3 chặng vận chuyển đều phải hoàn thành đúng giờ.","Tính xác suất đúng giờ của từng chặng: $1 - d_i$, sau đó áp dụng quy tắc nhân xác suất cho 3 biến cố độc lập liên tiếp."
PROB_PISA_441,Y te - Duoc pham,SKILL_INDEP_MEDICAL,GiaiQuyetVanDe,VanDung,"Ba nhóm bệnh nhân độc lập gồm nhóm 1, nhóm 2 và nhóm 3 được chỉ định phác đồ điều trị mới. Xác suất đáp ứng thuốc tốt của mỗi nhóm lần lượt là $0.79$, $0.84$ và $0.85$. Tính xác suất để có đúng hai trong ba nhóm đáp ứng tốt với phác đồ điều trị.",0.3919,0.3569,0.3149,0.4149,B,1.38,1.45,"Phân tích thành 3 trường hợp rời nhau (xung khắc): (nhóm 1 và 2 đạt, nhóm 3 không), (nhóm 1 và 3 đạt, nhóm 2 không), hoặc (nhóm 2 và 3 đạt, nhóm 1 không).","Áp dụng quy tắc nhân xác suất cho các biến cố độc lập trong từng trường hợp, sau đó áp dụng quy tắc cộng xác suất để tìm kết quả chung."
PROB_PISA_442,Tai chinh - Kinh te,SKILL_RISK_FINANCE,GiaiQuyetVanDe,VanDung,Một nhà đầu tư tài chính phân bổ vốn vào hai quỹ mở $F_1$ và $F_2$ hoạt động trên hai thị trường độc lập. Xác suất quỹ $F_1$ đạt mục tiêu lợi nhuận trong quý là $0.82$ và quỹ $F_2$ là $0.75$. Tính xác suất để nhà đầu tư có ít nhất một quỹ đạt mục tiêu lợi nhuận đã đề ra.,0.99,0.955,0.913,0.89,B,1.19,1.49,Xác định biến cố đối: Tình huống xấu nhất 'cả hai quỹ đều không đạt mục tiêu lợi nhuận' xảy ra với xác suất bao nhiêu?,"Vì hai quỹ hoạt động độc lập, tính xác suất biến cố đối bằng quy tắc nhân: $P(\text{Đối}) = (1 - P(F_1))(1 - P(F_2))$, sau đó lấy $1 - P(\text{Đối})$."
PROB_PISA_443,Ky thuat - San xuat,SKILL_RELIABILITY_TECH,GiaiQuyetVanDe,VanDung,Một nhà máy sản xuất linh kiện điện tử có hai dây chuyền $L_1$ và $L_2$ cùng sản xuất một mã sản phẩm. Dây chuyền $L_1$ chiếm $60\%$ tổng sản lượng với tỷ lệ phế phẩm là $1.5\%$; dây chuyền $L_2$ chiếm $40\%$ sản lượng với tỷ lệ phế phẩm là $3.0\%$. Chọn ngẫu nhiên một linh kiện trong kho thành phẩm. Tính xác suất linh kiện được chọn là sản phẩm đạt chuẩn chất lượng.,0.937,0.914,0.979,0.894,C,1.36,1.53,"Sử dụng công thức xác suất toàn phần để xác định tỷ lệ phế phẩm chung của toàn nhà máy: $P(\text{Phế phẩm}) = 0{,}6 \cdot P(\text{Lỗi}\mid L_1) + 0{,}4 \cdot P(\text{Lỗi}\mid L_2)$.",Áp dụng công thức biến cố đối: Xác suất sản phẩm đạt chuẩn chất lượng xuất xưởng là $P(\text{Đạt}) = 1 - P(\text{Phế phẩm})$.
PROB_PISA_444,Cong nghe thong tin,SKILL_RELIABILITY_TECH,GiaiQuyetVanDe,VanDung,"Một hệ thống cơ sở dữ liệu y tế trực tuyến sử dụng $3$ máy chủ đám mây hoạt động song song độc lập. Xác suất gặp sự cố gián đoạn mạng trong ngày của mỗi máy chủ lần lượt là $0.05$, $0.1$ và $0.12$. Hệ thống duy trì hoạt động bình thường nếu có ít nhất một máy chủ vận hành tốt. Tính xác suất hệ thống dữ liệu hoạt động thông suốt không bị ngắt quãng trong ngày.",0.9574,0.9344,0.9144,0.9994,D,1.17,1.57,Hệ thống chỉ bị gián đoạn toàn phần khi tất cả 3 máy chủ cùng đồng thời gặp sự cố kỹ thuật.,"Vì 3 máy chủ hoạt động độc lập, xác suất gián đoạn toàn bộ là $q_1 \cdot q_2 \cdot q_3$. Áp dụng nguyên lý biến cố đối để tìm xác suất hệ thống hoạt động thông suốt."
PROB_PISA_445,Giao thong - Logistics,SKILL_LOGISTICS,GiaiQuyetVanDe,VanDung,"Một kiện hàng hóa sinh học được vận chuyển qua ba cung đường độc lập: hàng không, đường sắt và vận tải nội đô. Xác suất xảy ra chậm trễ giờ ở mỗi cung đường lần lượt là $0.06$, $0.08$ và $0.08$. Tính xác suất để kiện hàng đến đích hoàn toàn đúng thời gian quy định (không trễ ở bất kỳ chặng nào).",0.7956,0.8306,0.7536,0.8536,A,1.34,1.61,"Để toàn bộ kiện hàng đến đúng hẹn, điều kiện cần và đủ là cả 3 chặng vận chuyển đều phải hoàn thành đúng giờ.","Tính xác suất đúng giờ của từng chặng: $1 - d_i$, sau đó áp dụng quy tắc nhân xác suất cho 3 biến cố độc lập liên tiếp."
PROB_PISA_446,Y te - Duoc pham,SKILL_INDEP_MEDICAL,GiaiQuyetVanDe,VanDung,"Trong một nghiên cứu y khoa, ba phương pháp xét nghiệm sinh học $M_1$, $M_2$ và $M_3$ hoạt động độc lập để phát hiện kháng thể trong huyết thanh bệnh nhân. Xác suất phát hiện thành công của mỗi phương pháp lần lượt là $0.79$, $0.88$ và $0.93$. Tính xác suất để có ít nhất một phương pháp phát hiện thành công kháng thể.",0.9562,0.9332,0.9982,0.9132,C,1.15,1.65,Xác định biến cố đối: Tình huống 'cả ba phương pháp đều không phát hiện được kháng thể' xảy ra khi từng phương pháp đồng thời thất bại.,"Vì các phương pháp hoạt động độc lập, hãy tính xác suất cả 3 cùng thất bại: $P(\text{Đối}) = (1 - 0.79)(1 - 0.88)(1 - 0.93)$, sau đó tính $P = 1 - P(\text{Đối})$."
PROB_PISA_447,Tai chinh - Kinh te,SKILL_RISK_FINANCE,GiaiQuyetVanDe,VanDung,Một nhà đầu tư tài chính phân bổ vốn vào hai quỹ mở $F_1$ và $F_2$ hoạt động trên hai thị trường độc lập. Xác suất quỹ $F_1$ đạt mục tiêu lợi nhuận trong quý là $0.86$ và quỹ $F_2$ là $0.79$. Tính xác suất để nhà đầu tư có ít nhất một quỹ đạt mục tiêu lợi nhuận đã đề ra.,0.9286,0.9056,0.9706,0.8856,C,1.32,1.69,Xác định biến cố đối: Tình huống xấu nhất 'cả hai quỹ đều không đạt mục tiêu lợi nhuận' xảy ra với xác suất bao nhiêu?,"Vì hai quỹ hoạt động độc lập, tính xác suất biến cố đối bằng quy tắc nhân: $P(\text{Đối}) = (1 - P(F_1))(1 - P(F_2))$, sau đó lấy $1 - P(\text{Đối})$."
PROB_PISA_448,Ky thuat - San xuat,SKILL_RELIABILITY_TECH,GiaiQuyetVanDe,VanDung,Một nhà máy sản xuất linh kiện điện tử có hai dây chuyền $L_1$ và $L_2$ cùng sản xuất một mã sản phẩm. Dây chuyền $L_1$ chiếm $60\%$ tổng sản lượng với tỷ lệ phế phẩm là $2.0\%$; dây chuyền $L_2$ chiếm $40\%$ sản lượng với tỷ lệ phế phẩm là $3.5000000000000004\%$. Chọn ngẫu nhiên một linh kiện trong kho thành phẩm. Tính xác suất linh kiện được chọn là sản phẩm đạt chuẩn chất lượng.,0.932,0.909,0.889,0.974,D,1.13,1.73,"Sử dụng công thức xác suất toàn phần để xác định tỷ lệ phế phẩm chung của toàn nhà máy: $P(\text{Phế phẩm}) = 0{,}6 \cdot P(\text{Lỗi}\mid L_1) + 0{,}4 \cdot P(\text{Lỗi}\mid L_2)$.",Áp dụng công thức biến cố đối: Xác suất sản phẩm đạt chuẩn chất lượng xuất xưởng là $P(\text{Đạt}) = 1 - P(\text{Phế phẩm})$.
PROB_PISA_449,Cong nghe thong tin,SKILL_RELIABILITY_TECH,GiaiQuyetVanDe,VanDung,"Một hệ thống cơ sở dữ liệu y tế trực tuyến sử dụng $3$ máy chủ đám mây hoạt động song song độc lập. Xác suất gặp sự cố gián đoạn mạng trong ngày của mỗi máy chủ lần lượt là $0.07$, $0.12$ và $0.14$. Hệ thống duy trì hoạt động bình thường nếu có ít nhất một máy chủ vận hành tốt. Tính xác suất hệ thống dữ liệu hoạt động thông suốt không bị ngắt quãng trong ngày.",0.9988,0.9568,0.9338,0.9138,A,1.3,1.77,Hệ thống chỉ bị gián đoạn toàn phần khi tất cả 3 máy chủ cùng đồng thời gặp sự cố kỹ thuật.,"Vì 3 máy chủ hoạt động độc lập, xác suất gián đoạn toàn bộ là $q_1 \cdot q_2 \cdot q_3$. Áp dụng nguyên lý biến cố đối để tìm xác suất hệ thống hoạt động thông suốt."
PROB_PISA_450,Giao thong - Logistics,SKILL_LOGISTICS,GiaiQuyetVanDe,VanDung,"Một kiện hàng hóa sinh học được vận chuyển qua ba cung đường độc lập: hàng không, đường sắt và vận tải nội đô. Xác suất xảy ra chậm trễ giờ ở mỗi cung đường lần lượt là $0.08$, $0.1$ và $0.1$. Tính xác suất để kiện hàng đến đích hoàn toàn đúng thời gian quy định (không trễ ở bất kỳ chặng nào).",0.7802,0.7452,0.7032,0.8032,B,1.11,1.81,"Để toàn bộ kiện hàng đến đúng hẹn, điều kiện cần và đủ là cả 3 chặng vận chuyển đều phải hoàn thành đúng giờ.","Tính xác suất đúng giờ của từng chặng: $1 - d_i$, sau đó áp dụng quy tắc nhân xác suất cho 3 biến cố độc lập liên tiếp."
PROB_PISA_451,Y te - Duoc pham,SKILL_INDEP_MEDICAL,GiaiQuyetVanDe,VanDung,"Ba nhóm bệnh nhân độc lập gồm nhóm 1, nhóm 2 và nhóm 3 được chỉ định phác đồ điều trị mới. Xác suất đáp ứng thuốc tốt của mỗi nhóm lần lượt là $0.79$, $0.92$ và $0.89$. Tính xác suất để có đúng hai trong ba nhóm đáp ứng tốt với phác đồ điều trị.",0.3431,0.2661,0.3661,0.3081,D,1.28,0.85,"Phân tích thành 3 trường hợp rời nhau (xung khắc): (nhóm 1 và 2 đạt, nhóm 3 không), (nhóm 1 và 3 đạt, nhóm 2 không), hoặc (nhóm 2 và 3 đạt, nhóm 1 không).","Áp dụng quy tắc nhân xác suất cho các biến cố độc lập trong từng trường hợp, sau đó áp dụng quy tắc cộng xác suất để tìm kết quả chung."
PROB_PISA_452,Tai chinh - Kinh te,SKILL_RISK_FINANCE,GiaiQuyetVanDe,VanDung,Một nhà đầu tư tài chính phân bổ vốn vào hai quỹ mở $F_1$ và $F_2$ hoạt động trên hai thị trường độc lập. Xác suất quỹ $F_1$ đạt mục tiêu lợi nhuận trong quý là $0.7$ và quỹ $F_2$ là $0.83$. Tính xác suất để nhà đầu tư có ít nhất một quỹ đạt mục tiêu lợi nhuận đã đề ra.,0.984,0.907,0.884,0.949,D,1.45,0.89,Xác định biến cố đối: Tình huống xấu nhất 'cả hai quỹ đều không đạt mục tiêu lợi nhuận' xảy ra với xác suất bao nhiêu?,"Vì hai quỹ hoạt động độc lập, tính xác suất biến cố đối bằng quy tắc nhân: $P(\text{Đối}) = (1 - P(F_1))(1 - P(F_2))$, sau đó lấy $1 - P(\text{Đối})$."
PROB_PISA_453,Ky thuat - San xuat,SKILL_RELIABILITY_TECH,GiaiQuyetVanDe,VanDung,Một nhà máy sản xuất linh kiện điện tử có hai dây chuyền $L_1$ và $L_2$ cùng sản xuất một mã sản phẩm. Dây chuyền $L_1$ chiếm $60\%$ tổng sản lượng với tỷ lệ phế phẩm là $2.5\%$; dây chuyền $L_2$ chiếm $40\%$ sản lượng với tỷ lệ phế phẩm là $2.5\%$. Chọn ngẫu nhiên một linh kiện trong kho thành phẩm. Tính xác suất linh kiện được chọn là sản phẩm đạt chuẩn chất lượng.,0.975,0.933,0.91,0.89,A,1.26,0.93,"Sử dụng công thức xác suất toàn phần để xác định tỷ lệ phế phẩm chung của toàn nhà máy: $P(\text{Phế phẩm}) = 0{,}6 \cdot P(\text{Lỗi}\mid L_1) + 0{,}4 \cdot P(\text{Lỗi}\mid L_2)$.",Áp dụng công thức biến cố đối: Xác suất sản phẩm đạt chuẩn chất lượng xuất xưởng là $P(\text{Đạt}) = 1 - P(\text{Phế phẩm})$.
PROB_PISA_454,Cong nghe thong tin,SKILL_RELIABILITY_TECH,GiaiQuyetVanDe,VanDung,"Một hệ thống cơ sở dữ liệu y tế trực tuyến sử dụng $3$ máy chủ đám mây hoạt động song song độc lập. Xác suất gặp sự cố gián đoạn mạng trong ngày của mỗi máy chủ lần lượt là $0.09$, $0.08$ và $0.1$. Hệ thống duy trì hoạt động bình thường nếu có ít nhất một máy chủ vận hành tốt. Tính xác suất hệ thống dữ liệu hoạt động thông suốt không bị ngắt quãng trong ngày.",0.9573,0.9993,0.9343,0.9143,B,1.43,0.97,Hệ thống chỉ bị gián đoạn toàn phần khi tất cả 3 máy chủ cùng đồng thời gặp sự cố kỹ thuật.,"Vì 3 máy chủ hoạt động độc lập, xác suất gián đoạn toàn bộ là $q_1 \cdot q_2 \cdot q_3$. Áp dụng nguyên lý biến cố đối để tìm xác suất hệ thống hoạt động thông suốt."
PROB_PISA_455,Giao thong - Logistics,SKILL_LOGISTICS,GiaiQuyetVanDe,VanDung,"Một kiện hàng hóa sinh học được vận chuyển qua ba cung đường độc lập: hàng không, đường sắt và vận tải nội đô. Xác suất xảy ra chậm trễ giờ ở mỗi cung đường lần lượt là $0.04$, $0.06$ và $0.12$. Tính xác suất để kiện hàng đến đích hoàn toàn đúng thời gian quy định (không trễ ở bất kỳ chặng nào).",0.8291,0.7521,0.7941,0.8521,C,1.24,1.01,"Để toàn bộ kiện hàng đến đúng hẹn, điều kiện cần và đủ là cả 3 chặng vận chuyển đều phải hoàn thành đúng giờ.","Tính xác suất đúng giờ của từng chặng: $1 - d_i$, sau đó áp dụng quy tắc nhân xác suất cho 3 biến cố độc lập liên tiếp."
PROB_PISA_456,Y te - Duoc pham,SKILL_INDEP_MEDICAL,GiaiQuyetVanDe,VanDung,"Trong một nghiên cứu y khoa, ba phương pháp xét nghiệm sinh học $M_1$, $M_2$ và $M_3$ hoạt động độc lập để phát hiện kháng thể trong huyết thanh bệnh nhân. Xác suất phát hiện thành công của mỗi phương pháp lần lượt là $0.79$, $0.8$ và $0.85$. Tính xác suất để có ít nhất một phương pháp phát hiện thành công kháng thể.",0.9937,0.9517,0.9287,0.9087,A,1.41,1.05,Xác định biến cố đối: Tình huống 'cả ba phương pháp đều không phát hiện được kháng thể' xảy ra khi từng phương pháp đồng thời thất bại.,"Vì các phương pháp hoạt động độc lập, hãy tính xác suất cả 3 cùng thất bại: $P(\text{Đối}) = (1 - 0.79)(1 - 0.8)(1 - 0.85)$, sau đó tính $P = 1 - P(\text{Đối})$."
PROB_PISA_457,Tai chinh - Kinh te,SKILL_RISK_FINANCE,GiaiQuyetVanDe,VanDung,Một nhà đầu tư tài chính phân bổ vốn vào hai quỹ mở $F_1$ và $F_2$ hoạt động trên hai thị trường độc lập. Xác suất quỹ $F_1$ đạt mục tiêu lợi nhuận trong quý là $0.74$ và quỹ $F_2$ là $0.87$. Tính xác suất để nhà đầu tư có ít nhất một quỹ đạt mục tiêu lợi nhuận đã đề ra.,0.9662,0.9242,0.9012,0.8812,A,1.22,1.09,Xác định biến cố đối: Tình huống xấu nhất 'cả hai quỹ đều không đạt mục tiêu lợi nhuận' xảy ra với xác suất bao nhiêu?,"Vì hai quỹ hoạt động độc lập, tính xác suất biến cố đối bằng quy tắc nhân: $P(\text{Đối}) = (1 - P(F_1))(1 - P(F_2))$, sau đó lấy $1 - P(\text{Đối})$."
PROB_PISA_458,Ky thuat - San xuat,SKILL_RELIABILITY_TECH,GiaiQuyetVanDe,VanDung,Một nhà máy sản xuất linh kiện điện tử có hai dây chuyền $L_1$ và $L_2$ cùng sản xuất một mã sản phẩm. Dây chuyền $L_1$ chiếm $60\%$ tổng sản lượng với tỷ lệ phế phẩm là $3.0\%$; dây chuyền $L_2$ chiếm $40\%$ sản lượng với tỷ lệ phế phẩm là $3.0\%$. Chọn ngẫu nhiên một linh kiện trong kho thành phẩm. Tính xác suất linh kiện được chọn là sản phẩm đạt chuẩn chất lượng.,0.928,0.97,0.905,0.885,B,1.39,1.13,"Sử dụng công thức xác suất toàn phần để xác định tỷ lệ phế phẩm chung của toàn nhà máy: $P(\text{Phế phẩm}) = 0{,}6 \cdot P(\text{Lỗi}\mid L_1) + 0{,}4 \cdot P(\text{Lỗi}\mid L_2)$.",Áp dụng công thức biến cố đối: Xác suất sản phẩm đạt chuẩn chất lượng xuất xưởng là $P(\text{Đạt}) = 1 - P(\text{Phế phẩm})$.
PROB_PISA_459,Cong nghe thong tin,SKILL_RELIABILITY_TECH,GiaiQuyetVanDe,VanDung,"Một hệ thống cơ sở dữ liệu y tế trực tuyến sử dụng $3$ máy chủ đám mây hoạt động song song độc lập. Xác suất gặp sự cố gián đoạn mạng trong ngày của mỗi máy chủ lần lượt là $0.11$, $0.1$ và $0.12$. Hệ thống duy trì hoạt động bình thường nếu có ít nhất một máy chủ vận hành tốt. Tính xác suất hệ thống dữ liệu hoạt động thông suốt không bị ngắt quãng trong ngày.",0.9567,0.9337,0.9987,0.9137,C,1.2,1.17,Hệ thống chỉ bị gián đoạn toàn phần khi tất cả 3 máy chủ cùng đồng thời gặp sự cố kỹ thuật.,"Vì 3 máy chủ hoạt động độc lập, xác suất gián đoạn toàn bộ là $q_1 \cdot q_2 \cdot q_3$. Áp dụng nguyên lý biến cố đối để tìm xác suất hệ thống hoạt động thông suốt."
PROB_PISA_460,Giao thong - Logistics,SKILL_LOGISTICS,GiaiQuyetVanDe,VanDung,"Một kiện hàng hóa sinh học được vận chuyển qua ba cung đường độc lập: hàng không, đường sắt và vận tải nội đô. Xác suất xảy ra chậm trễ giờ ở mỗi cung đường lần lượt là $0.06$, $0.08$ và $0.14$. Tính xác suất để kiện hàng đến đích hoàn toàn đúng thời gian quy định (không trễ ở bất kỳ chặng nào).",0.7787,0.7017,0.8017,0.7437,D,1.37,1.21,"Để toàn bộ kiện hàng đến đúng hẹn, điều kiện cần và đủ là cả 3 chặng vận chuyển đều phải hoàn thành đúng giờ.","Tính xác suất đúng giờ của từng chặng: $1 - d_i$, sau đó áp dụng quy tắc nhân xác suất cho 3 biến cố độc lập liên tiếp."
PROB_PISA_461,Y te - Duoc pham,SKILL_INDEP_MEDICAL,GiaiQuyetVanDe,VanDung,"Ba nhóm bệnh nhân độc lập gồm nhóm 1, nhóm 2 và nhóm 3 được chỉ định phác đồ điều trị mới. Xác suất đáp ứng thuốc tốt của mỗi nhóm lần lượt là $0.79$, $0.84$ và $0.93$. Tính xác suất để có đúng hai trong ba nhóm đáp ứng tốt với phác đồ điều trị.",0.3631,0.3281,0.2861,0.3861,B,1.18,1.25,"Phân tích thành 3 trường hợp rời nhau (xung khắc): (nhóm 1 và 2 đạt, nhóm 3 không), (nhóm 1 và 3 đạt, nhóm 2 không), hoặc (nhóm 2 và 3 đạt, nhóm 1 không).","Áp dụng quy tắc nhân xác suất cho các biến cố độc lập trong từng trường hợp, sau đó áp dụng quy tắc cộng xác suất để tìm kết quả chung."
PROB_PISA_462,Tai chinh - Kinh te,SKILL_RISK_FINANCE,GiaiQuyetVanDe,VanDung,Một nhà đầu tư tài chính phân bổ vốn vào hai quỹ mở $F_1$ và $F_2$ hoạt động trên hai thị trường độc lập. Xác suất quỹ $F_1$ đạt mục tiêu lợi nhuận trong quý là $0.78$ và quỹ $F_2$ là $0.75$. Tính xác suất để nhà đầu tư có ít nhất một quỹ đạt mục tiêu lợi nhuận đã đề ra.,0.98,0.945,0.903,0.88,B,1.35,1.29,Xác định biến cố đối: Tình huống xấu nhất 'cả hai quỹ đều không đạt mục tiêu lợi nhuận' xảy ra với xác suất bao nhiêu?,"Vì hai quỹ hoạt động độc lập, tính xác suất biến cố đối bằng quy tắc nhân: $P(\text{Đối}) = (1 - P(F_1))(1 - P(F_2))$, sau đó lấy $1 - P(\text{Đối})$."
PROB_PISA_463,Ky thuat - San xuat,SKILL_RELIABILITY_TECH,GiaiQuyetVanDe,VanDung,Một nhà máy sản xuất linh kiện điện tử có hai dây chuyền $L_1$ và $L_2$ cùng sản xuất một mã sản phẩm. Dây chuyền $L_1$ chiếm $60\%$ tổng sản lượng với tỷ lệ phế phẩm là $1.5\%$; dây chuyền $L_2$ chiếm $40\%$ sản lượng với tỷ lệ phế phẩm là $3.5000000000000004\%$. Chọn ngẫu nhiên một linh kiện trong kho thành phẩm. Tính xác suất linh kiện được chọn là sản phẩm đạt chuẩn chất lượng.,0.935,0.912,0.977,0.892,C,1.16,1.33,"Sử dụng công thức xác suất toàn phần để xác định tỷ lệ phế phẩm chung của toàn nhà máy: $P(\text{Phế phẩm}) = 0{,}6 \cdot P(\text{Lỗi}\mid L_1) + 0{,}4 \cdot P(\text{Lỗi}\mid L_2)$.",Áp dụng công thức biến cố đối: Xác suất sản phẩm đạt chuẩn chất lượng xuất xưởng là $P(\text{Đạt}) = 1 - P(\text{Phế phẩm})$.
PROB_PISA_464,Cong nghe thong tin,SKILL_RELIABILITY_TECH,GiaiQuyetVanDe,VanDung,"Một hệ thống cơ sở dữ liệu y tế trực tuyến sử dụng $3$ máy chủ đám mây hoạt động song song độc lập. Xác suất gặp sự cố gián đoạn mạng trong ngày của mỗi máy chủ lần lượt là $0.05$, $0.12$ và $0.14$. Hệ thống duy trì hoạt động bình thường nếu có ít nhất một máy chủ vận hành tốt. Tính xác suất hệ thống dữ liệu hoạt động thông suốt không bị ngắt quãng trong ngày.",0.9572,0.9342,0.9142,0.9992,D,1.33,1.37,Hệ thống chỉ bị gián đoạn toàn phần khi tất cả 3 máy chủ cùng đồng thời gặp sự cố kỹ thuật.,"Vì 3 máy chủ hoạt động độc lập, xác suất gián đoạn toàn bộ là $q_1 \cdot q_2 \cdot q_3$. Áp dụng nguyên lý biến cố đối để tìm xác suất hệ thống hoạt động thông suốt."
PROB_PISA_465,Giao thong - Logistics,SKILL_LOGISTICS,GiaiQuyetVanDe,VanDung,"Một kiện hàng hóa sinh học được vận chuyển qua ba cung đường độc lập: hàng không, đường sắt và vận tải nội đô. Xác suất xảy ra chậm trễ giờ ở mỗi cung đường lần lượt là $0.08$, $0.1$ và $0.08$. Tính xác suất để kiện hàng đến đích hoàn toàn đúng thời gian quy định (không trễ ở bất kỳ chặng nào).",0.7618,0.7968,0.7198,0.8198,A,1.14,1.41,"Để toàn bộ kiện hàng đến đúng hẹn, điều kiện cần và đủ là cả 3 chặng vận chuyển đều phải hoàn thành đúng giờ.","Tính xác suất đúng giờ của từng chặng: $1 - d_i$, sau đó áp dụng quy tắc nhân xác suất cho 3 biến cố độc lập liên tiếp."
PROB_PISA_466,Y te - Duoc pham,SKILL_INDEP_MEDICAL,GiaiQuyetVanDe,VanDung,"Trong một nghiên cứu y khoa, ba phương pháp xét nghiệm sinh học $M_1$, $M_2$ và $M_3$ hoạt động độc lập để phát hiện kháng thể trong huyết thanh bệnh nhân. Xác suất phát hiện thành công của mỗi phương pháp lần lượt là $0.79$, $0.88$ và $0.89$. Tính xác suất để có ít nhất một phương pháp phát hiện thành công kháng thể.",0.9552,0.9322,0.9972,0.9122,C,1.31,1.45,Xác định biến cố đối: Tình huống 'cả ba phương pháp đều không phát hiện được kháng thể' xảy ra khi từng phương pháp đồng thời thất bại.,"Vì các phương pháp hoạt động độc lập, hãy tính xác suất cả 3 cùng thất bại: $P(\text{Đối}) = (1 - 0.79)(1 - 0.88)(1 - 0.89)$, sau đó tính $P = 1 - P(\text{Đối})$."
PROB_PISA_467,Tai chinh - Kinh te,SKILL_RISK_FINANCE,GiaiQuyetVanDe,VanDung,Một nhà đầu tư tài chính phân bổ vốn vào hai quỹ mở $F_1$ và $F_2$ hoạt động trên hai thị trường độc lập. Xác suất quỹ $F_1$ đạt mục tiêu lợi nhuận trong quý là $0.82$ và quỹ $F_2$ là $0.79$. Tính xác suất để nhà đầu tư có ít nhất một quỹ đạt mục tiêu lợi nhuận đã đề ra.,0.9972,0.9202,0.9622,0.8972,C,1.12,1.49,Xác định biến cố đối: Tình huống xấu nhất 'cả hai quỹ đều không đạt mục tiêu lợi nhuận' xảy ra với xác suất bao nhiêu?,"Vì hai quỹ hoạt động độc lập, tính xác suất biến cố đối bằng quy tắc nhân: $P(\text{Đối}) = (1 - P(F_1))(1 - P(F_2))$, sau đó lấy $1 - P(\text{Đối})$."
PROB_PISA_468,Ky thuat - San xuat,SKILL_RELIABILITY_TECH,GiaiQuyetVanDe,VanDung,Một nhà máy sản xuất linh kiện điện tử có hai dây chuyền $L_1$ và $L_2$ cùng sản xuất một mã sản phẩm. Dây chuyền $L_1$ chiếm $60\%$ tổng sản lượng với tỷ lệ phế phẩm là $2.0\%$; dây chuyền $L_2$ chiếm $40\%$ sản lượng với tỷ lệ phế phẩm là $2.5\%$. Chọn ngẫu nhiên một linh kiện trong kho thành phẩm. Tính xác suất linh kiện được chọn là sản phẩm đạt chuẩn chất lượng.,0.936,0.913,0.893,0.978,D,1.29,1.53,"Sử dụng công thức xác suất toàn phần để xác định tỷ lệ phế phẩm chung của toàn nhà máy: $P(\text{Phế phẩm}) = 0{,}6 \cdot P(\text{Lỗi}\mid L_1) + 0{,}4 \cdot P(\text{Lỗi}\mid L_2)$.",Áp dụng công thức biến cố đối: Xác suất sản phẩm đạt chuẩn chất lượng xuất xưởng là $P(\text{Đạt}) = 1 - P(\text{Phế phẩm})$.
PROB_PISA_469,Cong nghe thong tin,SKILL_RELIABILITY_TECH,GiaiQuyetVanDe,VanDung,"Một hệ thống cơ sở dữ liệu y tế trực tuyến sử dụng $3$ máy chủ đám mây hoạt động song song độc lập. Xác suất gặp sự cố gián đoạn mạng trong ngày của mỗi máy chủ lần lượt là $0.07$, $0.08$ và $0.1$. Hệ thống duy trì hoạt động bình thường nếu có ít nhất một máy chủ vận hành tốt. Tính xác suất hệ thống dữ liệu hoạt động thông suốt không bị ngắt quãng trong ngày.",0.9994,0.9574,0.9344,0.9144,A,1.1,1.57,Hệ thống chỉ bị gián đoạn toàn phần khi tất cả 3 máy chủ cùng đồng thời gặp sự cố kỹ thuật.,"Vì 3 máy chủ hoạt động độc lập, xác suất gián đoạn toàn bộ là $q_1 \cdot q_2 \cdot q_3$. Áp dụng nguyên lý biến cố đối để tìm xác suất hệ thống hoạt động thông suốt."
PROB_PISA_470,Giao thong - Logistics,SKILL_LOGISTICS,GiaiQuyetVanDe,VanDung,"Một kiện hàng hóa sinh học được vận chuyển qua ba cung đường độc lập: hàng không, đường sắt và vận tải nội đô. Xác suất xảy ra chậm trễ giờ ở mỗi cung đường lần lượt là $0.04$, $0.06$ và $0.1$. Tính xác suất để kiện hàng đến đích hoàn toàn đúng thời gian quy định (không trễ ở bất kỳ chặng nào).",0.8472,0.8122,0.7702,0.8702,B,1.27,1.61,"Để toàn bộ kiện hàng đến đúng hẹn, điều kiện cần và đủ là cả 3 chặng vận chuyển đều phải hoàn thành đúng giờ.","Tính xác suất đúng giờ của từng chặng: $1 - d_i$, sau đó áp dụng quy tắc nhân xác suất cho 3 biến cố độc lập liên tiếp."
PROB_PISA_471,Y te - Duoc pham,SKILL_INDEP_MEDICAL,GiaiQuyetVanDe,VanDung,"Ba nhóm bệnh nhân độc lập gồm nhóm 1, nhóm 2 và nhóm 3 được chỉ định phác đồ điều trị mới. Xác suất đáp ứng thuốc tốt của mỗi nhóm lần lượt là $0.79$, $0.92$ và $0.85$. Tính xác suất để có đúng hai trong ba nhóm đáp ứng tốt với phác đồ điều trị.",0.362,0.285,0.385,0.327,D,1.44,1.65,"Phân tích thành 3 trường hợp rời nhau (xung khắc): (nhóm 1 và 2 đạt, nhóm 3 không), (nhóm 1 và 3 đạt, nhóm 2 không), hoặc (nhóm 2 và 3 đạt, nhóm 1 không).","Áp dụng quy tắc nhân xác suất cho các biến cố độc lập trong từng trường hợp, sau đó áp dụng quy tắc cộng xác suất để tìm kết quả chung."
PROB_PISA_472,Tai chinh - Kinh te,SKILL_RISK_FINANCE,GiaiQuyetVanDe,VanDung,Một nhà đầu tư tài chính phân bổ vốn vào hai quỹ mở $F_1$ và $F_2$ hoạt động trên hai thị trường độc lập. Xác suất quỹ $F_1$ đạt mục tiêu lợi nhuận trong quý là $0.86$ và quỹ $F_2$ là $0.83$. Tính xác suất để nhà đầu tư có ít nhất một quỹ đạt mục tiêu lợi nhuận đã đề ra.,0.9342,0.9112,0.8912,0.9762,D,1.25,1.69,Xác định biến cố đối: Tình huống xấu nhất 'cả hai quỹ đều không đạt mục tiêu lợi nhuận' xảy ra với xác suất bao nhiêu?,"Vì hai quỹ hoạt động độc lập, tính xác suất biến cố đối bằng quy tắc nhân: $P(\text{Đối}) = (1 - P(F_1))(1 - P(F_2))$, sau đó lấy $1 - P(\text{Đối})$."
PROB_PISA_473,Ky thuat - San xuat,SKILL_RELIABILITY_TECH,GiaiQuyetVanDe,VanDung,Một nhà máy sản xuất linh kiện điện tử có hai dây chuyền $L_1$ và $L_2$ cùng sản xuất một mã sản phẩm. Dây chuyền $L_1$ chiếm $60\%$ tổng sản lượng với tỷ lệ phế phẩm là $2.5\%$; dây chuyền $L_2$ chiếm $40\%$ sản lượng với tỷ lệ phế phẩm là $3.0\%$. Chọn ngẫu nhiên một linh kiện trong kho thành phẩm. Tính xác suất linh kiện được chọn là sản phẩm đạt chuẩn chất lượng.,0.973,0.931,0.908,0.888,A,1.42,1.73,"Sử dụng công thức xác suất toàn phần để xác định tỷ lệ phế phẩm chung của toàn nhà máy: $P(\text{Phế phẩm}) = 0{,}6 \cdot P(\text{Lỗi}\mid L_1) + 0{,}4 \cdot P(\text{Lỗi}\mid L_2)$.",Áp dụng công thức biến cố đối: Xác suất sản phẩm đạt chuẩn chất lượng xuất xưởng là $P(\text{Đạt}) = 1 - P(\text{Phế phẩm})$.
PROB_PISA_474,Cong nghe thong tin,SKILL_RELIABILITY_TECH,GiaiQuyetVanDe,VanDung,"Một hệ thống cơ sở dữ liệu y tế trực tuyến sử dụng $3$ máy chủ đám mây hoạt động song song độc lập. Xác suất gặp sự cố gián đoạn mạng trong ngày của mỗi máy chủ lần lượt là $0.09$, $0.1$ và $0.12$. Hệ thống duy trì hoạt động bình thường nếu có ít nhất một máy chủ vận hành tốt. Tính xác suất hệ thống dữ liệu hoạt động thông suốt không bị ngắt quãng trong ngày.",0.9569,0.9989,0.9339,0.9139,B,1.23,1.77,Hệ thống chỉ bị gián đoạn toàn phần khi tất cả 3 máy chủ cùng đồng thời gặp sự cố kỹ thuật.,"Vì 3 máy chủ hoạt động độc lập, xác suất gián đoạn toàn bộ là $q_1 \cdot q_2 \cdot q_3$. Áp dụng nguyên lý biến cố đối để tìm xác suất hệ thống hoạt động thông suốt."
PROB_PISA_475,Giao thong - Logistics,SKILL_LOGISTICS,GiaiQuyetVanDe,VanDung,"Một kiện hàng hóa sinh học được vận chuyển qua ba cung đường độc lập: hàng không, đường sắt và vận tải nội đô. Xác suất xảy ra chậm trễ giờ ở mỗi cung đường lần lượt là $0.06$, $0.08$ và $0.12$. Tính xác suất để kiện hàng đến đích hoàn toàn đúng thời gian quy định (không trễ ở bất kỳ chặng nào).",0.796,0.719,0.761,0.819,C,1.4,1.81,"Để toàn bộ kiện hàng đến đúng hẹn, điều kiện cần và đủ là cả 3 chặng vận chuyển đều phải hoàn thành đúng giờ.","Tính xác suất đúng giờ của từng chặng: $1 - d_i$, sau đó áp dụng quy tắc nhân xác suất cho 3 biến cố độc lập liên tiếp."
PROB_PISA_476,Y te - Duoc pham,SKILL_INDEP_MEDICAL,GiaiQuyetVanDe,VanDung,"Trong một nghiên cứu y khoa, ba phương pháp xét nghiệm sinh học $M_1$, $M_2$ và $M_3$ hoạt động độc lập để phát hiện kháng thể trong huyết thanh bệnh nhân. Xác suất phát hiện thành công của mỗi phương pháp lần lượt là $0.79$, $0.8$ và $0.93$. Tính xác suất để có ít nhất một phương pháp phát hiện thành công kháng thể.",0.9971,0.9551,0.9321,0.9121,A,1.21,0.85,Xác định biến cố đối: Tình huống 'cả ba phương pháp đều không phát hiện được kháng thể' xảy ra khi từng phương pháp đồng thời thất bại.,"Vì các phương pháp hoạt động độc lập, hãy tính xác suất cả 3 cùng thất bại: $P(\text{Đối}) = (1 - 0.79)(1 - 0.8)(1 - 0.93)$, sau đó tính $P = 1 - P(\text{Đối})$."
PROB_PISA_477,Tai chinh - Kinh te,SKILL_RISK_FINANCE,GiaiQuyetVanDe,VanDung,Một nhà đầu tư tài chính phân bổ vốn vào hai quỹ mở $F_1$ và $F_2$ hoạt động trên hai thị trường độc lập. Xác suất quỹ $F_1$ đạt mục tiêu lợi nhuận trong quý là $0.7$ và quỹ $F_2$ là $0.87$. Tính xác suất để nhà đầu tư có ít nhất một quỹ đạt mục tiêu lợi nhuận đã đề ra.,0.961,0.996,0.919,0.896,A,1.38,0.89,Xác định biến cố đối: Tình huống xấu nhất 'cả hai quỹ đều không đạt mục tiêu lợi nhuận' xảy ra với xác suất bao nhiêu?,"Vì hai quỹ hoạt động độc lập, tính xác suất biến cố đối bằng quy tắc nhân: $P(\text{Đối}) = (1 - P(F_1))(1 - P(F_2))$, sau đó lấy $1 - P(\text{Đối})$."
PROB_PISA_478,Ky thuat - San xuat,SKILL_RELIABILITY_TECH,GiaiQuyetVanDe,VanDung,Một nhà máy sản xuất linh kiện điện tử có hai dây chuyền $L_1$ và $L_2$ cùng sản xuất một mã sản phẩm. Dây chuyền $L_1$ chiếm $60\%$ tổng sản lượng với tỷ lệ phế phẩm là $3.0\%$; dây chuyền $L_2$ chiếm $40\%$ sản lượng với tỷ lệ phế phẩm là $3.5000000000000004\%$. Chọn ngẫu nhiên một linh kiện trong kho thành phẩm. Tính xác suất linh kiện được chọn là sản phẩm đạt chuẩn chất lượng.,0.926,0.968,0.903,0.883,B,1.19,0.93,"Sử dụng công thức xác suất toàn phần để xác định tỷ lệ phế phẩm chung của toàn nhà máy: $P(\text{Phế phẩm}) = 0{,}6 \cdot P(\text{Lỗi}\mid L_1) + 0{,}4 \cdot P(\text{Lỗi}\mid L_2)$.",Áp dụng công thức biến cố đối: Xác suất sản phẩm đạt chuẩn chất lượng xuất xưởng là $P(\text{Đạt}) = 1 - P(\text{Phế phẩm})$.
PROB_PISA_479,Cong nghe thong tin,SKILL_RELIABILITY_TECH,GiaiQuyetVanDe,VanDung,"Một hệ thống cơ sở dữ liệu y tế trực tuyến sử dụng $3$ máy chủ đám mây hoạt động song song độc lập. Xác suất gặp sự cố gián đoạn mạng trong ngày của mỗi máy chủ lần lượt là $0.11$, $0.12$ và $0.14$. Hệ thống duy trì hoạt động bình thường nếu có ít nhất một máy chủ vận hành tốt. Tính xác suất hệ thống dữ liệu hoạt động thông suốt không bị ngắt quãng trong ngày.",0.9562,0.9332,0.9982,0.9132,C,1.36,0.97,Hệ thống chỉ bị gián đoạn toàn phần khi tất cả 3 máy chủ cùng đồng thời gặp sự cố kỹ thuật.,"Vì 3 máy chủ hoạt động độc lập, xác suất gián đoạn toàn bộ là $q_1 \cdot q_2 \cdot q_3$. Áp dụng nguyên lý biến cố đối để tìm xác suất hệ thống hoạt động thông suốt."
PROB_PISA_480,Giao thong - Logistics,SKILL_LOGISTICS,GiaiQuyetVanDe,VanDung,"Một kiện hàng hóa sinh học được vận chuyển qua ba cung đường độc lập: hàng không, đường sắt và vận tải nội đô. Xác suất xảy ra chậm trễ giờ ở mỗi cung đường lần lượt là $0.08$, $0.1$ và $0.14$. Tính xác suất để kiện hàng đến đích hoàn toàn đúng thời gian quy định (không trễ ở bất kỳ chặng nào).",0.7471,0.6701,0.7701,0.7121,D,1.17,1.01,"Để toàn bộ kiện hàng đến đúng hẹn, điều kiện cần và đủ là cả 3 chặng vận chuyển đều phải hoàn thành đúng giờ.","Tính xác suất đúng giờ của từng chặng: $1 - d_i$, sau đó áp dụng quy tắc nhân xác suất cho 3 biến cố độc lập liên tiếp."
PROB_PISA_481,Y te - Duoc pham,SKILL_INDEP_MEDICAL,GiaiQuyetVanDe,VanDung,"Ba nhóm bệnh nhân độc lập gồm nhóm 1, nhóm 2 và nhóm 3 được chỉ định phác đồ điều trị mới. Xác suất đáp ứng thuốc tốt của mỗi nhóm lần lượt là $0.79$, $0.84$ và $0.89$. Tính xác suất để có đúng hai trong ba nhóm đáp ứng tốt với phác đồ điều trị.",0.3775,0.3425,0.3005,0.4005,B,1.34,1.05,"Phân tích thành 3 trường hợp rời nhau (xung khắc): (nhóm 1 và 2 đạt, nhóm 3 không), (nhóm 1 và 3 đạt, nhóm 2 không), hoặc (nhóm 2 và 3 đạt, nhóm 1 không).","Áp dụng quy tắc nhân xác suất cho các biến cố độc lập trong từng trường hợp, sau đó áp dụng quy tắc cộng xác suất để tìm kết quả chung."
PROB_PISA_482,Tai chinh - Kinh te,SKILL_RISK_FINANCE,GiaiQuyetVanDe,VanDung,Một nhà đầu tư tài chính phân bổ vốn vào hai quỹ mở $F_1$ và $F_2$ hoạt động trên hai thị trường độc lập. Xác suất quỹ $F_1$ đạt mục tiêu lợi nhuận trong quý là $0.74$ và quỹ $F_2$ là $0.75$. Tính xác suất để nhà đầu tư có ít nhất một quỹ đạt mục tiêu lợi nhuận đã đề ra.,0.97,0.935,0.893,0.993,B,1.15,1.09,Xác định biến cố đối: Tình huống xấu nhất 'cả hai quỹ đều không đạt mục tiêu lợi nhuận' xảy ra với xác suất bao nhiêu?,"Vì hai quỹ hoạt động độc lập, tính xác suất biến cố đối bằng quy tắc nhân: $P(\text{Đối}) = (1 - P(F_1))(1 - P(F_2))$, sau đó lấy $1 - P(\text{Đối})$."
PROB_PISA_483,Ky thuat - San xuat,SKILL_RELIABILITY_TECH,GiaiQuyetVanDe,VanDung,Một nhà máy sản xuất linh kiện điện tử có hai dây chuyền $L_1$ và $L_2$ cùng sản xuất một mã sản phẩm. Dây chuyền $L_1$ chiếm $60\%$ tổng sản lượng với tỷ lệ phế phẩm là $1.5\%$; dây chuyền $L_2$ chiếm $40\%$ sản lượng với tỷ lệ phế phẩm là $2.5\%$. Chọn ngẫu nhiên một linh kiện trong kho thành phẩm. Tính xác suất linh kiện được chọn là sản phẩm đạt chuẩn chất lượng.,0.939,0.916,0.981,0.896,C,1.32,1.13,"Sử dụng công thức xác suất toàn phần để xác định tỷ lệ phế phẩm chung của toàn nhà máy: $P(\text{Phế phẩm}) = 0{,}6 \cdot P(\text{Lỗi}\mid L_1) + 0{,}4 \cdot P(\text{Lỗi}\mid L_2)$.",Áp dụng công thức biến cố đối: Xác suất sản phẩm đạt chuẩn chất lượng xuất xưởng là $P(\text{Đạt}) = 1 - P(\text{Phế phẩm})$.
PROB_PISA_484,Cong nghe thong tin,SKILL_RELIABILITY_TECH,GiaiQuyetVanDe,VanDung,"Một hệ thống cơ sở dữ liệu y tế trực tuyến sử dụng $3$ máy chủ đám mây hoạt động song song độc lập. Xác suất gặp sự cố gián đoạn mạng trong ngày của mỗi máy chủ lần lượt là $0.05$, $0.08$ và $0.1$. Hệ thống duy trì hoạt động bình thường nếu có ít nhất một máy chủ vận hành tốt. Tính xác suất hệ thống dữ liệu hoạt động thông suốt không bị ngắt quãng trong ngày.",0.9576,0.9346,0.9146,0.9996,D,1.13,1.17,Hệ thống chỉ bị gián đoạn toàn phần khi tất cả 3 máy chủ cùng đồng thời gặp sự cố kỹ thuật.,"Vì 3 máy chủ hoạt động độc lập, xác suất gián đoạn toàn bộ là $q_1 \cdot q_2 \cdot q_3$. Áp dụng nguyên lý biến cố đối để tìm xác suất hệ thống hoạt động thông suốt."
PROB_PISA_485,Giao thong - Logistics,SKILL_LOGISTICS,GiaiQuyetVanDe,VanDung,"Một kiện hàng hóa sinh học được vận chuyển qua ba cung đường độc lập: hàng không, đường sắt và vận tải nội đô. Xác suất xảy ra chậm trễ giờ ở mỗi cung đường lần lượt là $0.04$, $0.06$ và $0.08$. Tính xác suất để kiện hàng đến đích hoàn toàn đúng thời gian quy định (không trễ ở bất kỳ chặng nào).",0.8302,0.8652,0.7882,0.8882,A,1.3,1.21,"Để toàn bộ kiện hàng đến đúng hẹn, điều kiện cần và đủ là cả 3 chặng vận chuyển đều phải hoàn thành đúng giờ.","Tính xác suất đúng giờ của từng chặng: $1 - d_i$, sau đó áp dụng quy tắc nhân xác suất cho 3 biến cố độc lập liên tiếp."
PROB_PISA_486,Y te - Duoc pham,SKILL_INDEP_MEDICAL,GiaiQuyetVanDe,VanDung,"Trong một nghiên cứu y khoa, ba phương pháp xét nghiệm sinh học $M_1$, $M_2$ và $M_3$ hoạt động độc lập để phát hiện kháng thể trong huyết thanh bệnh nhân. Xác suất phát hiện thành công của mỗi phương pháp lần lượt là $0.79$, $0.88$ và $0.85$. Tính xác suất để có ít nhất một phương pháp phát hiện thành công kháng thể.",0.9542,0.9312,0.9962,0.9112,C,1.11,1.25,Xác định biến cố đối: Tình huống 'cả ba phương pháp đều không phát hiện được kháng thể' xảy ra khi từng phương pháp đồng thời thất bại.,"Vì các phương pháp hoạt động độc lập, hãy tính xác suất cả 3 cùng thất bại: $P(\text{Đối}) = (1 - 0.79)(1 - 0.88)(1 - 0.85)$, sau đó tính $P = 1 - P(\text{Đối})$."
PROB_PISA_487,Tai chinh - Kinh te,SKILL_RISK_FINANCE,GiaiQuyetVanDe,VanDung,Một nhà đầu tư tài chính phân bổ vốn vào hai quỹ mở $F_1$ và $F_2$ hoạt động trên hai thị trường độc lập. Xác suất quỹ $F_1$ đạt mục tiêu lợi nhuận trong quý là $0.78$ và quỹ $F_2$ là $0.79$. Tính xác suất để nhà đầu tư có ít nhất một quỹ đạt mục tiêu lợi nhuận đã đề ra.,0.9888,0.9118,0.9538,0.8888,C,1.28,1.29,Xác định biến cố đối: Tình huống xấu nhất 'cả hai quỹ đều không đạt mục tiêu lợi nhuận' xảy ra với xác suất bao nhiêu?,"Vì hai quỹ hoạt động độc lập, tính xác suất biến cố đối bằng quy tắc nhân: $P(\text{Đối}) = (1 - P(F_1))(1 - P(F_2))$, sau đó lấy $1 - P(\text{Đối})$."
PROB_PISA_488,Ky thuat - San xuat,SKILL_RELIABILITY_TECH,GiaiQuyetVanDe,VanDung,Một nhà máy sản xuất linh kiện điện tử có hai dây chuyền $L_1$ và $L_2$ cùng sản xuất một mã sản phẩm. Dây chuyền $L_1$ chiếm $60\%$ tổng sản lượng với tỷ lệ phế phẩm là $2.0\%$; dây chuyền $L_2$ chiếm $40\%$ sản lượng với tỷ lệ phế phẩm là $3.0\%$. Chọn ngẫu nhiên một linh kiện trong kho thành phẩm. Tính xác suất linh kiện được chọn là sản phẩm đạt chuẩn chất lượng.,0.934,0.911,0.891,0.976,D,1.45,1.33,"Sử dụng công thức xác suất toàn phần để xác định tỷ lệ phế phẩm chung của toàn nhà máy: $P(\text{Phế phẩm}) = 0{,}6 \cdot P(\text{Lỗi}\mid L_1) + 0{,}4 \cdot P(\text{Lỗi}\mid L_2)$.",Áp dụng công thức biến cố đối: Xác suất sản phẩm đạt chuẩn chất lượng xuất xưởng là $P(\text{Đạt}) = 1 - P(\text{Phế phẩm})$.
PROB_PISA_489,Cong nghe thong tin,SKILL_RELIABILITY_TECH,GiaiQuyetVanDe,VanDung,"Một hệ thống cơ sở dữ liệu y tế trực tuyến sử dụng $3$ máy chủ đám mây hoạt động song song độc lập. Xác suất gặp sự cố gián đoạn mạng trong ngày của mỗi máy chủ lần lượt là $0.07$, $0.1$ và $0.12$. Hệ thống duy trì hoạt động bình thường nếu có ít nhất một máy chủ vận hành tốt. Tính xác suất hệ thống dữ liệu hoạt động thông suốt không bị ngắt quãng trong ngày.",0.9992,0.9572,0.9342,0.9142,A,1.26,1.37,Hệ thống chỉ bị gián đoạn toàn phần khi tất cả 3 máy chủ cùng đồng thời gặp sự cố kỹ thuật.,"Vì 3 máy chủ hoạt động độc lập, xác suất gián đoạn toàn bộ là $q_1 \cdot q_2 \cdot q_3$. Áp dụng nguyên lý biến cố đối để tìm xác suất hệ thống hoạt động thông suốt."
PROB_PISA_490,Giao thong - Logistics,SKILL_LOGISTICS,GiaiQuyetVanDe,VanDung,"Một kiện hàng hóa sinh học được vận chuyển qua ba cung đường độc lập: hàng không, đường sắt và vận tải nội đô. Xác suất xảy ra chậm trễ giờ ở mỗi cung đường lần lượt là $0.06$, $0.08$ và $0.1$. Tính xác suất để kiện hàng đến đích hoàn toàn đúng thời gian quy định (không trễ ở bất kỳ chặng nào).",0.8133,0.7783,0.7363,0.8363,B,1.43,1.41,"Để toàn bộ kiện hàng đến đúng hẹn, điều kiện cần và đủ là cả 3 chặng vận chuyển đều phải hoàn thành đúng giờ.","Tính xác suất đúng giờ của từng chặng: $1 - d_i$, sau đó áp dụng quy tắc nhân xác suất cho 3 biến cố độc lập liên tiếp."
PROB_PISA_491,Y te - Duoc pham,SKILL_INDEP_MEDICAL,GiaiQuyetVanDe,VanDung,"Ba nhóm bệnh nhân độc lập gồm nhóm 1, nhóm 2 và nhóm 3 được chỉ định phác đồ điều trị mới. Xác suất đáp ứng thuốc tốt của mỗi nhóm lần lượt là $0.79$, $0.92$ và $0.93$. Tính xác suất để có đúng hai trong ba nhóm đáp ứng tốt với phác đồ điều trị.",0.3243,0.2473,0.3473,0.2893,D,1.24,1.45,"Phân tích thành 3 trường hợp rời nhau (xung khắc): (nhóm 1 và 2 đạt, nhóm 3 không), (nhóm 1 và 3 đạt, nhóm 2 không), hoặc (nhóm 2 và 3 đạt, nhóm 1 không).","Áp dụng quy tắc nhân xác suất cho các biến cố độc lập trong từng trường hợp, sau đó áp dụng quy tắc cộng xác suất để tìm kết quả chung."
PROB_PISA_492,Tai chinh - Kinh te,SKILL_RISK_FINANCE,GiaiQuyetVanDe,VanDung,Một nhà đầu tư tài chính phân bổ vốn vào hai quỹ mở $F_1$ và $F_2$ hoạt động trên hai thị trường độc lập. Xác suất quỹ $F_1$ đạt mục tiêu lợi nhuận trong quý là $0.82$ và quỹ $F_2$ là $0.83$. Tính xác suất để nhà đầu tư có ít nhất một quỹ đạt mục tiêu lợi nhuận đã đề ra.,0.9274,0.9044,0.8844,0.9694,D,1.41,1.49,Xác định biến cố đối: Tình huống xấu nhất 'cả hai quỹ đều không đạt mục tiêu lợi nhuận' xảy ra với xác suất bao nhiêu?,"Vì hai quỹ hoạt động độc lập, tính xác suất biến cố đối bằng quy tắc nhân: $P(\text{Đối}) = (1 - P(F_1))(1 - P(F_2))$, sau đó lấy $1 - P(\text{Đối})$."
PROB_PISA_493,Ky thuat - San xuat,SKILL_RELIABILITY_TECH,GiaiQuyetVanDe,VanDung,Một nhà máy sản xuất linh kiện điện tử có hai dây chuyền $L_1$ và $L_2$ cùng sản xuất một mã sản phẩm. Dây chuyền $L_1$ chiếm $60\%$ tổng sản lượng với tỷ lệ phế phẩm là $2.5\%$; dây chuyền $L_2$ chiếm $40\%$ sản lượng với tỷ lệ phế phẩm là $3.5000000000000004\%$. Chọn ngẫu nhiên một linh kiện trong kho thành phẩm. Tính xác suất linh kiện được chọn là sản phẩm đạt chuẩn chất lượng.,0.971,0.929,0.906,0.886,A,1.22,1.53,"Sử dụng công thức xác suất toàn phần để xác định tỷ lệ phế phẩm chung của toàn nhà máy: $P(\text{Phế phẩm}) = 0{,}6 \cdot P(\text{Lỗi}\mid L_1) + 0{,}4 \cdot P(\text{Lỗi}\mid L_2)$.",Áp dụng công thức biến cố đối: Xác suất sản phẩm đạt chuẩn chất lượng xuất xưởng là $P(\text{Đạt}) = 1 - P(\text{Phế phẩm})$.
PROB_PISA_494,Cong nghe thong tin,SKILL_RELIABILITY_TECH,GiaiQuyetVanDe,VanDung,"Một hệ thống cơ sở dữ liệu y tế trực tuyến sử dụng $3$ máy chủ đám mây hoạt động song song độc lập. Xác suất gặp sự cố gián đoạn mạng trong ngày của mỗi máy chủ lần lượt là $0.09$, $0.12$ và $0.14$. Hệ thống duy trì hoạt động bình thường nếu có ít nhất một máy chủ vận hành tốt. Tính xác suất hệ thống dữ liệu hoạt động thông suốt không bị ngắt quãng trong ngày.",0.9565,0.9985,0.9335,0.9135,B,1.39,1.57,Hệ thống chỉ bị gián đoạn toàn phần khi tất cả 3 máy chủ cùng đồng thời gặp sự cố kỹ thuật.,"Vì 3 máy chủ hoạt động độc lập, xác suất gián đoạn toàn bộ là $q_1 \cdot q_2 \cdot q_3$. Áp dụng nguyên lý biến cố đối để tìm xác suất hệ thống hoạt động thông suốt."
PROB_PISA_495,Giao thong - Logistics,SKILL_LOGISTICS,GiaiQuyetVanDe,VanDung,"Một kiện hàng hóa sinh học được vận chuyển qua ba cung đường độc lập: hàng không, đường sắt và vận tải nội đô. Xác suất xảy ra chậm trễ giờ ở mỗi cung đường lần lượt là $0.08$, $0.1$ và $0.12$. Tính xác suất để kiện hàng đến đích hoàn toàn đúng thời gian quy định (không trễ ở bất kỳ chặng nào).",0.7636,0.6866,0.7286,0.7866,C,1.2,1.61,"Để toàn bộ kiện hàng đến đúng hẹn, điều kiện cần và đủ là cả 3 chặng vận chuyển đều phải hoàn thành đúng giờ.","Tính xác suất đúng giờ của từng chặng: $1 - d_i$, sau đó áp dụng quy tắc nhân xác suất cho 3 biến cố độc lập liên tiếp."
PROB_PISA_496,Y te - Duoc pham,SKILL_INDEP_MEDICAL,GiaiQuyetVanDe,VanDung,"Trong một nghiên cứu y khoa, ba phương pháp xét nghiệm sinh học $M_1$, $M_2$ và $M_3$ hoạt động độc lập để phát hiện kháng thể trong huyết thanh bệnh nhân. Xác suất phát hiện thành công của mỗi phương pháp lần lượt là $0.79$, $0.8$ và $0.89$. Tính xác suất để có ít nhất một phương pháp phát hiện thành công kháng thể.",0.9954,0.9534,0.9304,0.9104,A,1.37,1.65,Xác định biến cố đối: Tình huống 'cả ba phương pháp đều không phát hiện được kháng thể' xảy ra khi từng phương pháp đồng thời thất bại.,"Vì các phương pháp hoạt động độc lập, hãy tính xác suất cả 3 cùng thất bại: $P(\text{Đối}) = (1 - 0.79)(1 - 0.8)(1 - 0.89)$, sau đó tính $P = 1 - P(\text{Đối})$."
PROB_PISA_497,Tai chinh - Kinh te,SKILL_RISK_FINANCE,GiaiQuyetVanDe,VanDung,Một nhà đầu tư tài chính phân bổ vốn vào hai quỹ mở $F_1$ và $F_2$ hoạt động trên hai thị trường độc lập. Xác suất quỹ $F_1$ đạt mục tiêu lợi nhuận trong quý là $0.86$ và quỹ $F_2$ là $0.87$. Tính xác suất để nhà đầu tư có ít nhất một quỹ đạt mục tiêu lợi nhuận đã đề ra.,0.9818,0.9398,0.9168,0.8968,A,1.18,1.69,Xác định biến cố đối: Tình huống xấu nhất 'cả hai quỹ đều không đạt mục tiêu lợi nhuận' xảy ra với xác suất bao nhiêu?,"Vì hai quỹ hoạt động độc lập, tính xác suất biến cố đối bằng quy tắc nhân: $P(\text{Đối}) = (1 - P(F_1))(1 - P(F_2))$, sau đó lấy $1 - P(\text{Đối})$."
PROB_PISA_498,Ky thuat - San xuat,SKILL_RELIABILITY_TECH,GiaiQuyetVanDe,VanDung,Một nhà máy sản xuất linh kiện điện tử có hai dây chuyền $L_1$ và $L_2$ cùng sản xuất một mã sản phẩm. Dây chuyền $L_1$ chiếm $60\%$ tổng sản lượng với tỷ lệ phế phẩm là $3.0\%$; dây chuyền $L_2$ chiếm $40\%$ sản lượng với tỷ lệ phế phẩm là $2.5\%$. Chọn ngẫu nhiên một linh kiện trong kho thành phẩm. Tính xác suất linh kiện được chọn là sản phẩm đạt chuẩn chất lượng.,0.93,0.972,0.907,0.887,B,1.35,1.73,"Sử dụng công thức xác suất toàn phần để xác định tỷ lệ phế phẩm chung của toàn nhà máy: $P(\text{Phế phẩm}) = 0{,}6 \cdot P(\text{Lỗi}\mid L_1) + 0{,}4 \cdot P(\text{Lỗi}\mid L_2)$.",Áp dụng công thức biến cố đối: Xác suất sản phẩm đạt chuẩn chất lượng xuất xưởng là $P(\text{Đạt}) = 1 - P(\text{Phế phẩm})$.
PROB_PISA_499,Cong nghe thong tin,SKILL_RELIABILITY_TECH,GiaiQuyetVanDe,VanDung,"Một hệ thống cơ sở dữ liệu y tế trực tuyến sử dụng $3$ máy chủ đám mây hoạt động song song độc lập. Xác suất gặp sự cố gián đoạn mạng trong ngày của mỗi máy chủ lần lượt là $0.11$, $0.08$ và $0.1$. Hệ thống duy trì hoạt động bình thường nếu có ít nhất một máy chủ vận hành tốt. Tính xác suất hệ thống dữ liệu hoạt động thông suốt không bị ngắt quãng trong ngày.",0.9571,0.9341,0.9991,0.9141,C,1.16,1.77,Hệ thống chỉ bị gián đoạn toàn phần khi tất cả 3 máy chủ cùng đồng thời gặp sự cố kỹ thuật.,"Vì 3 máy chủ hoạt động độc lập, xác suất gián đoạn toàn bộ là $q_1 \cdot q_2 \cdot q_3$. Áp dụng nguyên lý biến cố đối để tìm xác suất hệ thống hoạt động thông suốt."
PROB_PISA_500,Giao thong - Logistics,SKILL_LOGISTICS,GiaiQuyetVanDe,VanDung,"Một kiện hàng hóa sinh học được vận chuyển qua ba cung đường độc lập: hàng không, đường sắt và vận tải nội đô. Xác suất xảy ra chậm trễ giờ ở mỗi cung đường lần lượt là $0.04$, $0.06$ và $0.14$. Tính xác suất để kiện hàng đến đích hoàn toàn đúng thời gian quy định (không trễ ở bất kỳ chặng nào).",0.8111,0.7341,0.8341,0.7761,D,1.33,1.81,"Để toàn bộ kiện hàng đến đúng hẹn, điều kiện cần và đủ là cả 3 chặng vận chuyển đều phải hoàn thành đúng giờ.","Tính xác suất đúng giờ của từng chặng: $1 - d_i$, sau đó áp dụng quy tắc nhân xác suất cho 3 biến cố độc lập liên tiếp."
PROB_CREAT_001,Toi uu hoa He thong,SKILL_OPTIMAL_DECISION,SangTao,VanDungCao,"Một hệ thống truyền tin gồm $3$ kênh song song độc lập, mỗi kênh có xác suất truyền lỗi là $p \in (0, 1)$. Trong điều kiện chi phí tương đương, kỹ sư cân nhắc hai phương án nâng cấp: Phương án 1 thêm một kênh dự phòng song song thứ 4 (xác suất lỗi $p$); Phương án 2 áp dụng thuật toán lọc nhiễu nâng cao giúp giảm xác suất lỗi của một kênh xuống còn $\frac{1}{2}p$. Phương án nào tối ưu hơn để giảm thiểu nguy cơ toàn bộ hệ thống bị gián đoạn cùng lúc?",Phương án 1 (thêm kênh song song thứ 4),Phương án 2 (giảm một nửa xác suất lỗi của 1 kênh),Cả hai phương án mang lại độ an toàn tương đương nhau với mọi $p$,"Phương án 1 tối ưu hơn khi $p > 0{,}5$, ngược lại Phương án 2 tối ưu hơn khi $p < 0{,}5$",D,1.65,1.65,Hãy biểu diễn xác suất gián đoạn toàn bộ hệ thống (tất cả các kênh cùng gặp lỗi) theo $p$: Phương án 1 là $P_1 = p^4$; Phương án 2 là $P_2 = \frac{1}{2}p \cdot p^2 = \frac{1}{2}p^3$.,"Lập hiệu số $P_1 - P_2 = p^3(p - 0{,}5)$ và xét dấu trong khoảng $p \in (0, 1)$ để rút ra kết luận lựa chọn chiến lược tối ưu."
PROB_CREAT_002,Y sinh hoc - Thiet ke Thi nghiem,SKILL_CLINICAL_TRIAL,SangTao,VanDungCao,"Một phác đồ điều trị thử nghiệm gồm hai giai đoạn độc lập: Giai đoạn 1 kiểm tra độ an toàn trên nhóm nguy cơ cao với xác suất đạt là $0{,}8$; Giai đoạn 2 kiểm tra hiệu lực bảo vệ với xác suất đạt là $0{,}75$. Nếu giai đoạn 1 thất bại, phác đồ bị dừng ngay. Nếu giai đoạn 1 thành công nhưng giai đoạn 2 thất bại, bệnh nhân được chuyển sang phác đồ cứu trợ có xác suất hồi phục $0{,}6$. Xác suất để một bệnh nhân đạt kết quả điều trị tích cực (thành công ở cả 2 giai đoạn hoặc hồi phục nhờ phác đồ cứu trợ) là bao nhiêu?","0,72","0,60","0,78","0,84",A,1.88,1.99,"Phân tích cây biến cố (Event Tree): Xác định hai kịch bản dẫn đến kết quả tích cực: (1) Thành công cả hai giai đoạn chính; (2) Giai đoạn 1 thành công, giai đoạn 2 thất bại nhưng phác đồ cứu trợ thành công.","Vì các giai đoạn và phác đồ kế tiếp rời nhau về mặt điều kiện, hãy tính xác suất từng nhánh rồi áp dụng quy tắc cộng: $P = 0{,}8 \times 0{,}75 + 0{,}8 \times (1 - 0{,}75) \times 0{,}6$."
PROB_CREAT_003,Kinh te Tai chinh,SKILL_OPTIMAL_DECISION,SangTao,VanDungCao,"Một quỹ đầu tư mạo hiểm đánh giá hai dự án công nghệ $X$ và $Y$ độc lập. Xác suất thành công thương mại của $X$ là $0{,}6$ mang lại lợi nhuận kỳ vọng $+10$ tỷ đồng (nếu thất bại lỗ $-4$ tỷ); của $Y$ là $0{,}7$ mang lại $+8$ tỷ đồng (nếu thất bại lỗ $-5$ tỷ). Quỹ quyết định đầu tư đồng thời cả hai dự án. Xác suất để quỹ rơi vào tình trạng thua lỗ ròng (tổng lợi nhuận hai dự án âm) là bao nhiêu?","0,12","0,18","0,28","0,34",A,2.11,2.33,"Hãy lập bảng phân phối 4 kịch bản kết hợp giữa hai dự án: (X thắng, Y thắng), (X thắng, Y thua), (X thua, Y thắng), (X thua, Y thua) kèm theo tổng lợi nhuận số học tương ứng.","Kiểm tra xem kịch bản nào cho tổng lợi nhuận âm: Chỉ có kịch bản (X thua, Y thua) cho lợi nhuận $(-4) + (-5) = -9$ tỷ. (Trường hợp X thua, Y thắng cho $(-4) + 8 = +4 > 0$). Từ đó tính xác suất nhánh thỏa mãn."
PROB_CREAT_004,He thong Phong thu - An ninh,SKILL_DEFENSE_MODEL,SangTao,VanDungCao,"Một hệ thống phòng không tự động phân tầng có hai lớp phòng thủ độc lập $T_1$ (tầm xa) và $T_2$ (tầm gần). Xác suất tầng $T_1$ bắn hạ được mục tiêu xâm nhập là $0{,}85$. Nếu $T_1$ trượt, tầng $T_2$ tự động kích hoạt với xác suất tiêu diệt mục tiêu là $0{,}70$. Để nâng cao hiệu quả phòng thủ, chỉ huy muốn xác suất tiêu diệt mục tiêu đạt tối thiểu $0{,}98$. Hỏi xác suất tiêu diệt của tầng $T_2$ cần nâng cấp lên tối thiểu là bao nhiêu nếu giữ nguyên tầng $T_1$?","0,867","0,800","0,920","0,750",A,1.68,2.67,"Biểu diễn xác suất hệ thống phòng thủ thất bại (cả hai tầng đều trượt) theo xác suất trúng của tầng 2 là $p_2$: $P(\text{Trượt toàn bộ}) = (1 - 0{,}85)(1 - p_2) = 0{,}15(1 - p_2)$.","Thiết lập bất phương trình theo yêu cầu hệ thống: Xác suất tiêu diệt thành công $1 - 0{,}15(1 - p_2) \ge 0{,}98 \iff 0{,}15(1 - p_2) \le 0{,}02$, từ đó giải tìm điều kiện ràng buộc của $p_2$."
PROB_CREAT_005,Khoa hoc Du lieu - Phat hien Gian lan,SKILL_FRAUD_DETECTION,SangTao,VanDungCao,"Một thuật toán ngân hàng số kết hợp hai mô hình học máy độc lập $M_1$ và $M_2$ để cảnh báo giao dịch gian lận. Khi có một giao dịch gian lận thực sự xảy ra, xác suất mô hình $M_1$ cảnh báo là $0{,}90$, của $M_2$ là $0{,}80$. Hệ thống cho phép chọn hai chế độ vận hành: Chế độ 'An toàn tối đa' (khóa thẻ nếu có ít nhất một mô hình báo động) và Chế độ 'Trải nghiệm mượt' (chỉ khóa thẻ khi cả hai mô hình cùng báo động). Chênh lệch xác suất khóa thẻ chính xác giữa hai chế độ đối với một giao dịch gian lận là bao nhiêu?","0,26","0,18","0,72","0,98",A,1.91,1.91,"Tính xác suất khóa thẻ ở Chế độ 1 (ít nhất một mô hình báo động) bằng biến cố đối: $P_1 = 1 - (1 - 0{,}90)(1 - 0{,}80)$.","Tính xác suất khóa thẻ ở Chế độ 2 (cả hai mô hình cùng báo động) bằng quy tắc nhân: $P_2 = 0{,}90 \times 0{,}80$. Sau đó lấy hiệu số $P_1 - P_2$."
PROB_CREAT_006,Toi uu hoa He thong,SKILL_OPTIMAL_DECISION,SangTao,VanDungCao,"Một hệ thống truyền tin gồm $3$ kênh song song độc lập, mỗi kênh có xác suất truyền lỗi là $p \in (0, 1)$. Trong điều kiện chi phí tương đương, kỹ sư cân nhắc hai phương án nâng cấp: Phương án 1 thêm một kênh dự phòng song song thứ 4 (xác suất lỗi $p$); Phương án 2 áp dụng thuật toán lọc nhiễu nâng cao giúp giảm xác suất lỗi của một kênh xuống còn $\frac{1}{2}p$. Phương án nào tối ưu hơn để giảm thiểu nguy cơ toàn bộ hệ thống bị gián đoạn cùng lúc?",Phương án 1 (thêm kênh song song thứ 4),Phương án 2 (giảm một nửa xác suất lỗi của 1 kênh),Cả hai phương án mang lại độ an toàn tương đương nhau với mọi $p$,"Phương án 1 tối ưu hơn khi $p > 0{,}5$, ngược lại Phương án 2 tối ưu hơn khi $p < 0{,}5$",D,2.14,2.25,Hãy biểu diễn xác suất gián đoạn toàn bộ hệ thống (tất cả các kênh cùng gặp lỗi) theo $p$: Phương án 1 là $P_1 = p^4$; Phương án 2 là $P_2 = \frac{1}{2}p \cdot p^2 = \frac{1}{2}p^3$.,"Lập hiệu số $P_1 - P_2 = p^3(p - 0{,}5)$ và xét dấu trong khoảng $p \in (0, 1)$ để rút ra kết luận lựa chọn chiến lược tối ưu."
PROB_CREAT_007,Y sinh hoc - Thiet ke Thi nghiem,SKILL_CLINICAL_TRIAL,SangTao,VanDungCao,"Một phác đồ điều trị thử nghiệm gồm hai giai đoạn độc lập: Giai đoạn 1 kiểm tra độ an toàn trên nhóm nguy cơ cao với xác suất đạt là $0{,}8$; Giai đoạn 2 kiểm tra hiệu lực bảo vệ với xác suất đạt là $0{,}75$. Nếu giai đoạn 1 thất bại, phác đồ bị dừng ngay. Nếu giai đoạn 1 thành công nhưng giai đoạn 2 thất bại, bệnh nhân được chuyển sang phác đồ cứu trợ có xác suất hồi phục $0{,}6$. Xác suất để một bệnh nhân đạt kết quả điều trị tích cực (thành công ở cả 2 giai đoạn hoặc hồi phục nhờ phác đồ cứu trợ) là bao nhiêu?","0,72","0,60","0,78","0,84",A,1.71,2.59,"Phân tích cây biến cố (Event Tree): Xác định hai kịch bản dẫn đến kết quả tích cực: (1) Thành công cả hai giai đoạn chính; (2) Giai đoạn 1 thành công, giai đoạn 2 thất bại nhưng phác đồ cứu trợ thành công.","Vì các giai đoạn và phác đồ kế tiếp rời nhau về mặt điều kiện, hãy tính xác suất từng nhánh rồi áp dụng quy tắc cộng: $P = 0{,}8 \times 0{,}75 + 0{,}8 \times (1 - 0{,}75) \times 0{,}6$."
PROB_CREAT_008,Kinh te Tai chinh,SKILL_OPTIMAL_DECISION,SangTao,VanDungCao,"Một quỹ đầu tư mạo hiểm đánh giá hai dự án công nghệ $X$ và $Y$ độc lập. Xác suất thành công thương mại của $X$ là $0{,}6$ mang lại lợi nhuận kỳ vọng $+10$ tỷ đồng (nếu thất bại lỗ $-4$ tỷ); của $Y$ là $0{,}7$ mang lại $+8$ tỷ đồng (nếu thất bại lỗ $-5$ tỷ). Quỹ quyết định đầu tư đồng thời cả hai dự án. Xác suất để quỹ rơi vào tình trạng thua lỗ ròng (tổng lợi nhuận hai dự án âm) là bao nhiêu?","0,12","0,18","0,28","0,34",A,1.94,1.83,"Hãy lập bảng phân phối 4 kịch bản kết hợp giữa hai dự án: (X thắng, Y thắng), (X thắng, Y thua), (X thua, Y thắng), (X thua, Y thua) kèm theo tổng lợi nhuận số học tương ứng.","Kiểm tra xem kịch bản nào cho tổng lợi nhuận âm: Chỉ có kịch bản (X thua, Y thua) cho lợi nhuận $(-4) + (-5) = -9$ tỷ. (Trường hợp X thua, Y thắng cho $(-4) + 8 = +4 > 0$). Từ đó tính xác suất nhánh thỏa mãn."
PROB_CREAT_009,He thong Phong thu - An ninh,SKILL_DEFENSE_MODEL,SangTao,VanDungCao,"Một hệ thống phòng không tự động phân tầng có hai lớp phòng thủ độc lập $T_1$ (tầm xa) và $T_2$ (tầm gần). Xác suất tầng $T_1$ bắn hạ được mục tiêu xâm nhập là $0{,}85$. Nếu $T_1$ trượt, tầng $T_2$ tự động kích hoạt với xác suất tiêu diệt mục tiêu là $0{,}70$. Để nâng cao hiệu quả phòng thủ, chỉ huy muốn xác suất tiêu diệt mục tiêu đạt tối thiểu $0{,}98$. Hỏi xác suất tiêu diệt của tầng $T_2$ cần nâng cấp lên tối thiểu là bao nhiêu nếu giữ nguyên tầng $T_1$?","0,867","0,800","0,920","0,750",A,2.17,2.17,"Biểu diễn xác suất hệ thống phòng thủ thất bại (cả hai tầng đều trượt) theo xác suất trúng của tầng 2 là $p_2$: $P(\text{Trượt toàn bộ}) = (1 - 0{,}85)(1 - p_2) = 0{,}15(1 - p_2)$.","Thiết lập bất phương trình theo yêu cầu hệ thống: Xác suất tiêu diệt thành công $1 - 0{,}15(1 - p_2) \ge 0{,}98 \iff 0{,}15(1 - p_2) \le 0{,}02$, từ đó giải tìm điều kiện ràng buộc của $p_2$."
PROB_CREAT_010,Khoa hoc Du lieu - Phat hien Gian lan,SKILL_FRAUD_DETECTION,SangTao,VanDungCao,"Một thuật toán ngân hàng số kết hợp hai mô hình học máy độc lập $M_1$ và $M_2$ để cảnh báo giao dịch gian lận. Khi có một giao dịch gian lận thực sự xảy ra, xác suất mô hình $M_1$ cảnh báo là $0{,}90$, của $M_2$ là $0{,}80$. Hệ thống cho phép chọn hai chế độ vận hành: Chế độ 'An toàn tối đa' (khóa thẻ nếu có ít nhất một mô hình báo động) và Chế độ 'Trải nghiệm mượt' (chỉ khóa thẻ khi cả hai mô hình cùng báo động). Chênh lệch xác suất khóa thẻ chính xác giữa hai chế độ đối với một giao dịch gian lận là bao nhiêu?","0,26","0,18","0,72","0,98",A,1.74,2.51,"Tính xác suất khóa thẻ ở Chế độ 1 (ít nhất một mô hình báo động) bằng biến cố đối: $P_1 = 1 - (1 - 0{,}90)(1 - 0{,}80)$.","Tính xác suất khóa thẻ ở Chế độ 2 (cả hai mô hình cùng báo động) bằng quy tắc nhân: $P_2 = 0{,}90 \times 0{,}80$. Sau đó lấy hiệu số $P_1 - P_2$."
PROB_CREAT_011,Toi uu hoa He thong,SKILL_OPTIMAL_DECISION,SangTao,VanDungCao,"Một hệ thống truyền tin gồm $3$ kênh song song độc lập, mỗi kênh có xác suất truyền lỗi là $p \in (0, 1)$. Trong điều kiện chi phí tương đương, kỹ sư cân nhắc hai phương án nâng cấp: Phương án 1 thêm một kênh dự phòng song song thứ 4 (xác suất lỗi $p$); Phương án 2 áp dụng thuật toán lọc nhiễu nâng cao giúp giảm xác suất lỗi của một kênh xuống còn $\frac{1}{2}p$. Phương án nào tối ưu hơn để giảm thiểu nguy cơ toàn bộ hệ thống bị gián đoạn cùng lúc?",Phương án 1 (thêm kênh song song thứ 4),Phương án 2 (giảm một nửa xác suất lỗi của 1 kênh),Cả hai phương án mang lại độ an toàn tương đương nhau với mọi $p$,"Phương án 1 tối ưu hơn khi $p > 0{,}5$, ngược lại Phương án 2 tối ưu hơn khi $p < 0{,}5$",D,1.97,1.75,Hãy biểu diễn xác suất gián đoạn toàn bộ hệ thống (tất cả các kênh cùng gặp lỗi) theo $p$: Phương án 1 là $P_1 = p^4$; Phương án 2 là $P_2 = \frac{1}{2}p \cdot p^2 = \frac{1}{2}p^3$.,"Lập hiệu số $P_1 - P_2 = p^3(p - 0{,}5)$ và xét dấu trong khoảng $p \in (0, 1)$ để rút ra kết luận lựa chọn chiến lược tối ưu."
PROB_CREAT_012,Y sinh hoc - Thiet ke Thi nghiem,SKILL_CLINICAL_TRIAL,SangTao,VanDungCao,"Một phác đồ điều trị thử nghiệm gồm hai giai đoạn độc lập: Giai đoạn 1 kiểm tra độ an toàn trên nhóm nguy cơ cao với xác suất đạt là $0{,}8$; Giai đoạn 2 kiểm tra hiệu lực bảo vệ với xác suất đạt là $0{,}75$. Nếu giai đoạn 1 thất bại, phác đồ bị dừng ngay. Nếu giai đoạn 1 thành công nhưng giai đoạn 2 thất bại, bệnh nhân được chuyển sang phác đồ cứu trợ có xác suất hồi phục $0{,}6$. Xác suất để một bệnh nhân đạt kết quả điều trị tích cực (thành công ở cả 2 giai đoạn hoặc hồi phục nhờ phác đồ cứu trợ) là bao nhiêu?","0,72","0,60","0,78","0,84",A,2.2,2.09,"Phân tích cây biến cố (Event Tree): Xác định hai kịch bản dẫn đến kết quả tích cực: (1) Thành công cả hai giai đoạn chính; (2) Giai đoạn 1 thành công, giai đoạn 2 thất bại nhưng phác đồ cứu trợ thành công.","Vì các giai đoạn và phác đồ kế tiếp rời nhau về mặt điều kiện, hãy tính xác suất từng nhánh rồi áp dụng quy tắc cộng: $P = 0{,}8 \times 0{,}75 + 0{,}8 \times (1 - 0{,}75) \times 0{,}6$."
PROB_CREAT_013,Kinh te Tai chinh,SKILL_OPTIMAL_DECISION,SangTao,VanDungCao,"Một quỹ đầu tư mạo hiểm đánh giá hai dự án công nghệ $X$ và $Y$ độc lập. Xác suất thành công thương mại của $X$ là $0{,}6$ mang lại lợi nhuận kỳ vọng $+10$ tỷ đồng (nếu thất bại lỗ $-4$ tỷ); của $Y$ là $0{,}7$ mang lại $+8$ tỷ đồng (nếu thất bại lỗ $-5$ tỷ). Quỹ quyết định đầu tư đồng thời cả hai dự án. Xác suất để quỹ rơi vào tình trạng thua lỗ ròng (tổng lợi nhuận hai dự án âm) là bao nhiêu?","0,12","0,18","0,28","0,34",A,1.77,2.43,"Hãy lập bảng phân phối 4 kịch bản kết hợp giữa hai dự án: (X thắng, Y thắng), (X thắng, Y thua), (X thua, Y thắng), (X thua, Y thua) kèm theo tổng lợi nhuận số học tương ứng.","Kiểm tra xem kịch bản nào cho tổng lợi nhuận âm: Chỉ có kịch bản (X thua, Y thua) cho lợi nhuận $(-4) + (-5) = -9$ tỷ. (Trường hợp X thua, Y thắng cho $(-4) + 8 = +4 > 0$). Từ đó tính xác suất nhánh thỏa mãn."
PROB_CREAT_014,He thong Phong thu - An ninh,SKILL_DEFENSE_MODEL,SangTao,VanDungCao,"Một hệ thống phòng không tự động phân tầng có hai lớp phòng thủ độc lập $T_1$ (tầm xa) và $T_2$ (tầm gần). Xác suất tầng $T_1$ bắn hạ được mục tiêu xâm nhập là $0{,}85$. Nếu $T_1$ trượt, tầng $T_2$ tự động kích hoạt với xác suất tiêu diệt mục tiêu là $0{,}70$. Để nâng cao hiệu quả phòng thủ, chỉ huy muốn xác suất tiêu diệt mục tiêu đạt tối thiểu $0{,}98$. Hỏi xác suất tiêu diệt của tầng $T_2$ cần nâng cấp lên tối thiểu là bao nhiêu nếu giữ nguyên tầng $T_1$?","0,867","0,800","0,920","0,750",A,2.0,1.67,"Biểu diễn xác suất hệ thống phòng thủ thất bại (cả hai tầng đều trượt) theo xác suất trúng của tầng 2 là $p_2$: $P(\text{Trượt toàn bộ}) = (1 - 0{,}85)(1 - p_2) = 0{,}15(1 - p_2)$.","Thiết lập bất phương trình theo yêu cầu hệ thống: Xác suất tiêu diệt thành công $1 - 0{,}15(1 - p_2) \ge 0{,}98 \iff 0{,}15(1 - p_2) \le 0{,}02$, từ đó giải tìm điều kiện ràng buộc của $p_2$."
PROB_CREAT_015,Khoa hoc Du lieu - Phat hien Gian lan,SKILL_FRAUD_DETECTION,SangTao,VanDungCao,"Một thuật toán ngân hàng số kết hợp hai mô hình học máy độc lập $M_1$ và $M_2$ để cảnh báo giao dịch gian lận. Khi có một giao dịch gian lận thực sự xảy ra, xác suất mô hình $M_1$ cảnh báo là $0{,}90$, của $M_2$ là $0{,}80$. Hệ thống cho phép chọn hai chế độ vận hành: Chế độ 'An toàn tối đa' (khóa thẻ nếu có ít nhất một mô hình báo động) và Chế độ 'Trải nghiệm mượt' (chỉ khóa thẻ khi cả hai mô hình cùng báo động). Chênh lệch xác suất khóa thẻ chính xác giữa hai chế độ đối với một giao dịch gian lận là bao nhiêu?","0,26","0,18","0,72","0,98",A,2.23,2.01,"Tính xác suất khóa thẻ ở Chế độ 1 (ít nhất một mô hình báo động) bằng biến cố đối: $P_1 = 1 - (1 - 0{,}90)(1 - 0{,}80)$.","Tính xác suất khóa thẻ ở Chế độ 2 (cả hai mô hình cùng báo động) bằng quy tắc nhân: $P_2 = 0{,}90 \times 0{,}80$. Sau đó lấy hiệu số $P_1 - P_2$."
PROB_CREAT_016,Toi uu hoa He thong,SKILL_OPTIMAL_DECISION,SangTao,VanDungCao,"Một hệ thống truyền tin gồm $3$ kênh song song độc lập, mỗi kênh có xác suất truyền lỗi là $p \in (0, 1)$. Trong điều kiện chi phí tương đương, kỹ sư cân nhắc hai phương án nâng cấp: Phương án 1 thêm một kênh dự phòng song song thứ 4 (xác suất lỗi $p$); Phương án 2 áp dụng thuật toán lọc nhiễu nâng cao giúp giảm xác suất lỗi của một kênh xuống còn $\frac{1}{2}p$. Phương án nào tối ưu hơn để giảm thiểu nguy cơ toàn bộ hệ thống bị gián đoạn cùng lúc?",Phương án 1 (thêm kênh song song thứ 4),Phương án 2 (giảm một nửa xác suất lỗi của 1 kênh),Cả hai phương án mang lại độ an toàn tương đương nhau với mọi $p$,"Phương án 1 tối ưu hơn khi $p > 0{,}5$, ngược lại Phương án 2 tối ưu hơn khi $p < 0{,}5$",D,1.8,2.95,Hãy biểu diễn xác suất gián đoạn toàn bộ hệ thống (tất cả các kênh cùng gặp lỗi) theo $p$: Phương án 1 là $P_1 = p^4$; Phương án 2 là $P_2 = \frac{1}{2}p \cdot p^2 = \frac{1}{2}p^3$.,"Lập hiệu số $P_1 - P_2 = p^3(p - 0{,}5)$ và xét dấu trong khoảng $p \in (0, 1)$ để rút ra kết luận lựa chọn chiến lược tối ưu."
PROB_CREAT_017,Y sinh hoc - Thiet ke Thi nghiem,SKILL_CLINICAL_TRIAL,SangTao,VanDungCao,"Một phác đồ điều trị thử nghiệm gồm hai giai đoạn độc lập: Giai đoạn 1 kiểm tra độ an toàn trên nhóm nguy cơ cao với xác suất đạt là $0{,}8$; Giai đoạn 2 kiểm tra hiệu lực bảo vệ với xác suất đạt là $0{,}75$. Nếu giai đoạn 1 thất bại, phác đồ bị dừng ngay. Nếu giai đoạn 1 thành công nhưng giai đoạn 2 thất bại, bệnh nhân được chuyển sang phác đồ cứu trợ có xác suất hồi phục $0{,}6$. Xác suất để một bệnh nhân đạt kết quả điều trị tích cực (thành công ở cả 2 giai đoạn hoặc hồi phục nhờ phác đồ cứu trợ) là bao nhiêu?","0,72","0,60","0,78","0,84",A,2.03,2.69,"Phân tích cây biến cố (Event Tree): Xác định hai kịch bản dẫn đến kết quả tích cực: (1) Thành công cả hai giai đoạn chính; (2) Giai đoạn 1 thành công, giai đoạn 2 thất bại nhưng phác đồ cứu trợ thành công.","Vì các giai đoạn và phác đồ kế tiếp rời nhau về mặt điều kiện, hãy tính xác suất từng nhánh rồi áp dụng quy tắc cộng: $P = 0{,}8 \times 0{,}75 + 0{,}8 \times (1 - 0{,}75) \times 0{,}6$."
PROB_CREAT_018,Kinh te Tai chinh,SKILL_OPTIMAL_DECISION,SangTao,VanDungCao,"Một quỹ đầu tư mạo hiểm đánh giá hai dự án công nghệ $X$ và $Y$ độc lập. Xác suất thành công thương mại của $X$ là $0{,}6$ mang lại lợi nhuận kỳ vọng $+10$ tỷ đồng (nếu thất bại lỗ $-4$ tỷ); của $Y$ là $0{,}7$ mang lại $+8$ tỷ đồng (nếu thất bại lỗ $-5$ tỷ). Quỹ quyết định đầu tư đồng thời cả hai dự án. Xác suất để quỹ rơi vào tình trạng thua lỗ ròng (tổng lợi nhuận hai dự án âm) là bao nhiêu?","0,12","0,18","0,28","0,34",A,2.26,1.93,"Hãy lập bảng phân phối 4 kịch bản kết hợp giữa hai dự án: (X thắng, Y thắng), (X thắng, Y thua), (X thua, Y thắng), (X thua, Y thua) kèm theo tổng lợi nhuận số học tương ứng.","Kiểm tra xem kịch bản nào cho tổng lợi nhuận âm: Chỉ có kịch bản (X thua, Y thua) cho lợi nhuận $(-4) + (-5) = -9$ tỷ. (Trường hợp X thua, Y thắng cho $(-4) + 8 = +4 > 0$). Từ đó tính xác suất nhánh thỏa mãn."
PROB_CREAT_019,He thong Phong thu - An ninh,SKILL_DEFENSE_MODEL,SangTao,VanDungCao,"Một hệ thống phòng không tự động phân tầng có hai lớp phòng thủ độc lập $T_1$ (tầm xa) và $T_2$ (tầm gần). Xác suất tầng $T_1$ bắn hạ được mục tiêu xâm nhập là $0{,}85$. Nếu $T_1$ trượt, tầng $T_2$ tự động kích hoạt với xác suất tiêu diệt mục tiêu là $0{,}70$. Để nâng cao hiệu quả phòng thủ, chỉ huy muốn xác suất tiêu diệt mục tiêu đạt tối thiểu $0{,}98$. Hỏi xác suất tiêu diệt của tầng $T_2$ cần nâng cấp lên tối thiểu là bao nhiêu nếu giữ nguyên tầng $T_1$?","0,867","0,800","0,920","0,750",A,1.83,2.27,"Biểu diễn xác suất hệ thống phòng thủ thất bại (cả hai tầng đều trượt) theo xác suất trúng của tầng 2 là $p_2$: $P(\text{Trượt toàn bộ}) = (1 - 0{,}85)(1 - p_2) = 0{,}15(1 - p_2)$.","Thiết lập bất phương trình theo yêu cầu hệ thống: Xác suất tiêu diệt thành công $1 - 0{,}15(1 - p_2) \ge 0{,}98 \iff 0{,}15(1 - p_2) \le 0{,}02$, từ đó giải tìm điều kiện ràng buộc của $p_2$."
PROB_CREAT_020,Khoa hoc Du lieu - Phat hien Gian lan,SKILL_FRAUD_DETECTION,SangTao,VanDungCao,"Một thuật toán ngân hàng số kết hợp hai mô hình học máy độc lập $M_1$ và $M_2$ để cảnh báo giao dịch gian lận. Khi có một giao dịch gian lận thực sự xảy ra, xác suất mô hình $M_1$ cảnh báo là $0{,}90$, của $M_2$ là $0{,}80$. Hệ thống cho phép chọn hai chế độ vận hành: Chế độ 'An toàn tối đa' (khóa thẻ nếu có ít nhất một mô hình báo động) và Chế độ 'Trải nghiệm mượt' (chỉ khóa thẻ khi cả hai mô hình cùng báo động). Chênh lệch xác suất khóa thẻ chính xác giữa hai chế độ đối với một giao dịch gian lận là bao nhiêu?","0,26","0,18","0,72","0,98",A,2.06,2.61,"Tính xác suất khóa thẻ ở Chế độ 1 (ít nhất một mô hình báo động) bằng biến cố đối: $P_1 = 1 - (1 - 0{,}90)(1 - 0{,}80)$.","Tính xác suất khóa thẻ ở Chế độ 2 (cả hai mô hình cùng báo động) bằng quy tắc nhân: $P_2 = 0{,}90 \times 0{,}80$. Sau đó lấy hiệu số $P_1 - P_2$."
PROB_CREAT_021,Toi uu hoa He thong,SKILL_OPTIMAL_DECISION,SangTao,VanDungCao,"Một hệ thống truyền tin gồm $3$ kênh song song độc lập, mỗi kênh có xác suất truyền lỗi là $p \in (0, 1)$. Trong điều kiện chi phí tương đương, kỹ sư cân nhắc hai phương án nâng cấp: Phương án 1 thêm một kênh dự phòng song song thứ 4 (xác suất lỗi $p$); Phương án 2 áp dụng thuật toán lọc nhiễu nâng cao giúp giảm xác suất lỗi của một kênh xuống còn $\frac{1}{2}p$. Phương án nào tối ưu hơn để giảm thiểu nguy cơ toàn bộ hệ thống bị gián đoạn cùng lúc?",Phương án 1 (thêm kênh song song thứ 4),Phương án 2 (giảm một nửa xác suất lỗi của 1 kênh),Cả hai phương án mang lại độ an toàn tương đương nhau với mọi $p$,"Phương án 1 tối ưu hơn khi $p > 0{,}5$, ngược lại Phương án 2 tối ưu hơn khi $p < 0{,}5$",D,2.29,1.85,Hãy biểu diễn xác suất gián đoạn toàn bộ hệ thống (tất cả các kênh cùng gặp lỗi) theo $p$: Phương án 1 là $P_1 = p^4$; Phương án 2 là $P_2 = \frac{1}{2}p \cdot p^2 = \frac{1}{2}p^3$.,"Lập hiệu số $P_1 - P_2 = p^3(p - 0{,}5)$ và xét dấu trong khoảng $p \in (0, 1)$ để rút ra kết luận lựa chọn chiến lược tối ưu."
PROB_CREAT_022,Y sinh hoc - Thiet ke Thi nghiem,SKILL_CLINICAL_TRIAL,SangTao,VanDungCao,"Một phác đồ điều trị thử nghiệm gồm hai giai đoạn độc lập: Giai đoạn 1 kiểm tra độ an toàn trên nhóm nguy cơ cao với xác suất đạt là $0{,}8$; Giai đoạn 2 kiểm tra hiệu lực bảo vệ với xác suất đạt là $0{,}75$. Nếu giai đoạn 1 thất bại, phác đồ bị dừng ngay. Nếu giai đoạn 1 thành công nhưng giai đoạn 2 thất bại, bệnh nhân được chuyển sang phác đồ cứu trợ có xác suất hồi phục $0{,}6$. Xác suất để một bệnh nhân đạt kết quả điều trị tích cực (thành công ở cả 2 giai đoạn hoặc hồi phục nhờ phác đồ cứu trợ) là bao nhiêu?","0,72","0,60","0,78","0,84",A,1.86,2.19,"Phân tích cây biến cố (Event Tree): Xác định hai kịch bản dẫn đến kết quả tích cực: (1) Thành công cả hai giai đoạn chính; (2) Giai đoạn 1 thành công, giai đoạn 2 thất bại nhưng phác đồ cứu trợ thành công.","Vì các giai đoạn và phác đồ kế tiếp rời nhau về mặt điều kiện, hãy tính xác suất từng nhánh rồi áp dụng quy tắc cộng: $P = 0{,}8 \times 0{,}75 + 0{,}8 \times (1 - 0{,}75) \times 0{,}6$."
PROB_CREAT_023,Kinh te Tai chinh,SKILL_OPTIMAL_DECISION,SangTao,VanDungCao,"Một quỹ đầu tư mạo hiểm đánh giá hai dự án công nghệ $X$ và $Y$ độc lập. Xác suất thành công thương mại của $X$ là $0{,}6$ mang lại lợi nhuận kỳ vọng $+10$ tỷ đồng (nếu thất bại lỗ $-4$ tỷ); của $Y$ là $0{,}7$ mang lại $+8$ tỷ đồng (nếu thất bại lỗ $-5$ tỷ). Quỹ quyết định đầu tư đồng thời cả hai dự án. Xác suất để quỹ rơi vào tình trạng thua lỗ ròng (tổng lợi nhuận hai dự án âm) là bao nhiêu?","0,12","0,18","0,28","0,34",A,2.09,2.53,"Hãy lập bảng phân phối 4 kịch bản kết hợp giữa hai dự án: (X thắng, Y thắng), (X thắng, Y thua), (X thua, Y thắng), (X thua, Y thua) kèm theo tổng lợi nhuận số học tương ứng.","Kiểm tra xem kịch bản nào cho tổng lợi nhuận âm: Chỉ có kịch bản (X thua, Y thua) cho lợi nhuận $(-4) + (-5) = -9$ tỷ. (Trường hợp X thua, Y thắng cho $(-4) + 8 = +4 > 0$). Từ đó tính xác suất nhánh thỏa mãn."
PROB_CREAT_024,He thong Phong thu - An ninh,SKILL_DEFENSE_MODEL,SangTao,VanDungCao,"Một hệ thống phòng không tự động phân tầng có hai lớp phòng thủ độc lập $T_1$ (tầm xa) và $T_2$ (tầm gần). Xác suất tầng $T_1$ bắn hạ được mục tiêu xâm nhập là $0{,}85$. Nếu $T_1$ trượt, tầng $T_2$ tự động kích hoạt với xác suất tiêu diệt mục tiêu là $0{,}70$. Để nâng cao hiệu quả phòng thủ, chỉ huy muốn xác suất tiêu diệt mục tiêu đạt tối thiểu $0{,}98$. Hỏi xác suất tiêu diệt của tầng $T_2$ cần nâng cấp lên tối thiểu là bao nhiêu nếu giữ nguyên tầng $T_1$?","0,867","0,800","0,920","0,750",A,1.66,1.77,"Biểu diễn xác suất hệ thống phòng thủ thất bại (cả hai tầng đều trượt) theo xác suất trúng của tầng 2 là $p_2$: $P(\text{Trượt toàn bộ}) = (1 - 0{,}85)(1 - p_2) = 0{,}15(1 - p_2)$.","Thiết lập bất phương trình theo yêu cầu hệ thống: Xác suất tiêu diệt thành công $1 - 0{,}15(1 - p_2) \ge 0{,}98 \iff 0{,}15(1 - p_2) \le 0{,}02$, từ đó giải tìm điều kiện ràng buộc của $p_2$."
PROB_CREAT_025,Khoa hoc Du lieu - Phat hien Gian lan,SKILL_FRAUD_DETECTION,SangTao,VanDungCao,"Một thuật toán ngân hàng số kết hợp hai mô hình học máy độc lập $M_1$ và $M_2$ để cảnh báo giao dịch gian lận. Khi có một giao dịch gian lận thực sự xảy ra, xác suất mô hình $M_1$ cảnh báo là $0{,}90$, của $M_2$ là $0{,}80$. Hệ thống cho phép chọn hai chế độ vận hành: Chế độ 'An toàn tối đa' (khóa thẻ nếu có ít nhất một mô hình báo động) và Chế độ 'Trải nghiệm mượt' (chỉ khóa thẻ khi cả hai mô hình cùng báo động). Chênh lệch xác suất khóa thẻ chính xác giữa hai chế độ đối với một giao dịch gian lận là bao nhiêu?","0,26","0,18","0,72","0,98",A,1.89,2.11,"Tính xác suất khóa thẻ ở Chế độ 1 (ít nhất một mô hình báo động) bằng biến cố đối: $P_1 = 1 - (1 - 0{,}90)(1 - 0{,}80)$.","Tính xác suất khóa thẻ ở Chế độ 2 (cả hai mô hình cùng báo động) bằng quy tắc nhân: $P_2 = 0{,}90 \times 0{,}80$. Sau đó lấy hiệu số $P_1 - P_2$."
PROB_CREAT_026,Toi uu hoa He thong,SKILL_OPTIMAL_DECISION,SangTao,VanDungCao,"Một hệ thống truyền tin gồm $3$ kênh song song độc lập, mỗi kênh có xác suất truyền lỗi là $p \in (0, 1)$. Trong điều kiện chi phí tương đương, kỹ sư cân nhắc hai phương án nâng cấp: Phương án 1 thêm một kênh dự phòng song song thứ 4 (xác suất lỗi $p$); Phương án 2 áp dụng thuật toán lọc nhiễu nâng cao giúp giảm xác suất lỗi của một kênh xuống còn $\frac{1}{2}p$. Phương án nào tối ưu hơn để giảm thiểu nguy cơ toàn bộ hệ thống bị gián đoạn cùng lúc?",Phương án 1 (thêm kênh song song thứ 4),Phương án 2 (giảm một nửa xác suất lỗi của 1 kênh),Cả hai phương án mang lại độ an toàn tương đương nhau với mọi $p$,"Phương án 1 tối ưu hơn khi $p > 0{,}5$, ngược lại Phương án 2 tối ưu hơn khi $p < 0{,}5$",D,2.12,2.45,Hãy biểu diễn xác suất gián đoạn toàn bộ hệ thống (tất cả các kênh cùng gặp lỗi) theo $p$: Phương án 1 là $P_1 = p^4$; Phương án 2 là $P_2 = \frac{1}{2}p \cdot p^2 = \frac{1}{2}p^3$.,"Lập hiệu số $P_1 - P_2 = p^3(p - 0{,}5)$ và xét dấu trong khoảng $p \in (0, 1)$ để rút ra kết luận lựa chọn chiến lược tối ưu."
PROB_CREAT_027,Y sinh hoc - Thiet ke Thi nghiem,SKILL_CLINICAL_TRIAL,SangTao,VanDungCao,"Một phác đồ điều trị thử nghiệm gồm hai giai đoạn độc lập: Giai đoạn 1 kiểm tra độ an toàn trên nhóm nguy cơ cao với xác suất đạt là $0{,}8$; Giai đoạn 2 kiểm tra hiệu lực bảo vệ với xác suất đạt là $0{,}75$. Nếu giai đoạn 1 thất bại, phác đồ bị dừng ngay. Nếu giai đoạn 1 thành công nhưng giai đoạn 2 thất bại, bệnh nhân được chuyển sang phác đồ cứu trợ có xác suất hồi phục $0{,}6$. Xác suất để một bệnh nhân đạt kết quả điều trị tích cực (thành công ở cả 2 giai đoạn hoặc hồi phục nhờ phác đồ cứu trợ) là bao nhiêu?","0,72","0,60","0,78","0,84",A,1.69,1.69,"Phân tích cây biến cố (Event Tree): Xác định hai kịch bản dẫn đến kết quả tích cực: (1) Thành công cả hai giai đoạn chính; (2) Giai đoạn 1 thành công, giai đoạn 2 thất bại nhưng phác đồ cứu trợ thành công.","Vì các giai đoạn và phác đồ kế tiếp rời nhau về mặt điều kiện, hãy tính xác suất từng nhánh rồi áp dụng quy tắc cộng: $P = 0{,}8 \times 0{,}75 + 0{,}8 \times (1 - 0{,}75) \times 0{,}6$."
PROB_CREAT_028,Kinh te Tai chinh,SKILL_OPTIMAL_DECISION,SangTao,VanDungCao,"Một quỹ đầu tư mạo hiểm đánh giá hai dự án công nghệ $X$ và $Y$ độc lập. Xác suất thành công thương mại của $X$ là $0{,}6$ mang lại lợi nhuận kỳ vọng $+10$ tỷ đồng (nếu thất bại lỗ $-4$ tỷ); của $Y$ là $0{,}7$ mang lại $+8$ tỷ đồng (nếu thất bại lỗ $-5$ tỷ). Quỹ quyết định đầu tư đồng thời cả hai dự án. Xác suất để quỹ rơi vào tình trạng thua lỗ ròng (tổng lợi nhuận hai dự án âm) là bao nhiêu?","0,12","0,18","0,28","0,34",A,1.92,2.03,"Hãy lập bảng phân phối 4 kịch bản kết hợp giữa hai dự án: (X thắng, Y thắng), (X thắng, Y thua), (X thua, Y thắng), (X thua, Y thua) kèm theo tổng lợi nhuận số học tương ứng.","Kiểm tra xem kịch bản nào cho tổng lợi nhuận âm: Chỉ có kịch bản (X thua, Y thua) cho lợi nhuận $(-4) + (-5) = -9$ tỷ. (Trường hợp X thua, Y thắng cho $(-4) + 8 = +4 > 0$). Từ đó tính xác suất nhánh thỏa mãn."
PROB_CREAT_029,He thong Phong thu - An ninh,SKILL_DEFENSE_MODEL,SangTao,VanDungCao,"Một hệ thống phòng không tự động phân tầng có hai lớp phòng thủ độc lập $T_1$ (tầm xa) và $T_2$ (tầm gần). Xác suất tầng $T_1$ bắn hạ được mục tiêu xâm nhập là $0{,}85$. Nếu $T_1$ trượt, tầng $T_2$ tự động kích hoạt với xác suất tiêu diệt mục tiêu là $0{,}70$. Để nâng cao hiệu quả phòng thủ, chỉ huy muốn xác suất tiêu diệt mục tiêu đạt tối thiểu $0{,}98$. Hỏi xác suất tiêu diệt của tầng $T_2$ cần nâng cấp lên tối thiểu là bao nhiêu nếu giữ nguyên tầng $T_1$?","0,867","0,800","0,920","0,750",A,2.15,2.37,"Biểu diễn xác suất hệ thống phòng thủ thất bại (cả hai tầng đều trượt) theo xác suất trúng của tầng 2 là $p_2$: $P(\text{Trượt toàn bộ}) = (1 - 0{,}85)(1 - p_2) = 0{,}15(1 - p_2)$.","Thiết lập bất phương trình theo yêu cầu hệ thống: Xác suất tiêu diệt thành công $1 - 0{,}15(1 - p_2) \ge 0{,}98 \iff 0{,}15(1 - p_2) \le 0{,}02$, từ đó giải tìm điều kiện ràng buộc của $p_2$."
PROB_CREAT_030,Khoa hoc Du lieu - Phat hien Gian lan,SKILL_FRAUD_DETECTION,SangTao,VanDungCao,"Một thuật toán ngân hàng số kết hợp hai mô hình học máy độc lập $M_1$ và $M_2$ để cảnh báo giao dịch gian lận. Khi có một giao dịch gian lận thực sự xảy ra, xác suất mô hình $M_1$ cảnh báo là $0{,}90$, của $M_2$ là $0{,}80$. Hệ thống cho phép chọn hai chế độ vận hành: Chế độ 'An toàn tối đa' (khóa thẻ nếu có ít nhất một mô hình báo động) và Chế độ 'Trải nghiệm mượt' (chỉ khóa thẻ khi cả hai mô hình cùng báo động). Chênh lệch xác suất khóa thẻ chính xác giữa hai chế độ đối với một giao dịch gian lận là bao nhiêu?","0,26","0,18","0,72","0,98",A,1.72,2.71,"Tính xác suất khóa thẻ ở Chế độ 1 (ít nhất một mô hình báo động) bằng biến cố đối: $P_1 = 1 - (1 - 0{,}90)(1 - 0{,}80)$.","Tính xác suất khóa thẻ ở Chế độ 2 (cả hai mô hình cùng báo động) bằng quy tắc nhân: $P_2 = 0{,}90 \times 0{,}80$. Sau đó lấy hiệu số $P_1 - P_2$."
PROB_CREAT_031,Toi uu hoa He thong,SKILL_OPTIMAL_DECISION,SangTao,VanDungCao,"Một hệ thống truyền tin gồm $3$ kênh song song độc lập, mỗi kênh có xác suất truyền lỗi là $p \in (0, 1)$. Trong điều kiện chi phí tương đương, kỹ sư cân nhắc hai phương án nâng cấp: Phương án 1 thêm một kênh dự phòng song song thứ 4 (xác suất lỗi $p$); Phương án 2 áp dụng thuật toán lọc nhiễu nâng cao giúp giảm xác suất lỗi của một kênh xuống còn $\frac{1}{2}p$. Phương án nào tối ưu hơn để giảm thiểu nguy cơ toàn bộ hệ thống bị gián đoạn cùng lúc?",Phương án 1 (thêm kênh song song thứ 4),Phương án 2 (giảm một nửa xác suất lỗi của 1 kênh),Cả hai phương án mang lại độ an toàn tương đương nhau với mọi $p$,"Phương án 1 tối ưu hơn khi $p > 0{,}5$, ngược lại Phương án 2 tối ưu hơn khi $p < 0{,}5$",D,1.95,1.95,Hãy biểu diễn xác suất gián đoạn toàn bộ hệ thống (tất cả các kênh cùng gặp lỗi) theo $p$: Phương án 1 là $P_1 = p^4$; Phương án 2 là $P_2 = \frac{1}{2}p \cdot p^2 = \frac{1}{2}p^3$.,"Lập hiệu số $P_1 - P_2 = p^3(p - 0{,}5)$ và xét dấu trong khoảng $p \in (0, 1)$ để rút ra kết luận lựa chọn chiến lược tối ưu."
PROB_CREAT_032,Y sinh hoc - Thiet ke Thi nghiem,SKILL_CLINICAL_TRIAL,SangTao,VanDungCao,"Một phác đồ điều trị thử nghiệm gồm hai giai đoạn độc lập: Giai đoạn 1 kiểm tra độ an toàn trên nhóm nguy cơ cao với xác suất đạt là $0{,}8$; Giai đoạn 2 kiểm tra hiệu lực bảo vệ với xác suất đạt là $0{,}75$. Nếu giai đoạn 1 thất bại, phác đồ bị dừng ngay. Nếu giai đoạn 1 thành công nhưng giai đoạn 2 thất bại, bệnh nhân được chuyển sang phác đồ cứu trợ có xác suất hồi phục $0{,}6$. Xác suất để một bệnh nhân đạt kết quả điều trị tích cực (thành công ở cả 2 giai đoạn hoặc hồi phục nhờ phác đồ cứu trợ) là bao nhiêu?","0,72","0,60","0,78","0,84",A,2.18,2.29,"Phân tích cây biến cố (Event Tree): Xác định hai kịch bản dẫn đến kết quả tích cực: (1) Thành công cả hai giai đoạn chính; (2) Giai đoạn 1 thành công, giai đoạn 2 thất bại nhưng phác đồ cứu trợ thành công.","Vì các giai đoạn và phác đồ kế tiếp rời nhau về mặt điều kiện, hãy tính xác suất từng nhánh rồi áp dụng quy tắc cộng: $P = 0{,}8 \times 0{,}75 + 0{,}8 \times (1 - 0{,}75) \times 0{,}6$."
PROB_CREAT_033,Kinh te Tai chinh,SKILL_OPTIMAL_DECISION,SangTao,VanDungCao,"Một quỹ đầu tư mạo hiểm đánh giá hai dự án công nghệ $X$ và $Y$ độc lập. Xác suất thành công thương mại của $X$ là $0{,}6$ mang lại lợi nhuận kỳ vọng $+10$ tỷ đồng (nếu thất bại lỗ $-4$ tỷ); của $Y$ là $0{,}7$ mang lại $+8$ tỷ đồng (nếu thất bại lỗ $-5$ tỷ). Quỹ quyết định đầu tư đồng thời cả hai dự án. Xác suất để quỹ rơi vào tình trạng thua lỗ ròng (tổng lợi nhuận hai dự án âm) là bao nhiêu?","0,12","0,18","0,28","0,34",A,1.75,2.63,"Hãy lập bảng phân phối 4 kịch bản kết hợp giữa hai dự án: (X thắng, Y thắng), (X thắng, Y thua), (X thua, Y thắng), (X thua, Y thua) kèm theo tổng lợi nhuận số học tương ứng.","Kiểm tra xem kịch bản nào cho tổng lợi nhuận âm: Chỉ có kịch bản (X thua, Y thua) cho lợi nhuận $(-4) + (-5) = -9$ tỷ. (Trường hợp X thua, Y thắng cho $(-4) + 8 = +4 > 0$). Từ đó tính xác suất nhánh thỏa mãn."
PROB_CREAT_034,He thong Phong thu - An ninh,SKILL_DEFENSE_MODEL,SangTao,VanDungCao,"Một hệ thống phòng không tự động phân tầng có hai lớp phòng thủ độc lập $T_1$ (tầm xa) và $T_2$ (tầm gần). Xác suất tầng $T_1$ bắn hạ được mục tiêu xâm nhập là $0{,}85$. Nếu $T_1$ trượt, tầng $T_2$ tự động kích hoạt với xác suất tiêu diệt mục tiêu là $0{,}70$. Để nâng cao hiệu quả phòng thủ, chỉ huy muốn xác suất tiêu diệt mục tiêu đạt tối thiểu $0{,}98$. Hỏi xác suất tiêu diệt của tầng $T_2$ cần nâng cấp lên tối thiểu là bao nhiêu nếu giữ nguyên tầng $T_1$?","0,867","0,800","0,920","0,750",A,1.98,1.87,"Biểu diễn xác suất hệ thống phòng thủ thất bại (cả hai tầng đều trượt) theo xác suất trúng của tầng 2 là $p_2$: $P(\text{Trượt toàn bộ}) = (1 - 0{,}85)(1 - p_2) = 0{,}15(1 - p_2)$.","Thiết lập bất phương trình theo yêu cầu hệ thống: Xác suất tiêu diệt thành công $1 - 0{,}15(1 - p_2) \ge 0{,}98 \iff 0{,}15(1 - p_2) \le 0{,}02$, từ đó giải tìm điều kiện ràng buộc của $p_2$."
PROB_CREAT_035,Khoa hoc Du lieu - Phat hien Gian lan,SKILL_FRAUD_DETECTION,SangTao,VanDungCao,"Một thuật toán ngân hàng số kết hợp hai mô hình học máy độc lập $M_1$ và $M_2$ để cảnh báo giao dịch gian lận. Khi có một giao dịch gian lận thực sự xảy ra, xác suất mô hình $M_1$ cảnh báo là $0{,}90$, của $M_2$ là $0{,}80$. Hệ thống cho phép chọn hai chế độ vận hành: Chế độ 'An toàn tối đa' (khóa thẻ nếu có ít nhất một mô hình báo động) và Chế độ 'Trải nghiệm mượt' (chỉ khóa thẻ khi cả hai mô hình cùng báo động). Chênh lệch xác suất khóa thẻ chính xác giữa hai chế độ đối với một giao dịch gian lận là bao nhiêu?","0,26","0,18","0,72","0,98",A,2.21,2.21,"Tính xác suất khóa thẻ ở Chế độ 1 (ít nhất một mô hình báo động) bằng biến cố đối: $P_1 = 1 - (1 - 0{,}90)(1 - 0{,}80)$.","Tính xác suất khóa thẻ ở Chế độ 2 (cả hai mô hình cùng báo động) bằng quy tắc nhân: $P_2 = 0{,}90 \times 0{,}80$. Sau đó lấy hiệu số $P_1 - P_2$."
PROB_CREAT_036,Toi uu hoa He thong,SKILL_OPTIMAL_DECISION,SangTao,VanDungCao,"Một hệ thống truyền tin gồm $3$ kênh song song độc lập, mỗi kênh có xác suất truyền lỗi là $p \in (0, 1)$. Trong điều kiện chi phí tương đương, kỹ sư cân nhắc hai phương án nâng cấp: Phương án 1 thêm một kênh dự phòng song song thứ 4 (xác suất lỗi $p$); Phương án 2 áp dụng thuật toán lọc nhiễu nâng cao giúp giảm xác suất lỗi của một kênh xuống còn $\frac{1}{2}p$. Phương án nào tối ưu hơn để giảm thiểu nguy cơ toàn bộ hệ thống bị gián đoạn cùng lúc?",Phương án 1 (thêm kênh song song thứ 4),Phương án 2 (giảm một nửa xác suất lỗi của 1 kênh),Cả hai phương án mang lại độ an toàn tương đương nhau với mọi $p$,"Phương án 1 tối ưu hơn khi $p > 0{,}5$, ngược lại Phương án 2 tối ưu hơn khi $p < 0{,}5$",D,1.78,2.55,Hãy biểu diễn xác suất gián đoạn toàn bộ hệ thống (tất cả các kênh cùng gặp lỗi) theo $p$: Phương án 1 là $P_1 = p^4$; Phương án 2 là $P_2 = \frac{1}{2}p \cdot p^2 = \frac{1}{2}p^3$.,"Lập hiệu số $P_1 - P_2 = p^3(p - 0{,}5)$ và xét dấu trong khoảng $p \in (0, 1)$ để rút ra kết luận lựa chọn chiến lược tối ưu."
PROB_CREAT_037,Y sinh hoc - Thiet ke Thi nghiem,SKILL_CLINICAL_TRIAL,SangTao,VanDungCao,"Một phác đồ điều trị thử nghiệm gồm hai giai đoạn độc lập: Giai đoạn 1 kiểm tra độ an toàn trên nhóm nguy cơ cao với xác suất đạt là $0{,}8$; Giai đoạn 2 kiểm tra hiệu lực bảo vệ với xác suất đạt là $0{,}75$. Nếu giai đoạn 1 thất bại, phác đồ bị dừng ngay. Nếu giai đoạn 1 thành công nhưng giai đoạn 2 thất bại, bệnh nhân được chuyển sang phác đồ cứu trợ có xác suất hồi phục $0{,}6$. Xác suất để một bệnh nhân đạt kết quả điều trị tích cực (thành công ở cả 2 giai đoạn hoặc hồi phục nhờ phác đồ cứu trợ) là bao nhiêu?","0,72","0,60","0,78","0,84",A,2.01,1.79,"Phân tích cây biến cố (Event Tree): Xác định hai kịch bản dẫn đến kết quả tích cực: (1) Thành công cả hai giai đoạn chính; (2) Giai đoạn 1 thành công, giai đoạn 2 thất bại nhưng phác đồ cứu trợ thành công.","Vì các giai đoạn và phác đồ kế tiếp rời nhau về mặt điều kiện, hãy tính xác suất từng nhánh rồi áp dụng quy tắc cộng: $P = 0{,}8 \times 0{,}75 + 0{,}8 \times (1 - 0{,}75) \times 0{,}6$."
PROB_CREAT_038,Kinh te Tai chinh,SKILL_OPTIMAL_DECISION,SangTao,VanDungCao,"Một quỹ đầu tư mạo hiểm đánh giá hai dự án công nghệ $X$ và $Y$ độc lập. Xác suất thành công thương mại của $X$ là $0{,}6$ mang lại lợi nhuận kỳ vọng $+10$ tỷ đồng (nếu thất bại lỗ $-4$ tỷ); của $Y$ là $0{,}7$ mang lại $+8$ tỷ đồng (nếu thất bại lỗ $-5$ tỷ). Quỹ quyết định đầu tư đồng thời cả hai dự án. Xác suất để quỹ rơi vào tình trạng thua lỗ ròng (tổng lợi nhuận hai dự án âm) là bao nhiêu?","0,12","0,18","0,28","0,34",A,2.24,2.13,"Hãy lập bảng phân phối 4 kịch bản kết hợp giữa hai dự án: (X thắng, Y thắng), (X thắng, Y thua), (X thua, Y thắng), (X thua, Y thua) kèm theo tổng lợi nhuận số học tương ứng.","Kiểm tra xem kịch bản nào cho tổng lợi nhuận âm: Chỉ có kịch bản (X thua, Y thua) cho lợi nhuận $(-4) + (-5) = -9$ tỷ. (Trường hợp X thua, Y thắng cho $(-4) + 8 = +4 > 0$). Từ đó tính xác suất nhánh thỏa mãn."
PROB_CREAT_039,He thong Phong thu - An ninh,SKILL_DEFENSE_MODEL,SangTao,VanDungCao,"Một hệ thống phòng không tự động phân tầng có hai lớp phòng thủ độc lập $T_1$ (tầm xa) và $T_2$ (tầm gần). Xác suất tầng $T_1$ bắn hạ được mục tiêu xâm nhập là $0{,}85$. Nếu $T_1$ trượt, tầng $T_2$ tự động kích hoạt với xác suất tiêu diệt mục tiêu là $0{,}70$. Để nâng cao hiệu quả phòng thủ, chỉ huy muốn xác suất tiêu diệt mục tiêu đạt tối thiểu $0{,}98$. Hỏi xác suất tiêu diệt của tầng $T_2$ cần nâng cấp lên tối thiểu là bao nhiêu nếu giữ nguyên tầng $T_1$?","0,867","0,800","0,920","0,750",A,1.81,2.47,"Biểu diễn xác suất hệ thống phòng thủ thất bại (cả hai tầng đều trượt) theo xác suất trúng của tầng 2 là $p_2$: $P(\text{Trượt toàn bộ}) = (1 - 0{,}85)(1 - p_2) = 0{,}15(1 - p_2)$.","Thiết lập bất phương trình theo yêu cầu hệ thống: Xác suất tiêu diệt thành công $1 - 0{,}15(1 - p_2) \ge 0{,}98 \iff 0{,}15(1 - p_2) \le 0{,}02$, từ đó giải tìm điều kiện ràng buộc của $p_2$."
PROB_CREAT_040,Khoa hoc Du lieu - Phat hien Gian lan,SKILL_FRAUD_DETECTION,SangTao,VanDungCao,"Một thuật toán ngân hàng số kết hợp hai mô hình học máy độc lập $M_1$ và $M_2$ để cảnh báo giao dịch gian lận. Khi có một giao dịch gian lận thực sự xảy ra, xác suất mô hình $M_1$ cảnh báo là $0{,}90$, của $M_2$ là $0{,}80$. Hệ thống cho phép chọn hai chế độ vận hành: Chế độ 'An toàn tối đa' (khóa thẻ nếu có ít nhất một mô hình báo động) và Chế độ 'Trải nghiệm mượt' (chỉ khóa thẻ khi cả hai mô hình cùng báo động). Chênh lệch xác suất khóa thẻ chính xác giữa hai chế độ đối với một giao dịch gian lận là bao nhiêu?","0,26","0,18","0,72","0,98",A,2.04,1.71,"Tính xác suất khóa thẻ ở Chế độ 1 (ít nhất một mô hình báo động) bằng biến cố đối: $P_1 = 1 - (1 - 0{,}90)(1 - 0{,}80)$.","Tính xác suất khóa thẻ ở Chế độ 2 (cả hai mô hình cùng báo động) bằng quy tắc nhân: $P_2 = 0{,}90 \times 0{,}80$. Sau đó lấy hiệu số $P_1 - P_2$."
PROB_CREAT_041,Toi uu hoa He thong,SKILL_OPTIMAL_DECISION,SangTao,VanDungCao,"Một hệ thống truyền tin gồm $3$ kênh song song độc lập, mỗi kênh có xác suất truyền lỗi là $p \in (0, 1)$. Trong điều kiện chi phí tương đương, kỹ sư cân nhắc hai phương án nâng cấp: Phương án 1 thêm một kênh dự phòng song song thứ 4 (xác suất lỗi $p$); Phương án 2 áp dụng thuật toán lọc nhiễu nâng cao giúp giảm xác suất lỗi của một kênh xuống còn $\frac{1}{2}p$. Phương án nào tối ưu hơn để giảm thiểu nguy cơ toàn bộ hệ thống bị gián đoạn cùng lúc?",Phương án 1 (thêm kênh song song thứ 4),Phương án 2 (giảm một nửa xác suất lỗi của 1 kênh),Cả hai phương án mang lại độ an toàn tương đương nhau với mọi $p$,"Phương án 1 tối ưu hơn khi $p > 0{,}5$, ngược lại Phương án 2 tối ưu hơn khi $p < 0{,}5$",D,2.27,2.05,Hãy biểu diễn xác suất gián đoạn toàn bộ hệ thống (tất cả các kênh cùng gặp lỗi) theo $p$: Phương án 1 là $P_1 = p^4$; Phương án 2 là $P_2 = \frac{1}{2}p \cdot p^2 = \frac{1}{2}p^3$.,"Lập hiệu số $P_1 - P_2 = p^3(p - 0{,}5)$ và xét dấu trong khoảng $p \in (0, 1)$ để rút ra kết luận lựa chọn chiến lược tối ưu."
PROB_CREAT_042,Y sinh hoc - Thiet ke Thi nghiem,SKILL_CLINICAL_TRIAL,SangTao,VanDungCao,"Một phác đồ điều trị thử nghiệm gồm hai giai đoạn độc lập: Giai đoạn 1 kiểm tra độ an toàn trên nhóm nguy cơ cao với xác suất đạt là $0{,}8$; Giai đoạn 2 kiểm tra hiệu lực bảo vệ với xác suất đạt là $0{,}75$. Nếu giai đoạn 1 thất bại, phác đồ bị dừng ngay. Nếu giai đoạn 1 thành công nhưng giai đoạn 2 thất bại, bệnh nhân được chuyển sang phác đồ cứu trợ có xác suất hồi phục $0{,}6$. Xác suất để một bệnh nhân đạt kết quả điều trị tích cực (thành công ở cả 2 giai đoạn hoặc hồi phục nhờ phác đồ cứu trợ) là bao nhiêu?","0,72","0,60","0,78","0,84",A,1.84,2.39,"Phân tích cây biến cố (Event Tree): Xác định hai kịch bản dẫn đến kết quả tích cực: (1) Thành công cả hai giai đoạn chính; (2) Giai đoạn 1 thành công, giai đoạn 2 thất bại nhưng phác đồ cứu trợ thành công.","Vì các giai đoạn và phác đồ kế tiếp rời nhau về mặt điều kiện, hãy tính xác suất từng nhánh rồi áp dụng quy tắc cộng: $P = 0{,}8 \times 0{,}75 + 0{,}8 \times (1 - 0{,}75) \times 0{,}6$."
PROB_CREAT_043,Kinh te Tai chinh,SKILL_OPTIMAL_DECISION,SangTao,VanDungCao,"Một quỹ đầu tư mạo hiểm đánh giá hai dự án công nghệ $X$ và $Y$ độc lập. Xác suất thành công thương mại của $X$ là $0{,}6$ mang lại lợi nhuận kỳ vọng $+10$ tỷ đồng (nếu thất bại lỗ $-4$ tỷ); của $Y$ là $0{,}7$ mang lại $+8$ tỷ đồng (nếu thất bại lỗ $-5$ tỷ). Quỹ quyết định đầu tư đồng thời cả hai dự án. Xác suất để quỹ rơi vào tình trạng thua lỗ ròng (tổng lợi nhuận hai dự án âm) là bao nhiêu?","0,12","0,18","0,28","0,34",A,2.07,2.73,"Hãy lập bảng phân phối 4 kịch bản kết hợp giữa hai dự án: (X thắng, Y thắng), (X thắng, Y thua), (X thua, Y thắng), (X thua, Y thua) kèm theo tổng lợi nhuận số học tương ứng.","Kiểm tra xem kịch bản nào cho tổng lợi nhuận âm: Chỉ có kịch bản (X thua, Y thua) cho lợi nhuận $(-4) + (-5) = -9$ tỷ. (Trường hợp X thua, Y thắng cho $(-4) + 8 = +4 > 0$). Từ đó tính xác suất nhánh thỏa mãn."
PROB_CREAT_044,He thong Phong thu - An ninh,SKILL_DEFENSE_MODEL,SangTao,VanDungCao,"Một hệ thống phòng không tự động phân tầng có hai lớp phòng thủ độc lập $T_1$ (tầm xa) và $T_2$ (tầm gần). Xác suất tầng $T_1$ bắn hạ được mục tiêu xâm nhập là $0{,}85$. Nếu $T_1$ trượt, tầng $T_2$ tự động kích hoạt với xác suất tiêu diệt mục tiêu là $0{,}70$. Để nâng cao hiệu quả phòng thủ, chỉ huy muốn xác suất tiêu diệt mục tiêu đạt tối thiểu $0{,}98$. Hỏi xác suất tiêu diệt của tầng $T_2$ cần nâng cấp lên tối thiểu là bao nhiêu nếu giữ nguyên tầng $T_1$?","0,867","0,800","0,920","0,750",A,2.3,1.97,"Biểu diễn xác suất hệ thống phòng thủ thất bại (cả hai tầng đều trượt) theo xác suất trúng của tầng 2 là $p_2$: $P(\text{Trượt toàn bộ}) = (1 - 0{,}85)(1 - p_2) = 0{,}15(1 - p_2)$.","Thiết lập bất phương trình theo yêu cầu hệ thống: Xác suất tiêu diệt thành công $1 - 0{,}15(1 - p_2) \ge 0{,}98 \iff 0{,}15(1 - p_2) \le 0{,}02$, từ đó giải tìm điều kiện ràng buộc của $p_2$."
PROB_CREAT_045,Khoa hoc Du lieu - Phat hien Gian lan,SKILL_FRAUD_DETECTION,SangTao,VanDungCao,"Một thuật toán ngân hàng số kết hợp hai mô hình học máy độc lập $M_1$ và $M_2$ để cảnh báo giao dịch gian lận. Khi có một giao dịch gian lận thực sự xảy ra, xác suất mô hình $M_1$ cảnh báo là $0{,}90$, của $M_2$ là $0{,}80$. Hệ thống cho phép chọn hai chế độ vận hành: Chế độ 'An toàn tối đa' (khóa thẻ nếu có ít nhất một mô hình báo động) và Chế độ 'Trải nghiệm mượt' (chỉ khóa thẻ khi cả hai mô hình cùng báo động). Chênh lệch xác suất khóa thẻ chính xác giữa hai chế độ đối với một giao dịch gian lận là bao nhiêu?","0,26","0,18","0,72","0,98",A,1.87,2.31,"Tính xác suất khóa thẻ ở Chế độ 1 (ít nhất một mô hình báo động) bằng biến cố đối: $P_1 = 1 - (1 - 0{,}90)(1 - 0{,}80)$.","Tính xác suất khóa thẻ ở Chế độ 2 (cả hai mô hình cùng báo động) bằng quy tắc nhân: $P_2 = 0{,}90 \times 0{,}80$. Sau đó lấy hiệu số $P_1 - P_2$."
PROB_CREAT_046,Toi uu hoa He thong,SKILL_OPTIMAL_DECISION,SangTao,VanDungCao,"Một hệ thống truyền tin gồm $3$ kênh song song độc lập, mỗi kênh có xác suất truyền lỗi là $p \in (0, 1)$. Trong điều kiện chi phí tương đương, kỹ sư cân nhắc hai phương án nâng cấp: Phương án 1 thêm một kênh dự phòng song song thứ 4 (xác suất lỗi $p$); Phương án 2 áp dụng thuật toán lọc nhiễu nâng cao giúp giảm xác suất lỗi của một kênh xuống còn $\frac{1}{2}p$. Phương án nào tối ưu hơn để giảm thiểu nguy cơ toàn bộ hệ thống bị gián đoạn cùng lúc?",Phương án 1 (thêm kênh song song thứ 4),Phương án 2 (giảm một nửa xác suất lỗi của 1 kênh),Cả hai phương án mang lại độ an toàn tương đương nhau với mọi $p$,"Phương án 1 tối ưu hơn khi $p > 0{,}5$, ngược lại Phương án 2 tối ưu hơn khi $p < 0{,}5$",D,2.1,2.95,Hãy biểu diễn xác suất gián đoạn toàn bộ hệ thống (tất cả các kênh cùng gặp lỗi) theo $p$: Phương án 1 là $P_1 = p^4$; Phương án 2 là $P_2 = \frac{1}{2}p \cdot p^2 = \frac{1}{2}p^3$.,"Lập hiệu số $P_1 - P_2 = p^3(p - 0{,}5)$ và xét dấu trong khoảng $p \in (0, 1)$ để rút ra kết luận lựa chọn chiến lược tối ưu."
PROB_CREAT_047,Y sinh hoc - Thiet ke Thi nghiem,SKILL_CLINICAL_TRIAL,SangTao,VanDungCao,"Một phác đồ điều trị thử nghiệm gồm hai giai đoạn độc lập: Giai đoạn 1 kiểm tra độ an toàn trên nhóm nguy cơ cao với xác suất đạt là $0{,}8$; Giai đoạn 2 kiểm tra hiệu lực bảo vệ với xác suất đạt là $0{,}75$. Nếu giai đoạn 1 thất bại, phác đồ bị dừng ngay. Nếu giai đoạn 1 thành công nhưng giai đoạn 2 thất bại, bệnh nhân được chuyển sang phác đồ cứu trợ có xác suất hồi phục $0{,}6$. Xác suất để một bệnh nhân đạt kết quả điều trị tích cực (thành công ở cả 2 giai đoạn hoặc hồi phục nhờ phác đồ cứu trợ) là bao nhiêu?","0,72","0,60","0,78","0,84",A,1.67,1.89,"Phân tích cây biến cố (Event Tree): Xác định hai kịch bản dẫn đến kết quả tích cực: (1) Thành công cả hai giai đoạn chính; (2) Giai đoạn 1 thành công, giai đoạn 2 thất bại nhưng phác đồ cứu trợ thành công.","Vì các giai đoạn và phác đồ kế tiếp rời nhau về mặt điều kiện, hãy tính xác suất từng nhánh rồi áp dụng quy tắc cộng: $P = 0{,}8 \times 0{,}75 + 0{,}8 \times (1 - 0{,}75) \times 0{,}6$."
PROB_CREAT_048,Kinh te Tai chinh,SKILL_OPTIMAL_DECISION,SangTao,VanDungCao,"Một quỹ đầu tư mạo hiểm đánh giá hai dự án công nghệ $X$ và $Y$ độc lập. Xác suất thành công thương mại của $X$ là $0{,}6$ mang lại lợi nhuận kỳ vọng $+10$ tỷ đồng (nếu thất bại lỗ $-4$ tỷ); của $Y$ là $0{,}7$ mang lại $+8$ tỷ đồng (nếu thất bại lỗ $-5$ tỷ). Quỹ quyết định đầu tư đồng thời cả hai dự án. Xác suất để quỹ rơi vào tình trạng thua lỗ ròng (tổng lợi nhuận hai dự án âm) là bao nhiêu?","0,12","0,18","0,28","0,34",A,1.9,2.23,"Hãy lập bảng phân phối 4 kịch bản kết hợp giữa hai dự án: (X thắng, Y thắng), (X thắng, Y thua), (X thua, Y thắng), (X thua, Y thua) kèm theo tổng lợi nhuận số học tương ứng.","Kiểm tra xem kịch bản nào cho tổng lợi nhuận âm: Chỉ có kịch bản (X thua, Y thua) cho lợi nhuận $(-4) + (-5) = -9$ tỷ. (Trường hợp X thua, Y thắng cho $(-4) + 8 = +4 > 0$). Từ đó tính xác suất nhánh thỏa mãn."
PROB_CREAT_049,He thong Phong thu - An ninh,SKILL_DEFENSE_MODEL,SangTao,VanDungCao,"Một hệ thống phòng không tự động phân tầng có hai lớp phòng thủ độc lập $T_1$ (tầm xa) và $T_2$ (tầm gần). Xác suất tầng $T_1$ bắn hạ được mục tiêu xâm nhập là $0{,}85$. Nếu $T_1$ trượt, tầng $T_2$ tự động kích hoạt với xác suất tiêu diệt mục tiêu là $0{,}70$. Để nâng cao hiệu quả phòng thủ, chỉ huy muốn xác suất tiêu diệt mục tiêu đạt tối thiểu $0{,}98$. Hỏi xác suất tiêu diệt của tầng $T_2$ cần nâng cấp lên tối thiểu là bao nhiêu nếu giữ nguyên tầng $T_1$?","0,867","0,800","0,920","0,750",A,2.13,2.57,"Biểu diễn xác suất hệ thống phòng thủ thất bại (cả hai tầng đều trượt) theo xác suất trúng của tầng 2 là $p_2$: $P(\text{Trượt toàn bộ}) = (1 - 0{,}85)(1 - p_2) = 0{,}15(1 - p_2)$.","Thiết lập bất phương trình theo yêu cầu hệ thống: Xác suất tiêu diệt thành công $1 - 0{,}15(1 - p_2) \ge 0{,}98 \iff 0{,}15(1 - p_2) \le 0{,}02$, từ đó giải tìm điều kiện ràng buộc của $p_2$."
PROB_CREAT_050,Khoa hoc Du lieu - Phat hien Gian lan,SKILL_FRAUD_DETECTION,SangTao,VanDungCao,"Một thuật toán ngân hàng số kết hợp hai mô hình học máy độc lập $M_1$ và $M_2$ để cảnh báo giao dịch gian lận. Khi có một giao dịch gian lận thực sự xảy ra, xác suất mô hình $M_1$ cảnh báo là $0{,}90$, của $M_2$ là $0{,}80$. Hệ thống cho phép chọn hai chế độ vận hành: Chế độ 'An toàn tối đa' (khóa thẻ nếu có ít nhất một mô hình báo động) và Chế độ 'Trải nghiệm mượt' (chỉ khóa thẻ khi cả hai mô hình cùng báo động). Chênh lệch xác suất khóa thẻ chính xác giữa hai chế độ đối với một giao dịch gian lận là bao nhiêu?","0,26","0,18","0,72","0,98",A,1.7,1.81,"Tính xác suất khóa thẻ ở Chế độ 1 (ít nhất một mô hình báo động) bằng biến cố đối: $P_1 = 1 - (1 - 0{,}90)(1 - 0{,}80)$.","Tính xác suất khóa thẻ ở Chế độ 2 (cả hai mô hình cùng báo động) bằng quy tắc nhân: $P_2 = 0{,}90 \times 0{,}80$. Sau đó lấy hiệu số $P_1 - P_2$."
PROB_CREAT_051,Toi uu hoa He thong,SKILL_OPTIMAL_DECISION,SangTao,VanDungCao,"Một hệ thống truyền tin gồm $3$ kênh song song độc lập, mỗi kênh có xác suất truyền lỗi là $p \in (0, 1)$. Trong điều kiện chi phí tương đương, kỹ sư cân nhắc hai phương án nâng cấp: Phương án 1 thêm một kênh dự phòng song song thứ 4 (xác suất lỗi $p$); Phương án 2 áp dụng thuật toán lọc nhiễu nâng cao giúp giảm xác suất lỗi của một kênh xuống còn $\frac{1}{2}p$. Phương án nào tối ưu hơn để giảm thiểu nguy cơ toàn bộ hệ thống bị gián đoạn cùng lúc?",Phương án 1 (thêm kênh song song thứ 4),Phương án 2 (giảm một nửa xác suất lỗi của 1 kênh),Cả hai phương án mang lại độ an toàn tương đương nhau với mọi $p$,"Phương án 1 tối ưu hơn khi $p > 0{,}5$, ngược lại Phương án 2 tối ưu hơn khi $p < 0{,}5$",D,1.93,2.15,Hãy biểu diễn xác suất gián đoạn toàn bộ hệ thống (tất cả các kênh cùng gặp lỗi) theo $p$: Phương án 1 là $P_1 = p^4$; Phương án 2 là $P_2 = \frac{1}{2}p \cdot p^2 = \frac{1}{2}p^3$.,"Lập hiệu số $P_1 - P_2 = p^3(p - 0{,}5)$ và xét dấu trong khoảng $p \in (0, 1)$ để rút ra kết luận lựa chọn chiến lược tối ưu."
PROB_CREAT_052,Y sinh hoc - Thiet ke Thi nghiem,SKILL_CLINICAL_TRIAL,SangTao,VanDungCao,"Một phác đồ điều trị thử nghiệm gồm hai giai đoạn độc lập: Giai đoạn 1 kiểm tra độ an toàn trên nhóm nguy cơ cao với xác suất đạt là $0{,}8$; Giai đoạn 2 kiểm tra hiệu lực bảo vệ với xác suất đạt là $0{,}75$. Nếu giai đoạn 1 thất bại, phác đồ bị dừng ngay. Nếu giai đoạn 1 thành công nhưng giai đoạn 2 thất bại, bệnh nhân được chuyển sang phác đồ cứu trợ có xác suất hồi phục $0{,}6$. Xác suất để một bệnh nhân đạt kết quả điều trị tích cực (thành công ở cả 2 giai đoạn hoặc hồi phục nhờ phác đồ cứu trợ) là bao nhiêu?","0,72","0,60","0,78","0,84",A,2.16,2.49,"Phân tích cây biến cố (Event Tree): Xác định hai kịch bản dẫn đến kết quả tích cực: (1) Thành công cả hai giai đoạn chính; (2) Giai đoạn 1 thành công, giai đoạn 2 thất bại nhưng phác đồ cứu trợ thành công.","Vì các giai đoạn và phác đồ kế tiếp rời nhau về mặt điều kiện, hãy tính xác suất từng nhánh rồi áp dụng quy tắc cộng: $P = 0{,}8 \times 0{,}75 + 0{,}8 \times (1 - 0{,}75) \times 0{,}6$."
PROB_CREAT_053,Kinh te Tai chinh,SKILL_OPTIMAL_DECISION,SangTao,VanDungCao,"Một quỹ đầu tư mạo hiểm đánh giá hai dự án công nghệ $X$ và $Y$ độc lập. Xác suất thành công thương mại của $X$ là $0{,}6$ mang lại lợi nhuận kỳ vọng $+10$ tỷ đồng (nếu thất bại lỗ $-4$ tỷ); của $Y$ là $0{,}7$ mang lại $+8$ tỷ đồng (nếu thất bại lỗ $-5$ tỷ). Quỹ quyết định đầu tư đồng thời cả hai dự án. Xác suất để quỹ rơi vào tình trạng thua lỗ ròng (tổng lợi nhuận hai dự án âm) là bao nhiêu?","0,12","0,18","0,28","0,34",A,1.73,1.73,"Hãy lập bảng phân phối 4 kịch bản kết hợp giữa hai dự án: (X thắng, Y thắng), (X thắng, Y thua), (X thua, Y thắng), (X thua, Y thua) kèm theo tổng lợi nhuận số học tương ứng.","Kiểm tra xem kịch bản nào cho tổng lợi nhuận âm: Chỉ có kịch bản (X thua, Y thua) cho lợi nhuận $(-4) + (-5) = -9$ tỷ. (Trường hợp X thua, Y thắng cho $(-4) + 8 = +4 > 0$). Từ đó tính xác suất nhánh thỏa mãn."
PROB_CREAT_054,He thong Phong thu - An ninh,SKILL_DEFENSE_MODEL,SangTao,VanDungCao,"Một hệ thống phòng không tự động phân tầng có hai lớp phòng thủ độc lập $T_1$ (tầm xa) và $T_2$ (tầm gần). Xác suất tầng $T_1$ bắn hạ được mục tiêu xâm nhập là $0{,}85$. Nếu $T_1$ trượt, tầng $T_2$ tự động kích hoạt với xác suất tiêu diệt mục tiêu là $0{,}70$. Để nâng cao hiệu quả phòng thủ, chỉ huy muốn xác suất tiêu diệt mục tiêu đạt tối thiểu $0{,}98$. Hỏi xác suất tiêu diệt của tầng $T_2$ cần nâng cấp lên tối thiểu là bao nhiêu nếu giữ nguyên tầng $T_1$?","0,867","0,800","0,920","0,750",A,1.96,2.07,"Biểu diễn xác suất hệ thống phòng thủ thất bại (cả hai tầng đều trượt) theo xác suất trúng của tầng 2 là $p_2$: $P(\text{Trượt toàn bộ}) = (1 - 0{,}85)(1 - p_2) = 0{,}15(1 - p_2)$.","Thiết lập bất phương trình theo yêu cầu hệ thống: Xác suất tiêu diệt thành công $1 - 0{,}15(1 - p_2) \ge 0{,}98 \iff 0{,}15(1 - p_2) \le 0{,}02$, từ đó giải tìm điều kiện ràng buộc của $p_2$."
PROB_CREAT_055,Khoa hoc Du lieu - Phat hien Gian lan,SKILL_FRAUD_DETECTION,SangTao,VanDungCao,"Một thuật toán ngân hàng số kết hợp hai mô hình học máy độc lập $M_1$ và $M_2$ để cảnh báo giao dịch gian lận. Khi có một giao dịch gian lận thực sự xảy ra, xác suất mô hình $M_1$ cảnh báo là $0{,}90$, của $M_2$ là $0{,}80$. Hệ thống cho phép chọn hai chế độ vận hành: Chế độ 'An toàn tối đa' (khóa thẻ nếu có ít nhất một mô hình báo động) và Chế độ 'Trải nghiệm mượt' (chỉ khóa thẻ khi cả hai mô hình cùng báo động). Chênh lệch xác suất khóa thẻ chính xác giữa hai chế độ đối với một giao dịch gian lận là bao nhiêu?","0,26","0,18","0,72","0,98",A,2.19,2.41,"Tính xác suất khóa thẻ ở Chế độ 1 (ít nhất một mô hình báo động) bằng biến cố đối: $P_1 = 1 - (1 - 0{,}90)(1 - 0{,}80)$.","Tính xác suất khóa thẻ ở Chế độ 2 (cả hai mô hình cùng báo động) bằng quy tắc nhân: $P_2 = 0{,}90 \times 0{,}80$. Sau đó lấy hiệu số $P_1 - P_2$."
PROB_CREAT_056,Toi uu hoa He thong,SKILL_OPTIMAL_DECISION,SangTao,VanDungCao,"Một hệ thống truyền tin gồm $3$ kênh song song độc lập, mỗi kênh có xác suất truyền lỗi là $p \in (0, 1)$. Trong điều kiện chi phí tương đương, kỹ sư cân nhắc hai phương án nâng cấp: Phương án 1 thêm một kênh dự phòng song song thứ 4 (xác suất lỗi $p$); Phương án 2 áp dụng thuật toán lọc nhiễu nâng cao giúp giảm xác suất lỗi của một kênh xuống còn $\frac{1}{2}p$. Phương án nào tối ưu hơn để giảm thiểu nguy cơ toàn bộ hệ thống bị gián đoạn cùng lúc?",Phương án 1 (thêm kênh song song thứ 4),Phương án 2 (giảm một nửa xác suất lỗi của 1 kênh),Cả hai phương án mang lại độ an toàn tương đương nhau với mọi $p$,"Phương án 1 tối ưu hơn khi $p > 0{,}5$, ngược lại Phương án 2 tối ưu hơn khi $p < 0{,}5$",D,1.76,1.65,Hãy biểu diễn xác suất gián đoạn toàn bộ hệ thống (tất cả các kênh cùng gặp lỗi) theo $p$: Phương án 1 là $P_1 = p^4$; Phương án 2 là $P_2 = \frac{1}{2}p \cdot p^2 = \frac{1}{2}p^3$.,"Lập hiệu số $P_1 - P_2 = p^3(p - 0{,}5)$ và xét dấu trong khoảng $p \in (0, 1)$ để rút ra kết luận lựa chọn chiến lược tối ưu."
PROB_CREAT_057,Y sinh hoc - Thiet ke Thi nghiem,SKILL_CLINICAL_TRIAL,SangTao,VanDungCao,"Một phác đồ điều trị thử nghiệm gồm hai giai đoạn độc lập: Giai đoạn 1 kiểm tra độ an toàn trên nhóm nguy cơ cao với xác suất đạt là $0{,}8$; Giai đoạn 2 kiểm tra hiệu lực bảo vệ với xác suất đạt là $0{,}75$. Nếu giai đoạn 1 thất bại, phác đồ bị dừng ngay. Nếu giai đoạn 1 thành công nhưng giai đoạn 2 thất bại, bệnh nhân được chuyển sang phác đồ cứu trợ có xác suất hồi phục $0{,}6$. Xác suất để một bệnh nhân đạt kết quả điều trị tích cực (thành công ở cả 2 giai đoạn hoặc hồi phục nhờ phác đồ cứu trợ) là bao nhiêu?","0,72","0,60","0,78","0,84",A,1.99,1.99,"Phân tích cây biến cố (Event Tree): Xác định hai kịch bản dẫn đến kết quả tích cực: (1) Thành công cả hai giai đoạn chính; (2) Giai đoạn 1 thành công, giai đoạn 2 thất bại nhưng phác đồ cứu trợ thành công.","Vì các giai đoạn và phác đồ kế tiếp rời nhau về mặt điều kiện, hãy tính xác suất từng nhánh rồi áp dụng quy tắc cộng: $P = 0{,}8 \times 0{,}75 + 0{,}8 \times (1 - 0{,}75) \times 0{,}6$."
PROB_CREAT_058,Kinh te Tai chinh,SKILL_OPTIMAL_DECISION,SangTao,VanDungCao,"Một quỹ đầu tư mạo hiểm đánh giá hai dự án công nghệ $X$ và $Y$ độc lập. Xác suất thành công thương mại của $X$ là $0{,}6$ mang lại lợi nhuận kỳ vọng $+10$ tỷ đồng (nếu thất bại lỗ $-4$ tỷ); của $Y$ là $0{,}7$ mang lại $+8$ tỷ đồng (nếu thất bại lỗ $-5$ tỷ). Quỹ quyết định đầu tư đồng thời cả hai dự án. Xác suất để quỹ rơi vào tình trạng thua lỗ ròng (tổng lợi nhuận hai dự án âm) là bao nhiêu?","0,12","0,18","0,28","0,34",A,2.22,2.33,"Hãy lập bảng phân phối 4 kịch bản kết hợp giữa hai dự án: (X thắng, Y thắng), (X thắng, Y thua), (X thua, Y thắng), (X thua, Y thua) kèm theo tổng lợi nhuận số học tương ứng.","Kiểm tra xem kịch bản nào cho tổng lợi nhuận âm: Chỉ có kịch bản (X thua, Y thua) cho lợi nhuận $(-4) + (-5) = -9$ tỷ. (Trường hợp X thua, Y thắng cho $(-4) + 8 = +4 > 0$). Từ đó tính xác suất nhánh thỏa mãn."
PROB_CREAT_059,He thong Phong thu - An ninh,SKILL_DEFENSE_MODEL,SangTao,VanDungCao,"Một hệ thống phòng không tự động phân tầng có hai lớp phòng thủ độc lập $T_1$ (tầm xa) và $T_2$ (tầm gần). Xác suất tầng $T_1$ bắn hạ được mục tiêu xâm nhập là $0{,}85$. Nếu $T_1$ trượt, tầng $T_2$ tự động kích hoạt với xác suất tiêu diệt mục tiêu là $0{,}70$. Để nâng cao hiệu quả phòng thủ, chỉ huy muốn xác suất tiêu diệt mục tiêu đạt tối thiểu $0{,}98$. Hỏi xác suất tiêu diệt của tầng $T_2$ cần nâng cấp lên tối thiểu là bao nhiêu nếu giữ nguyên tầng $T_1$?","0,867","0,800","0,920","0,750",A,1.79,2.67,"Biểu diễn xác suất hệ thống phòng thủ thất bại (cả hai tầng đều trượt) theo xác suất trúng của tầng 2 là $p_2$: $P(\text{Trượt toàn bộ}) = (1 - 0{,}85)(1 - p_2) = 0{,}15(1 - p_2)$.","Thiết lập bất phương trình theo yêu cầu hệ thống: Xác suất tiêu diệt thành công $1 - 0{,}15(1 - p_2) \ge 0{,}98 \iff 0{,}15(1 - p_2) \le 0{,}02$, từ đó giải tìm điều kiện ràng buộc của $p_2$."
PROB_CREAT_060,Khoa hoc Du lieu - Phat hien Gian lan,SKILL_FRAUD_DETECTION,SangTao,VanDungCao,"Một thuật toán ngân hàng số kết hợp hai mô hình học máy độc lập $M_1$ và $M_2$ để cảnh báo giao dịch gian lận. Khi có một giao dịch gian lận thực sự xảy ra, xác suất mô hình $M_1$ cảnh báo là $0{,}90$, của $M_2$ là $0{,}80$. Hệ thống cho phép chọn hai chế độ vận hành: Chế độ 'An toàn tối đa' (khóa thẻ nếu có ít nhất một mô hình báo động) và Chế độ 'Trải nghiệm mượt' (chỉ khóa thẻ khi cả hai mô hình cùng báo động). Chênh lệch xác suất khóa thẻ chính xác giữa hai chế độ đối với một giao dịch gian lận là bao nhiêu?","0,26","0,18","0,72","0,98",A,2.02,1.91,"Tính xác suất khóa thẻ ở Chế độ 1 (ít nhất một mô hình báo động) bằng biến cố đối: $P_1 = 1 - (1 - 0{,}90)(1 - 0{,}80)$.","Tính xác suất khóa thẻ ở Chế độ 2 (cả hai mô hình cùng báo động) bằng quy tắc nhân: $P_2 = 0{,}90 \times 0{,}80$. Sau đó lấy hiệu số $P_1 - P_2$."
PROB_CREAT_061,Toi uu hoa He thong,SKILL_OPTIMAL_DECISION,SangTao,VanDungCao,"Một hệ thống truyền tin gồm $3$ kênh song song độc lập, mỗi kênh có xác suất truyền lỗi là $p \in (0, 1)$. Trong điều kiện chi phí tương đương, kỹ sư cân nhắc hai phương án nâng cấp: Phương án 1 thêm một kênh dự phòng song song thứ 4 (xác suất lỗi $p$); Phương án 2 áp dụng thuật toán lọc nhiễu nâng cao giúp giảm xác suất lỗi của một kênh xuống còn $\frac{1}{2}p$. Phương án nào tối ưu hơn để giảm thiểu nguy cơ toàn bộ hệ thống bị gián đoạn cùng lúc?",Phương án 1 (thêm kênh song song thứ 4),Phương án 2 (giảm một nửa xác suất lỗi của 1 kênh),Cả hai phương án mang lại độ an toàn tương đương nhau với mọi $p$,"Phương án 1 tối ưu hơn khi $p > 0{,}5$, ngược lại Phương án 2 tối ưu hơn khi $p < 0{,}5$",D,2.25,2.25,Hãy biểu diễn xác suất gián đoạn toàn bộ hệ thống (tất cả các kênh cùng gặp lỗi) theo $p$: Phương án 1 là $P_1 = p^4$; Phương án 2 là $P_2 = \frac{1}{2}p \cdot p^2 = \frac{1}{2}p^3$.,"Lập hiệu số $P_1 - P_2 = p^3(p - 0{,}5)$ và xét dấu trong khoảng $p \in (0, 1)$ để rút ra kết luận lựa chọn chiến lược tối ưu."
PROB_CREAT_062,Y sinh hoc - Thiet ke Thi nghiem,SKILL_CLINICAL_TRIAL,SangTao,VanDungCao,"Một phác đồ điều trị thử nghiệm gồm hai giai đoạn độc lập: Giai đoạn 1 kiểm tra độ an toàn trên nhóm nguy cơ cao với xác suất đạt là $0{,}8$; Giai đoạn 2 kiểm tra hiệu lực bảo vệ với xác suất đạt là $0{,}75$. Nếu giai đoạn 1 thất bại, phác đồ bị dừng ngay. Nếu giai đoạn 1 thành công nhưng giai đoạn 2 thất bại, bệnh nhân được chuyển sang phác đồ cứu trợ có xác suất hồi phục $0{,}6$. Xác suất để một bệnh nhân đạt kết quả điều trị tích cực (thành công ở cả 2 giai đoạn hoặc hồi phục nhờ phác đồ cứu trợ) là bao nhiêu?","0,72","0,60","0,78","0,84",A,1.82,2.59,"Phân tích cây biến cố (Event Tree): Xác định hai kịch bản dẫn đến kết quả tích cực: (1) Thành công cả hai giai đoạn chính; (2) Giai đoạn 1 thành công, giai đoạn 2 thất bại nhưng phác đồ cứu trợ thành công.","Vì các giai đoạn và phác đồ kế tiếp rời nhau về mặt điều kiện, hãy tính xác suất từng nhánh rồi áp dụng quy tắc cộng: $P = 0{,}8 \times 0{,}75 + 0{,}8 \times (1 - 0{,}75) \times 0{,}6$."
PROB_CREAT_063,Kinh te Tai chinh,SKILL_OPTIMAL_DECISION,SangTao,VanDungCao,"Một quỹ đầu tư mạo hiểm đánh giá hai dự án công nghệ $X$ và $Y$ độc lập. Xác suất thành công thương mại của $X$ là $0{,}6$ mang lại lợi nhuận kỳ vọng $+10$ tỷ đồng (nếu thất bại lỗ $-4$ tỷ); của $Y$ là $0{,}7$ mang lại $+8$ tỷ đồng (nếu thất bại lỗ $-5$ tỷ). Quỹ quyết định đầu tư đồng thời cả hai dự án. Xác suất để quỹ rơi vào tình trạng thua lỗ ròng (tổng lợi nhuận hai dự án âm) là bao nhiêu?","0,12","0,18","0,28","0,34",A,2.05,1.83,"Hãy lập bảng phân phối 4 kịch bản kết hợp giữa hai dự án: (X thắng, Y thắng), (X thắng, Y thua), (X thua, Y thắng), (X thua, Y thua) kèm theo tổng lợi nhuận số học tương ứng.","Kiểm tra xem kịch bản nào cho tổng lợi nhuận âm: Chỉ có kịch bản (X thua, Y thua) cho lợi nhuận $(-4) + (-5) = -9$ tỷ. (Trường hợp X thua, Y thắng cho $(-4) + 8 = +4 > 0$). Từ đó tính xác suất nhánh thỏa mãn."
PROB_CREAT_064,He thong Phong thu - An ninh,SKILL_DEFENSE_MODEL,SangTao,VanDungCao,"Một hệ thống phòng không tự động phân tầng có hai lớp phòng thủ độc lập $T_1$ (tầm xa) và $T_2$ (tầm gần). Xác suất tầng $T_1$ bắn hạ được mục tiêu xâm nhập là $0{,}85$. Nếu $T_1$ trượt, tầng $T_2$ tự động kích hoạt với xác suất tiêu diệt mục tiêu là $0{,}70$. Để nâng cao hiệu quả phòng thủ, chỉ huy muốn xác suất tiêu diệt mục tiêu đạt tối thiểu $0{,}98$. Hỏi xác suất tiêu diệt của tầng $T_2$ cần nâng cấp lên tối thiểu là bao nhiêu nếu giữ nguyên tầng $T_1$?","0,867","0,800","0,920","0,750",A,2.28,2.17,"Biểu diễn xác suất hệ thống phòng thủ thất bại (cả hai tầng đều trượt) theo xác suất trúng của tầng 2 là $p_2$: $P(\text{Trượt toàn bộ}) = (1 - 0{,}85)(1 - p_2) = 0{,}15(1 - p_2)$.","Thiết lập bất phương trình theo yêu cầu hệ thống: Xác suất tiêu diệt thành công $1 - 0{,}15(1 - p_2) \ge 0{,}98 \iff 0{,}15(1 - p_2) \le 0{,}02$, từ đó giải tìm điều kiện ràng buộc của $p_2$."
PROB_CREAT_065,Khoa hoc Du lieu - Phat hien Gian lan,SKILL_FRAUD_DETECTION,SangTao,VanDungCao,"Một thuật toán ngân hàng số kết hợp hai mô hình học máy độc lập $M_1$ và $M_2$ để cảnh báo giao dịch gian lận. Khi có một giao dịch gian lận thực sự xảy ra, xác suất mô hình $M_1$ cảnh báo là $0{,}90$, của $M_2$ là $0{,}80$. Hệ thống cho phép chọn hai chế độ vận hành: Chế độ 'An toàn tối đa' (khóa thẻ nếu có ít nhất một mô hình báo động) và Chế độ 'Trải nghiệm mượt' (chỉ khóa thẻ khi cả hai mô hình cùng báo động). Chênh lệch xác suất khóa thẻ chính xác giữa hai chế độ đối với một giao dịch gian lận là bao nhiêu?","0,26","0,18","0,72","0,98",A,1.85,2.51,"Tính xác suất khóa thẻ ở Chế độ 1 (ít nhất một mô hình báo động) bằng biến cố đối: $P_1 = 1 - (1 - 0{,}90)(1 - 0{,}80)$.","Tính xác suất khóa thẻ ở Chế độ 2 (cả hai mô hình cùng báo động) bằng quy tắc nhân: $P_2 = 0{,}90 \times 0{,}80$. Sau đó lấy hiệu số $P_1 - P_2$."
PROB_CREAT_066,Toi uu hoa He thong,SKILL_OPTIMAL_DECISION,SangTao,VanDungCao,"Một hệ thống truyền tin gồm $3$ kênh song song độc lập, mỗi kênh có xác suất truyền lỗi là $p \in (0, 1)$. Trong điều kiện chi phí tương đương, kỹ sư cân nhắc hai phương án nâng cấp: Phương án 1 thêm một kênh dự phòng song song thứ 4 (xác suất lỗi $p$); Phương án 2 áp dụng thuật toán lọc nhiễu nâng cao giúp giảm xác suất lỗi của một kênh xuống còn $\frac{1}{2}p$. Phương án nào tối ưu hơn để giảm thiểu nguy cơ toàn bộ hệ thống bị gián đoạn cùng lúc?",Phương án 1 (thêm kênh song song thứ 4),Phương án 2 (giảm một nửa xác suất lỗi của 1 kênh),Cả hai phương án mang lại độ an toàn tương đương nhau với mọi $p$,"Phương án 1 tối ưu hơn khi $p > 0{,}5$, ngược lại Phương án 2 tối ưu hơn khi $p < 0{,}5$",D,2.08,1.75,Hãy biểu diễn xác suất gián đoạn toàn bộ hệ thống (tất cả các kênh cùng gặp lỗi) theo $p$: Phương án 1 là $P_1 = p^4$; Phương án 2 là $P_2 = \frac{1}{2}p \cdot p^2 = \frac{1}{2}p^3$.,"Lập hiệu số $P_1 - P_2 = p^3(p - 0{,}5)$ và xét dấu trong khoảng $p \in (0, 1)$ để rút ra kết luận lựa chọn chiến lược tối ưu."
PROB_CREAT_067,Y sinh hoc - Thiet ke Thi nghiem,SKILL_CLINICAL_TRIAL,SangTao,VanDungCao,"Một phác đồ điều trị thử nghiệm gồm hai giai đoạn độc lập: Giai đoạn 1 kiểm tra độ an toàn trên nhóm nguy cơ cao với xác suất đạt là $0{,}8$; Giai đoạn 2 kiểm tra hiệu lực bảo vệ với xác suất đạt là $0{,}75$. Nếu giai đoạn 1 thất bại, phác đồ bị dừng ngay. Nếu giai đoạn 1 thành công nhưng giai đoạn 2 thất bại, bệnh nhân được chuyển sang phác đồ cứu trợ có xác suất hồi phục $0{,}6$. Xác suất để một bệnh nhân đạt kết quả điều trị tích cực (thành công ở cả 2 giai đoạn hoặc hồi phục nhờ phác đồ cứu trợ) là bao nhiêu?","0,72","0,60","0,78","0,84",A,1.65,2.09,"Phân tích cây biến cố (Event Tree): Xác định hai kịch bản dẫn đến kết quả tích cực: (1) Thành công cả hai giai đoạn chính; (2) Giai đoạn 1 thành công, giai đoạn 2 thất bại nhưng phác đồ cứu trợ thành công.","Vì các giai đoạn và phác đồ kế tiếp rời nhau về mặt điều kiện, hãy tính xác suất từng nhánh rồi áp dụng quy tắc cộng: $P = 0{,}8 \times 0{,}75 + 0{,}8 \times (1 - 0{,}75) \times 0{,}6$."
PROB_CREAT_068,Kinh te Tai chinh,SKILL_OPTIMAL_DECISION,SangTao,VanDungCao,"Một quỹ đầu tư mạo hiểm đánh giá hai dự án công nghệ $X$ và $Y$ độc lập. Xác suất thành công thương mại của $X$ là $0{,}6$ mang lại lợi nhuận kỳ vọng $+10$ tỷ đồng (nếu thất bại lỗ $-4$ tỷ); của $Y$ là $0{,}7$ mang lại $+8$ tỷ đồng (nếu thất bại lỗ $-5$ tỷ). Quỹ quyết định đầu tư đồng thời cả hai dự án. Xác suất để quỹ rơi vào tình trạng thua lỗ ròng (tổng lợi nhuận hai dự án âm) là bao nhiêu?","0,12","0,18","0,28","0,34",A,1.88,2.43,"Hãy lập bảng phân phối 4 kịch bản kết hợp giữa hai dự án: (X thắng, Y thắng), (X thắng, Y thua), (X thua, Y thắng), (X thua, Y thua) kèm theo tổng lợi nhuận số học tương ứng.","Kiểm tra xem kịch bản nào cho tổng lợi nhuận âm: Chỉ có kịch bản (X thua, Y thua) cho lợi nhuận $(-4) + (-5) = -9$ tỷ. (Trường hợp X thua, Y thắng cho $(-4) + 8 = +4 > 0$). Từ đó tính xác suất nhánh thỏa mãn."
PROB_CREAT_069,He thong Phong thu - An ninh,SKILL_DEFENSE_MODEL,SangTao,VanDungCao,"Một hệ thống phòng không tự động phân tầng có hai lớp phòng thủ độc lập $T_1$ (tầm xa) và $T_2$ (tầm gần). Xác suất tầng $T_1$ bắn hạ được mục tiêu xâm nhập là $0{,}85$. Nếu $T_1$ trượt, tầng $T_2$ tự động kích hoạt với xác suất tiêu diệt mục tiêu là $0{,}70$. Để nâng cao hiệu quả phòng thủ, chỉ huy muốn xác suất tiêu diệt mục tiêu đạt tối thiểu $0{,}98$. Hỏi xác suất tiêu diệt của tầng $T_2$ cần nâng cấp lên tối thiểu là bao nhiêu nếu giữ nguyên tầng $T_1$?","0,867","0,800","0,920","0,750",A,2.11,1.67,"Biểu diễn xác suất hệ thống phòng thủ thất bại (cả hai tầng đều trượt) theo xác suất trúng của tầng 2 là $p_2$: $P(\text{Trượt toàn bộ}) = (1 - 0{,}85)(1 - p_2) = 0{,}15(1 - p_2)$.","Thiết lập bất phương trình theo yêu cầu hệ thống: Xác suất tiêu diệt thành công $1 - 0{,}15(1 - p_2) \ge 0{,}98 \iff 0{,}15(1 - p_2) \le 0{,}02$, từ đó giải tìm điều kiện ràng buộc của $p_2$."
PROB_CREAT_070,Khoa hoc Du lieu - Phat hien Gian lan,SKILL_FRAUD_DETECTION,SangTao,VanDungCao,"Một thuật toán ngân hàng số kết hợp hai mô hình học máy độc lập $M_1$ và $M_2$ để cảnh báo giao dịch gian lận. Khi có một giao dịch gian lận thực sự xảy ra, xác suất mô hình $M_1$ cảnh báo là $0{,}90$, của $M_2$ là $0{,}80$. Hệ thống cho phép chọn hai chế độ vận hành: Chế độ 'An toàn tối đa' (khóa thẻ nếu có ít nhất một mô hình báo động) và Chế độ 'Trải nghiệm mượt' (chỉ khóa thẻ khi cả hai mô hình cùng báo động). Chênh lệch xác suất khóa thẻ chính xác giữa hai chế độ đối với một giao dịch gian lận là bao nhiêu?","0,26","0,18","0,72","0,98",A,1.68,2.01,"Tính xác suất khóa thẻ ở Chế độ 1 (ít nhất một mô hình báo động) bằng biến cố đối: $P_1 = 1 - (1 - 0{,}90)(1 - 0{,}80)$.","Tính xác suất khóa thẻ ở Chế độ 2 (cả hai mô hình cùng báo động) bằng quy tắc nhân: $P_2 = 0{,}90 \times 0{,}80$. Sau đó lấy hiệu số $P_1 - P_2$."
PROB_CREAT_071,Toi uu hoa He thong,SKILL_OPTIMAL_DECISION,SangTao,VanDungCao,"Một hệ thống truyền tin gồm $3$ kênh song song độc lập, mỗi kênh có xác suất truyền lỗi là $p \in (0, 1)$. Trong điều kiện chi phí tương đương, kỹ sư cân nhắc hai phương án nâng cấp: Phương án 1 thêm một kênh dự phòng song song thứ 4 (xác suất lỗi $p$); Phương án 2 áp dụng thuật toán lọc nhiễu nâng cao giúp giảm xác suất lỗi của một kênh xuống còn $\frac{1}{2}p$. Phương án nào tối ưu hơn để giảm thiểu nguy cơ toàn bộ hệ thống bị gián đoạn cùng lúc?",Phương án 1 (thêm kênh song song thứ 4),Phương án 2 (giảm một nửa xác suất lỗi của 1 kênh),Cả hai phương án mang lại độ an toàn tương đương nhau với mọi $p$,"Phương án 1 tối ưu hơn khi $p > 0{,}5$, ngược lại Phương án 2 tối ưu hơn khi $p < 0{,}5$",D,1.91,2.35,Hãy biểu diễn xác suất gián đoạn toàn bộ hệ thống (tất cả các kênh cùng gặp lỗi) theo $p$: Phương án 1 là $P_1 = p^4$; Phương án 2 là $P_2 = \frac{1}{2}p \cdot p^2 = \frac{1}{2}p^3$.,"Lập hiệu số $P_1 - P_2 = p^3(p - 0{,}5)$ và xét dấu trong khoảng $p \in (0, 1)$ để rút ra kết luận lựa chọn chiến lược tối ưu."
PROB_CREAT_072,Y sinh hoc - Thiet ke Thi nghiem,SKILL_CLINICAL_TRIAL,SangTao,VanDungCao,"Một phác đồ điều trị thử nghiệm gồm hai giai đoạn độc lập: Giai đoạn 1 kiểm tra độ an toàn trên nhóm nguy cơ cao với xác suất đạt là $0{,}8$; Giai đoạn 2 kiểm tra hiệu lực bảo vệ với xác suất đạt là $0{,}75$. Nếu giai đoạn 1 thất bại, phác đồ bị dừng ngay. Nếu giai đoạn 1 thành công nhưng giai đoạn 2 thất bại, bệnh nhân được chuyển sang phác đồ cứu trợ có xác suất hồi phục $0{,}6$. Xác suất để một bệnh nhân đạt kết quả điều trị tích cực (thành công ở cả 2 giai đoạn hoặc hồi phục nhờ phác đồ cứu trợ) là bao nhiêu?","0,72","0,60","0,78","0,84",A,2.14,2.69,"Phân tích cây biến cố (Event Tree): Xác định hai kịch bản dẫn đến kết quả tích cực: (1) Thành công cả hai giai đoạn chính; (2) Giai đoạn 1 thành công, giai đoạn 2 thất bại nhưng phác đồ cứu trợ thành công.","Vì các giai đoạn và phác đồ kế tiếp rời nhau về mặt điều kiện, hãy tính xác suất từng nhánh rồi áp dụng quy tắc cộng: $P = 0{,}8 \times 0{,}75 + 0{,}8 \times (1 - 0{,}75) \times 0{,}6$."
PROB_CREAT_073,Kinh te Tai chinh,SKILL_OPTIMAL_DECISION,SangTao,VanDungCao,"Một quỹ đầu tư mạo hiểm đánh giá hai dự án công nghệ $X$ và $Y$ độc lập. Xác suất thành công thương mại của $X$ là $0{,}6$ mang lại lợi nhuận kỳ vọng $+10$ tỷ đồng (nếu thất bại lỗ $-4$ tỷ); của $Y$ là $0{,}7$ mang lại $+8$ tỷ đồng (nếu thất bại lỗ $-5$ tỷ). Quỹ quyết định đầu tư đồng thời cả hai dự án. Xác suất để quỹ rơi vào tình trạng thua lỗ ròng (tổng lợi nhuận hai dự án âm) là bao nhiêu?","0,12","0,18","0,28","0,34",A,1.71,1.93,"Hãy lập bảng phân phối 4 kịch bản kết hợp giữa hai dự án: (X thắng, Y thắng), (X thắng, Y thua), (X thua, Y thắng), (X thua, Y thua) kèm theo tổng lợi nhuận số học tương ứng.","Kiểm tra xem kịch bản nào cho tổng lợi nhuận âm: Chỉ có kịch bản (X thua, Y thua) cho lợi nhuận $(-4) + (-5) = -9$ tỷ. (Trường hợp X thua, Y thắng cho $(-4) + 8 = +4 > 0$). Từ đó tính xác suất nhánh thỏa mãn."
PROB_CREAT_074,He thong Phong thu - An ninh,SKILL_DEFENSE_MODEL,SangTao,VanDungCao,"Một hệ thống phòng không tự động phân tầng có hai lớp phòng thủ độc lập $T_1$ (tầm xa) và $T_2$ (tầm gần). Xác suất tầng $T_1$ bắn hạ được mục tiêu xâm nhập là $0{,}85$. Nếu $T_1$ trượt, tầng $T_2$ tự động kích hoạt với xác suất tiêu diệt mục tiêu là $0{,}70$. Để nâng cao hiệu quả phòng thủ, chỉ huy muốn xác suất tiêu diệt mục tiêu đạt tối thiểu $0{,}98$. Hỏi xác suất tiêu diệt của tầng $T_2$ cần nâng cấp lên tối thiểu là bao nhiêu nếu giữ nguyên tầng $T_1$?","0,867","0,800","0,920","0,750",A,1.94,2.27,"Biểu diễn xác suất hệ thống phòng thủ thất bại (cả hai tầng đều trượt) theo xác suất trúng của tầng 2 là $p_2$: $P(\text{Trượt toàn bộ}) = (1 - 0{,}85)(1 - p_2) = 0{,}15(1 - p_2)$.","Thiết lập bất phương trình theo yêu cầu hệ thống: Xác suất tiêu diệt thành công $1 - 0{,}15(1 - p_2) \ge 0{,}98 \iff 0{,}15(1 - p_2) \le 0{,}02$, từ đó giải tìm điều kiện ràng buộc của $p_2$."
PROB_CREAT_075,Khoa hoc Du lieu - Phat hien Gian lan,SKILL_FRAUD_DETECTION,SangTao,VanDungCao,"Một thuật toán ngân hàng số kết hợp hai mô hình học máy độc lập $M_1$ và $M_2$ để cảnh báo giao dịch gian lận. Khi có một giao dịch gian lận thực sự xảy ra, xác suất mô hình $M_1$ cảnh báo là $0{,}90$, của $M_2$ là $0{,}80$. Hệ thống cho phép chọn hai chế độ vận hành: Chế độ 'An toàn tối đa' (khóa thẻ nếu có ít nhất một mô hình báo động) và Chế độ 'Trải nghiệm mượt' (chỉ khóa thẻ khi cả hai mô hình cùng báo động). Chênh lệch xác suất khóa thẻ chính xác giữa hai chế độ đối với một giao dịch gian lận là bao nhiêu?","0,26","0,18","0,72","0,98",A,2.17,2.61,"Tính xác suất khóa thẻ ở Chế độ 1 (ít nhất một mô hình báo động) bằng biến cố đối: $P_1 = 1 - (1 - 0{,}90)(1 - 0{,}80)$.","Tính xác suất khóa thẻ ở Chế độ 2 (cả hai mô hình cùng báo động) bằng quy tắc nhân: $P_2 = 0{,}90 \times 0{,}80$. Sau đó lấy hiệu số $P_1 - P_2$."
PROB_CREAT_076,Toi uu hoa He thong,SKILL_OPTIMAL_DECISION,SangTao,VanDungCao,"Một hệ thống truyền tin gồm $3$ kênh song song độc lập, mỗi kênh có xác suất truyền lỗi là $p \in (0, 1)$. Trong điều kiện chi phí tương đương, kỹ sư cân nhắc hai phương án nâng cấp: Phương án 1 thêm một kênh dự phòng song song thứ 4 (xác suất lỗi $p$); Phương án 2 áp dụng thuật toán lọc nhiễu nâng cao giúp giảm xác suất lỗi của một kênh xuống còn $\frac{1}{2}p$. Phương án nào tối ưu hơn để giảm thiểu nguy cơ toàn bộ hệ thống bị gián đoạn cùng lúc?",Phương án 1 (thêm kênh song song thứ 4),Phương án 2 (giảm một nửa xác suất lỗi của 1 kênh),Cả hai phương án mang lại độ an toàn tương đương nhau với mọi $p$,"Phương án 1 tối ưu hơn khi $p > 0{,}5$, ngược lại Phương án 2 tối ưu hơn khi $p < 0{,}5$",D,1.74,1.85,Hãy biểu diễn xác suất gián đoạn toàn bộ hệ thống (tất cả các kênh cùng gặp lỗi) theo $p$: Phương án 1 là $P_1 = p^4$; Phương án 2 là $P_2 = \frac{1}{2}p \cdot p^2 = \frac{1}{2}p^3$.,"Lập hiệu số $P_1 - P_2 = p^3(p - 0{,}5)$ và xét dấu trong khoảng $p \in (0, 1)$ để rút ra kết luận lựa chọn chiến lược tối ưu."
PROB_CREAT_077,Y sinh hoc - Thiet ke Thi nghiem,SKILL_CLINICAL_TRIAL,SangTao,VanDungCao,"Một phác đồ điều trị thử nghiệm gồm hai giai đoạn độc lập: Giai đoạn 1 kiểm tra độ an toàn trên nhóm nguy cơ cao với xác suất đạt là $0{,}8$; Giai đoạn 2 kiểm tra hiệu lực bảo vệ với xác suất đạt là $0{,}75$. Nếu giai đoạn 1 thất bại, phác đồ bị dừng ngay. Nếu giai đoạn 1 thành công nhưng giai đoạn 2 thất bại, bệnh nhân được chuyển sang phác đồ cứu trợ có xác suất hồi phục $0{,}6$. Xác suất để một bệnh nhân đạt kết quả điều trị tích cực (thành công ở cả 2 giai đoạn hoặc hồi phục nhờ phác đồ cứu trợ) là bao nhiêu?","0,72","0,60","0,78","0,84",A,1.97,2.19,"Phân tích cây biến cố (Event Tree): Xác định hai kịch bản dẫn đến kết quả tích cực: (1) Thành công cả hai giai đoạn chính; (2) Giai đoạn 1 thành công, giai đoạn 2 thất bại nhưng phác đồ cứu trợ thành công.","Vì các giai đoạn và phác đồ kế tiếp rời nhau về mặt điều kiện, hãy tính xác suất từng nhánh rồi áp dụng quy tắc cộng: $P = 0{,}8 \times 0{,}75 + 0{,}8 \times (1 - 0{,}75) \times 0{,}6$."
PROB_CREAT_078,Kinh te Tai chinh,SKILL_OPTIMAL_DECISION,SangTao,VanDungCao,"Một quỹ đầu tư mạo hiểm đánh giá hai dự án công nghệ $X$ và $Y$ độc lập. Xác suất thành công thương mại của $X$ là $0{,}6$ mang lại lợi nhuận kỳ vọng $+10$ tỷ đồng (nếu thất bại lỗ $-4$ tỷ); của $Y$ là $0{,}7$ mang lại $+8$ tỷ đồng (nếu thất bại lỗ $-5$ tỷ). Quỹ quyết định đầu tư đồng thời cả hai dự án. Xác suất để quỹ rơi vào tình trạng thua lỗ ròng (tổng lợi nhuận hai dự án âm) là bao nhiêu?","0,12","0,18","0,28","0,34",A,2.2,2.53,"Hãy lập bảng phân phối 4 kịch bản kết hợp giữa hai dự án: (X thắng, Y thắng), (X thắng, Y thua), (X thua, Y thắng), (X thua, Y thua) kèm theo tổng lợi nhuận số học tương ứng.","Kiểm tra xem kịch bản nào cho tổng lợi nhuận âm: Chỉ có kịch bản (X thua, Y thua) cho lợi nhuận $(-4) + (-5) = -9$ tỷ. (Trường hợp X thua, Y thắng cho $(-4) + 8 = +4 > 0$). Từ đó tính xác suất nhánh thỏa mãn."
PROB_CREAT_079,He thong Phong thu - An ninh,SKILL_DEFENSE_MODEL,SangTao,VanDungCao,"Một hệ thống phòng không tự động phân tầng có hai lớp phòng thủ độc lập $T_1$ (tầm xa) và $T_2$ (tầm gần). Xác suất tầng $T_1$ bắn hạ được mục tiêu xâm nhập là $0{,}85$. Nếu $T_1$ trượt, tầng $T_2$ tự động kích hoạt với xác suất tiêu diệt mục tiêu là $0{,}70$. Để nâng cao hiệu quả phòng thủ, chỉ huy muốn xác suất tiêu diệt mục tiêu đạt tối thiểu $0{,}98$. Hỏi xác suất tiêu diệt của tầng $T_2$ cần nâng cấp lên tối thiểu là bao nhiêu nếu giữ nguyên tầng $T_1$?","0,867","0,800","0,920","0,750",A,1.77,1.77,"Biểu diễn xác suất hệ thống phòng thủ thất bại (cả hai tầng đều trượt) theo xác suất trúng của tầng 2 là $p_2$: $P(\text{Trượt toàn bộ}) = (1 - 0{,}85)(1 - p_2) = 0{,}15(1 - p_2)$.","Thiết lập bất phương trình theo yêu cầu hệ thống: Xác suất tiêu diệt thành công $1 - 0{,}15(1 - p_2) \ge 0{,}98 \iff 0{,}15(1 - p_2) \le 0{,}02$, từ đó giải tìm điều kiện ràng buộc của $p_2$."
PROB_CREAT_080,Khoa hoc Du lieu - Phat hien Gian lan,SKILL_FRAUD_DETECTION,SangTao,VanDungCao,"Một thuật toán ngân hàng số kết hợp hai mô hình học máy độc lập $M_1$ và $M_2$ để cảnh báo giao dịch gian lận. Khi có một giao dịch gian lận thực sự xảy ra, xác suất mô hình $M_1$ cảnh báo là $0{,}90$, của $M_2$ là $0{,}80$. Hệ thống cho phép chọn hai chế độ vận hành: Chế độ 'An toàn tối đa' (khóa thẻ nếu có ít nhất một mô hình báo động) và Chế độ 'Trải nghiệm mượt' (chỉ khóa thẻ khi cả hai mô hình cùng báo động). Chênh lệch xác suất khóa thẻ chính xác giữa hai chế độ đối với một giao dịch gian lận là bao nhiêu?","0,26","0,18","0,72","0,98",A,2.0,2.11,"Tính xác suất khóa thẻ ở Chế độ 1 (ít nhất một mô hình báo động) bằng biến cố đối: $P_1 = 1 - (1 - 0{,}90)(1 - 0{,}80)$.","Tính xác suất khóa thẻ ở Chế độ 2 (cả hai mô hình cùng báo động) bằng quy tắc nhân: $P_2 = 0{,}90 \times 0{,}80$. Sau đó lấy hiệu số $P_1 - P_2$."
PROB_CREAT_081,Toi uu hoa He thong,SKILL_OPTIMAL_DECISION,SangTao,VanDungCao,"Một hệ thống truyền tin gồm $3$ kênh song song độc lập, mỗi kênh có xác suất truyền lỗi là $p \in (0, 1)$. Trong điều kiện chi phí tương đương, kỹ sư cân nhắc hai phương án nâng cấp: Phương án 1 thêm một kênh dự phòng song song thứ 4 (xác suất lỗi $p$); Phương án 2 áp dụng thuật toán lọc nhiễu nâng cao giúp giảm xác suất lỗi của một kênh xuống còn $\frac{1}{2}p$. Phương án nào tối ưu hơn để giảm thiểu nguy cơ toàn bộ hệ thống bị gián đoạn cùng lúc?",Phương án 1 (thêm kênh song song thứ 4),Phương án 2 (giảm một nửa xác suất lỗi của 1 kênh),Cả hai phương án mang lại độ an toàn tương đương nhau với mọi $p$,"Phương án 1 tối ưu hơn khi $p > 0{,}5$, ngược lại Phương án 2 tối ưu hơn khi $p < 0{,}5$",D,2.23,2.45,Hãy biểu diễn xác suất gián đoạn toàn bộ hệ thống (tất cả các kênh cùng gặp lỗi) theo $p$: Phương án 1 là $P_1 = p^4$; Phương án 2 là $P_2 = \frac{1}{2}p \cdot p^2 = \frac{1}{2}p^3$.,"Lập hiệu số $P_1 - P_2 = p^3(p - 0{,}5)$ và xét dấu trong khoảng $p \in (0, 1)$ để rút ra kết luận lựa chọn chiến lược tối ưu."
PROB_CREAT_082,Y sinh hoc - Thiet ke Thi nghiem,SKILL_CLINICAL_TRIAL,SangTao,VanDungCao,"Một phác đồ điều trị thử nghiệm gồm hai giai đoạn độc lập: Giai đoạn 1 kiểm tra độ an toàn trên nhóm nguy cơ cao với xác suất đạt là $0{,}8$; Giai đoạn 2 kiểm tra hiệu lực bảo vệ với xác suất đạt là $0{,}75$. Nếu giai đoạn 1 thất bại, phác đồ bị dừng ngay. Nếu giai đoạn 1 thành công nhưng giai đoạn 2 thất bại, bệnh nhân được chuyển sang phác đồ cứu trợ có xác suất hồi phục $0{,}6$. Xác suất để một bệnh nhân đạt kết quả điều trị tích cực (thành công ở cả 2 giai đoạn hoặc hồi phục nhờ phác đồ cứu trợ) là bao nhiêu?","0,72","0,60","0,78","0,84",A,1.8,1.69,"Phân tích cây biến cố (Event Tree): Xác định hai kịch bản dẫn đến kết quả tích cực: (1) Thành công cả hai giai đoạn chính; (2) Giai đoạn 1 thành công, giai đoạn 2 thất bại nhưng phác đồ cứu trợ thành công.","Vì các giai đoạn và phác đồ kế tiếp rời nhau về mặt điều kiện, hãy tính xác suất từng nhánh rồi áp dụng quy tắc cộng: $P = 0{,}8 \times 0{,}75 + 0{,}8 \times (1 - 0{,}75) \times 0{,}6$."
PROB_CREAT_083,Kinh te Tai chinh,SKILL_OPTIMAL_DECISION,SangTao,VanDungCao,"Một quỹ đầu tư mạo hiểm đánh giá hai dự án công nghệ $X$ và $Y$ độc lập. Xác suất thành công thương mại của $X$ là $0{,}6$ mang lại lợi nhuận kỳ vọng $+10$ tỷ đồng (nếu thất bại lỗ $-4$ tỷ); của $Y$ là $0{,}7$ mang lại $+8$ tỷ đồng (nếu thất bại lỗ $-5$ tỷ). Quỹ quyết định đầu tư đồng thời cả hai dự án. Xác suất để quỹ rơi vào tình trạng thua lỗ ròng (tổng lợi nhuận hai dự án âm) là bao nhiêu?","0,12","0,18","0,28","0,34",A,2.03,2.03,"Hãy lập bảng phân phối 4 kịch bản kết hợp giữa hai dự án: (X thắng, Y thắng), (X thắng, Y thua), (X thua, Y thắng), (X thua, Y thua) kèm theo tổng lợi nhuận số học tương ứng.","Kiểm tra xem kịch bản nào cho tổng lợi nhuận âm: Chỉ có kịch bản (X thua, Y thua) cho lợi nhuận $(-4) + (-5) = -9$ tỷ. (Trường hợp X thua, Y thắng cho $(-4) + 8 = +4 > 0$). Từ đó tính xác suất nhánh thỏa mãn."
PROB_CREAT_084,He thong Phong thu - An ninh,SKILL_DEFENSE_MODEL,SangTao,VanDungCao,"Một hệ thống phòng không tự động phân tầng có hai lớp phòng thủ độc lập $T_1$ (tầm xa) và $T_2$ (tầm gần). Xác suất tầng $T_1$ bắn hạ được mục tiêu xâm nhập là $0{,}85$. Nếu $T_1$ trượt, tầng $T_2$ tự động kích hoạt với xác suất tiêu diệt mục tiêu là $0{,}70$. Để nâng cao hiệu quả phòng thủ, chỉ huy muốn xác suất tiêu diệt mục tiêu đạt tối thiểu $0{,}98$. Hỏi xác suất tiêu diệt của tầng $T_2$ cần nâng cấp lên tối thiểu là bao nhiêu nếu giữ nguyên tầng $T_1$?","0,867","0,800","0,920","0,750",A,2.26,2.37,"Biểu diễn xác suất hệ thống phòng thủ thất bại (cả hai tầng đều trượt) theo xác suất trúng của tầng 2 là $p_2$: $P(\text{Trượt toàn bộ}) = (1 - 0{,}85)(1 - p_2) = 0{,}15(1 - p_2)$.","Thiết lập bất phương trình theo yêu cầu hệ thống: Xác suất tiêu diệt thành công $1 - 0{,}15(1 - p_2) \ge 0{,}98 \iff 0{,}15(1 - p_2) \le 0{,}02$, từ đó giải tìm điều kiện ràng buộc của $p_2$."
PROB_CREAT_085,Khoa hoc Du lieu - Phat hien Gian lan,SKILL_FRAUD_DETECTION,SangTao,VanDungCao,"Một thuật toán ngân hàng số kết hợp hai mô hình học máy độc lập $M_1$ và $M_2$ để cảnh báo giao dịch gian lận. Khi có một giao dịch gian lận thực sự xảy ra, xác suất mô hình $M_1$ cảnh báo là $0{,}90$, của $M_2$ là $0{,}80$. Hệ thống cho phép chọn hai chế độ vận hành: Chế độ 'An toàn tối đa' (khóa thẻ nếu có ít nhất một mô hình báo động) và Chế độ 'Trải nghiệm mượt' (chỉ khóa thẻ khi cả hai mô hình cùng báo động). Chênh lệch xác suất khóa thẻ chính xác giữa hai chế độ đối với một giao dịch gian lận là bao nhiêu?","0,26","0,18","0,72","0,98",A,1.83,2.71,"Tính xác suất khóa thẻ ở Chế độ 1 (ít nhất một mô hình báo động) bằng biến cố đối: $P_1 = 1 - (1 - 0{,}90)(1 - 0{,}80)$.","Tính xác suất khóa thẻ ở Chế độ 2 (cả hai mô hình cùng báo động) bằng quy tắc nhân: $P_2 = 0{,}90 \times 0{,}80$. Sau đó lấy hiệu số $P_1 - P_2$."
PROB_CREAT_086,Toi uu hoa He thong,SKILL_OPTIMAL_DECISION,SangTao,VanDungCao,"Một hệ thống truyền tin gồm $3$ kênh song song độc lập, mỗi kênh có xác suất truyền lỗi là $p \in (0, 1)$. Trong điều kiện chi phí tương đương, kỹ sư cân nhắc hai phương án nâng cấp: Phương án 1 thêm một kênh dự phòng song song thứ 4 (xác suất lỗi $p$); Phương án 2 áp dụng thuật toán lọc nhiễu nâng cao giúp giảm xác suất lỗi của một kênh xuống còn $\frac{1}{2}p$. Phương án nào tối ưu hơn để giảm thiểu nguy cơ toàn bộ hệ thống bị gián đoạn cùng lúc?",Phương án 1 (thêm kênh song song thứ 4),Phương án 2 (giảm một nửa xác suất lỗi của 1 kênh),Cả hai phương án mang lại độ an toàn tương đương nhau với mọi $p$,"Phương án 1 tối ưu hơn khi $p > 0{,}5$, ngược lại Phương án 2 tối ưu hơn khi $p < 0{,}5$",D,2.06,1.95,Hãy biểu diễn xác suất gián đoạn toàn bộ hệ thống (tất cả các kênh cùng gặp lỗi) theo $p$: Phương án 1 là $P_1 = p^4$; Phương án 2 là $P_2 = \frac{1}{2}p \cdot p^2 = \frac{1}{2}p^3$.,"Lập hiệu số $P_1 - P_2 = p^3(p - 0{,}5)$ và xét dấu trong khoảng $p \in (0, 1)$ để rút ra kết luận lựa chọn chiến lược tối ưu."
PROB_CREAT_087,Y sinh hoc - Thiet ke Thi nghiem,SKILL_CLINICAL_TRIAL,SangTao,VanDungCao,"Một phác đồ điều trị thử nghiệm gồm hai giai đoạn độc lập: Giai đoạn 1 kiểm tra độ an toàn trên nhóm nguy cơ cao với xác suất đạt là $0{,}8$; Giai đoạn 2 kiểm tra hiệu lực bảo vệ với xác suất đạt là $0{,}75$. Nếu giai đoạn 1 thất bại, phác đồ bị dừng ngay. Nếu giai đoạn 1 thành công nhưng giai đoạn 2 thất bại, bệnh nhân được chuyển sang phác đồ cứu trợ có xác suất hồi phục $0{,}6$. Xác suất để một bệnh nhân đạt kết quả điều trị tích cực (thành công ở cả 2 giai đoạn hoặc hồi phục nhờ phác đồ cứu trợ) là bao nhiêu?","0,72","0,60","0,78","0,84",A,2.29,2.29,"Phân tích cây biến cố (Event Tree): Xác định hai kịch bản dẫn đến kết quả tích cực: (1) Thành công cả hai giai đoạn chính; (2) Giai đoạn 1 thành công, giai đoạn 2 thất bại nhưng phác đồ cứu trợ thành công.","Vì các giai đoạn và phác đồ kế tiếp rời nhau về mặt điều kiện, hãy tính xác suất từng nhánh rồi áp dụng quy tắc cộng: $P = 0{,}8 \times 0{,}75 + 0{,}8 \times (1 - 0{,}75) \times 0{,}6$."
PROB_CREAT_088,Kinh te Tai chinh,SKILL_OPTIMAL_DECISION,SangTao,VanDungCao,"Một quỹ đầu tư mạo hiểm đánh giá hai dự án công nghệ $X$ và $Y$ độc lập. Xác suất thành công thương mại của $X$ là $0{,}6$ mang lại lợi nhuận kỳ vọng $+10$ tỷ đồng (nếu thất bại lỗ $-4$ tỷ); của $Y$ là $0{,}7$ mang lại $+8$ tỷ đồng (nếu thất bại lỗ $-5$ tỷ). Quỹ quyết định đầu tư đồng thời cả hai dự án. Xác suất để quỹ rơi vào tình trạng thua lỗ ròng (tổng lợi nhuận hai dự án âm) là bao nhiêu?","0,12","0,18","0,28","0,34",A,1.86,2.63,"Hãy lập bảng phân phối 4 kịch bản kết hợp giữa hai dự án: (X thắng, Y thắng), (X thắng, Y thua), (X thua, Y thắng), (X thua, Y thua) kèm theo tổng lợi nhuận số học tương ứng.","Kiểm tra xem kịch bản nào cho tổng lợi nhuận âm: Chỉ có kịch bản (X thua, Y thua) cho lợi nhuận $(-4) + (-5) = -9$ tỷ. (Trường hợp X thua, Y thắng cho $(-4) + 8 = +4 > 0$). Từ đó tính xác suất nhánh thỏa mãn."
PROB_CREAT_089,He thong Phong thu - An ninh,SKILL_DEFENSE_MODEL,SangTao,VanDungCao,"Một hệ thống phòng không tự động phân tầng có hai lớp phòng thủ độc lập $T_1$ (tầm xa) và $T_2$ (tầm gần). Xác suất tầng $T_1$ bắn hạ được mục tiêu xâm nhập là $0{,}85$. Nếu $T_1$ trượt, tầng $T_2$ tự động kích hoạt với xác suất tiêu diệt mục tiêu là $0{,}70$. Để nâng cao hiệu quả phòng thủ, chỉ huy muốn xác suất tiêu diệt mục tiêu đạt tối thiểu $0{,}98$. Hỏi xác suất tiêu diệt của tầng $T_2$ cần nâng cấp lên tối thiểu là bao nhiêu nếu giữ nguyên tầng $T_1$?","0,867","0,800","0,920","0,750",A,2.09,1.87,"Biểu diễn xác suất hệ thống phòng thủ thất bại (cả hai tầng đều trượt) theo xác suất trúng của tầng 2 là $p_2$: $P(\text{Trượt toàn bộ}) = (1 - 0{,}85)(1 - p_2) = 0{,}15(1 - p_2)$.","Thiết lập bất phương trình theo yêu cầu hệ thống: Xác suất tiêu diệt thành công $1 - 0{,}15(1 - p_2) \ge 0{,}98 \iff 0{,}15(1 - p_2) \le 0{,}02$, từ đó giải tìm điều kiện ràng buộc của $p_2$."
PROB_CREAT_090,Khoa hoc Du lieu - Phat hien Gian lan,SKILL_FRAUD_DETECTION,SangTao,VanDungCao,"Một thuật toán ngân hàng số kết hợp hai mô hình học máy độc lập $M_1$ và $M_2$ để cảnh báo giao dịch gian lận. Khi có một giao dịch gian lận thực sự xảy ra, xác suất mô hình $M_1$ cảnh báo là $0{,}90$, của $M_2$ là $0{,}80$. Hệ thống cho phép chọn hai chế độ vận hành: Chế độ 'An toàn tối đa' (khóa thẻ nếu có ít nhất một mô hình báo động) và Chế độ 'Trải nghiệm mượt' (chỉ khóa thẻ khi cả hai mô hình cùng báo động). Chênh lệch xác suất khóa thẻ chính xác giữa hai chế độ đối với một giao dịch gian lận là bao nhiêu?","0,26","0,18","0,72","0,98",A,1.66,2.21,"Tính xác suất khóa thẻ ở Chế độ 1 (ít nhất một mô hình báo động) bằng biến cố đối: $P_1 = 1 - (1 - 0{,}90)(1 - 0{,}80)$.","Tính xác suất khóa thẻ ở Chế độ 2 (cả hai mô hình cùng báo động) bằng quy tắc nhân: $P_2 = 0{,}90 \times 0{,}80$. Sau đó lấy hiệu số $P_1 - P_2$."
PROB_CREAT_091,Toi uu hoa He thong,SKILL_OPTIMAL_DECISION,SangTao,VanDungCao,"Một hệ thống truyền tin gồm $3$ kênh song song độc lập, mỗi kênh có xác suất truyền lỗi là $p \in (0, 1)$. Trong điều kiện chi phí tương đương, kỹ sư cân nhắc hai phương án nâng cấp: Phương án 1 thêm một kênh dự phòng song song thứ 4 (xác suất lỗi $p$); Phương án 2 áp dụng thuật toán lọc nhiễu nâng cao giúp giảm xác suất lỗi của một kênh xuống còn $\frac{1}{2}p$. Phương án nào tối ưu hơn để giảm thiểu nguy cơ toàn bộ hệ thống bị gián đoạn cùng lúc?",Phương án 1 (thêm kênh song song thứ 4),Phương án 2 (giảm một nửa xác suất lỗi của 1 kênh),Cả hai phương án mang lại độ an toàn tương đương nhau với mọi $p$,"Phương án 1 tối ưu hơn khi $p > 0{,}5$, ngược lại Phương án 2 tối ưu hơn khi $p < 0{,}5$",D,1.89,2.55,Hãy biểu diễn xác suất gián đoạn toàn bộ hệ thống (tất cả các kênh cùng gặp lỗi) theo $p$: Phương án 1 là $P_1 = p^4$; Phương án 2 là $P_2 = \frac{1}{2}p \cdot p^2 = \frac{1}{2}p^3$.,"Lập hiệu số $P_1 - P_2 = p^3(p - 0{,}5)$ và xét dấu trong khoảng $p \in (0, 1)$ để rút ra kết luận lựa chọn chiến lược tối ưu."
PROB_CREAT_092,Y sinh hoc - Thiet ke Thi nghiem,SKILL_CLINICAL_TRIAL,SangTao,VanDungCao,"Một phác đồ điều trị thử nghiệm gồm hai giai đoạn độc lập: Giai đoạn 1 kiểm tra độ an toàn trên nhóm nguy cơ cao với xác suất đạt là $0{,}8$; Giai đoạn 2 kiểm tra hiệu lực bảo vệ với xác suất đạt là $0{,}75$. Nếu giai đoạn 1 thất bại, phác đồ bị dừng ngay. Nếu giai đoạn 1 thành công nhưng giai đoạn 2 thất bại, bệnh nhân được chuyển sang phác đồ cứu trợ có xác suất hồi phục $0{,}6$. Xác suất để một bệnh nhân đạt kết quả điều trị tích cực (thành công ở cả 2 giai đoạn hoặc hồi phục nhờ phác đồ cứu trợ) là bao nhiêu?","0,72","0,60","0,78","0,84",A,2.12,1.79,"Phân tích cây biến cố (Event Tree): Xác định hai kịch bản dẫn đến kết quả tích cực: (1) Thành công cả hai giai đoạn chính; (2) Giai đoạn 1 thành công, giai đoạn 2 thất bại nhưng phác đồ cứu trợ thành công.","Vì các giai đoạn và phác đồ kế tiếp rời nhau về mặt điều kiện, hãy tính xác suất từng nhánh rồi áp dụng quy tắc cộng: $P = 0{,}8 \times 0{,}75 + 0{,}8 \times (1 - 0{,}75) \times 0{,}6$."
PROB_CREAT_093,Kinh te Tai chinh,SKILL_OPTIMAL_DECISION,SangTao,VanDungCao,"Một quỹ đầu tư mạo hiểm đánh giá hai dự án công nghệ $X$ và $Y$ độc lập. Xác suất thành công thương mại của $X$ là $0{,}6$ mang lại lợi nhuận kỳ vọng $+10$ tỷ đồng (nếu thất bại lỗ $-4$ tỷ); của $Y$ là $0{,}7$ mang lại $+8$ tỷ đồng (nếu thất bại lỗ $-5$ tỷ). Quỹ quyết định đầu tư đồng thời cả hai dự án. Xác suất để quỹ rơi vào tình trạng thua lỗ ròng (tổng lợi nhuận hai dự án âm) là bao nhiêu?","0,12","0,18","0,28","0,34",A,1.69,2.13,"Hãy lập bảng phân phối 4 kịch bản kết hợp giữa hai dự án: (X thắng, Y thắng), (X thắng, Y thua), (X thua, Y thắng), (X thua, Y thua) kèm theo tổng lợi nhuận số học tương ứng.","Kiểm tra xem kịch bản nào cho tổng lợi nhuận âm: Chỉ có kịch bản (X thua, Y thua) cho lợi nhuận $(-4) + (-5) = -9$ tỷ. (Trường hợp X thua, Y thắng cho $(-4) + 8 = +4 > 0$). Từ đó tính xác suất nhánh thỏa mãn."
PROB_CREAT_094,He thong Phong thu - An ninh,SKILL_DEFENSE_MODEL,SangTao,VanDungCao,"Một hệ thống phòng không tự động phân tầng có hai lớp phòng thủ độc lập $T_1$ (tầm xa) và $T_2$ (tầm gần). Xác suất tầng $T_1$ bắn hạ được mục tiêu xâm nhập là $0{,}85$. Nếu $T_1$ trượt, tầng $T_2$ tự động kích hoạt với xác suất tiêu diệt mục tiêu là $0{,}70$. Để nâng cao hiệu quả phòng thủ, chỉ huy muốn xác suất tiêu diệt mục tiêu đạt tối thiểu $0{,}98$. Hỏi xác suất tiêu diệt của tầng $T_2$ cần nâng cấp lên tối thiểu là bao nhiêu nếu giữ nguyên tầng $T_1$?","0,867","0,800","0,920","0,750",A,1.92,2.47,"Biểu diễn xác suất hệ thống phòng thủ thất bại (cả hai tầng đều trượt) theo xác suất trúng của tầng 2 là $p_2$: $P(\text{Trượt toàn bộ}) = (1 - 0{,}85)(1 - p_2) = 0{,}15(1 - p_2)$.","Thiết lập bất phương trình theo yêu cầu hệ thống: Xác suất tiêu diệt thành công $1 - 0{,}15(1 - p_2) \ge 0{,}98 \iff 0{,}15(1 - p_2) \le 0{,}02$, từ đó giải tìm điều kiện ràng buộc của $p_2$."
PROB_CREAT_095,Khoa hoc Du lieu - Phat hien Gian lan,SKILL_FRAUD_DETECTION,SangTao,VanDungCao,"Một thuật toán ngân hàng số kết hợp hai mô hình học máy độc lập $M_1$ và $M_2$ để cảnh báo giao dịch gian lận. Khi có một giao dịch gian lận thực sự xảy ra, xác suất mô hình $M_1$ cảnh báo là $0{,}90$, của $M_2$ là $0{,}80$. Hệ thống cho phép chọn hai chế độ vận hành: Chế độ 'An toàn tối đa' (khóa thẻ nếu có ít nhất một mô hình báo động) và Chế độ 'Trải nghiệm mượt' (chỉ khóa thẻ khi cả hai mô hình cùng báo động). Chênh lệch xác suất khóa thẻ chính xác giữa hai chế độ đối với một giao dịch gian lận là bao nhiêu?","0,26","0,18","0,72","0,98",A,2.15,1.71,"Tính xác suất khóa thẻ ở Chế độ 1 (ít nhất một mô hình báo động) bằng biến cố đối: $P_1 = 1 - (1 - 0{,}90)(1 - 0{,}80)$.","Tính xác suất khóa thẻ ở Chế độ 2 (cả hai mô hình cùng báo động) bằng quy tắc nhân: $P_2 = 0{,}90 \times 0{,}80$. Sau đó lấy hiệu số $P_1 - P_2$."
PROB_CREAT_096,Toi uu hoa He thong,SKILL_OPTIMAL_DECISION,SangTao,VanDungCao,"Một hệ thống truyền tin gồm $3$ kênh song song độc lập, mỗi kênh có xác suất truyền lỗi là $p \in (0, 1)$. Trong điều kiện chi phí tương đương, kỹ sư cân nhắc hai phương án nâng cấp: Phương án 1 thêm một kênh dự phòng song song thứ 4 (xác suất lỗi $p$); Phương án 2 áp dụng thuật toán lọc nhiễu nâng cao giúp giảm xác suất lỗi của một kênh xuống còn $\frac{1}{2}p$. Phương án nào tối ưu hơn để giảm thiểu nguy cơ toàn bộ hệ thống bị gián đoạn cùng lúc?",Phương án 1 (thêm kênh song song thứ 4),Phương án 2 (giảm một nửa xác suất lỗi của 1 kênh),Cả hai phương án mang lại độ an toàn tương đương nhau với mọi $p$,"Phương án 1 tối ưu hơn khi $p > 0{,}5$, ngược lại Phương án 2 tối ưu hơn khi $p < 0{,}5$",D,1.72,3.07,Hãy biểu diễn xác suất gián đoạn toàn bộ hệ thống (tất cả các kênh cùng gặp lỗi) theo $p$: Phương án 1 là $P_1 = p^4$; Phương án 2 là $P_2 = \frac{1}{2}p \cdot p^2 = \frac{1}{2}p^3$.,"Lập hiệu số $P_1 - P_2 = p^3(p - 0{,}5)$ và xét dấu trong khoảng $p \in (0, 1)$ để rút ra kết luận lựa chọn chiến lược tối ưu."
PROB_CREAT_097,Y sinh hoc - Thiet ke Thi nghiem,SKILL_CLINICAL_TRIAL,SangTao,VanDungCao,"Một phác đồ điều trị thử nghiệm gồm hai giai đoạn độc lập: Giai đoạn 1 kiểm tra độ an toàn trên nhóm nguy cơ cao với xác suất đạt là $0{,}8$; Giai đoạn 2 kiểm tra hiệu lực bảo vệ với xác suất đạt là $0{,}75$. Nếu giai đoạn 1 thất bại, phác đồ bị dừng ngay. Nếu giai đoạn 1 thành công nhưng giai đoạn 2 thất bại, bệnh nhân được chuyển sang phác đồ cứu trợ có xác suất hồi phục $0{,}6$. Xác suất để một bệnh nhân đạt kết quả điều trị tích cực (thành công ở cả 2 giai đoạn hoặc hồi phục nhờ phác đồ cứu trợ) là bao nhiêu?","0,72","0,60","0,78","0,84",A,1.95,2.39,"Phân tích cây biến cố (Event Tree): Xác định hai kịch bản dẫn đến kết quả tích cực: (1) Thành công cả hai giai đoạn chính; (2) Giai đoạn 1 thành công, giai đoạn 2 thất bại nhưng phác đồ cứu trợ thành công.","Vì các giai đoạn và phác đồ kế tiếp rời nhau về mặt điều kiện, hãy tính xác suất từng nhánh rồi áp dụng quy tắc cộng: $P = 0{,}8 \times 0{,}75 + 0{,}8 \times (1 - 0{,}75) \times 0{,}6$."
PROB_CREAT_098,Kinh te Tai chinh,SKILL_OPTIMAL_DECISION,SangTao,VanDungCao,"Một quỹ đầu tư mạo hiểm đánh giá hai dự án công nghệ $X$ và $Y$ độc lập. Xác suất thành công thương mại của $X$ là $0{,}6$ mang lại lợi nhuận kỳ vọng $+10$ tỷ đồng (nếu thất bại lỗ $-4$ tỷ); của $Y$ là $0{,}7$ mang lại $+8$ tỷ đồng (nếu thất bại lỗ $-5$ tỷ). Quỹ quyết định đầu tư đồng thời cả hai dự án. Xác suất để quỹ rơi vào tình trạng thua lỗ ròng (tổng lợi nhuận hai dự án âm) là bao nhiêu?","0,12","0,18","0,28","0,34",A,2.18,2.73,"Hãy lập bảng phân phối 4 kịch bản kết hợp giữa hai dự án: (X thắng, Y thắng), (X thắng, Y thua), (X thua, Y thắng), (X thua, Y thua) kèm theo tổng lợi nhuận số học tương ứng.","Kiểm tra xem kịch bản nào cho tổng lợi nhuận âm: Chỉ có kịch bản (X thua, Y thua) cho lợi nhuận $(-4) + (-5) = -9$ tỷ. (Trường hợp X thua, Y thắng cho $(-4) + 8 = +4 > 0$). Từ đó tính xác suất nhánh thỏa mãn."
PROB_CREAT_099,He thong Phong thu - An ninh,SKILL_DEFENSE_MODEL,SangTao,VanDungCao,"Một hệ thống phòng không tự động phân tầng có hai lớp phòng thủ độc lập $T_1$ (tầm xa) và $T_2$ (tầm gần). Xác suất tầng $T_1$ bắn hạ được mục tiêu xâm nhập là $0{,}85$. Nếu $T_1$ trượt, tầng $T_2$ tự động kích hoạt với xác suất tiêu diệt mục tiêu là $0{,}70$. Để nâng cao hiệu quả phòng thủ, chỉ huy muốn xác suất tiêu diệt mục tiêu đạt tối thiểu $0{,}98$. Hỏi xác suất tiêu diệt của tầng $T_2$ cần nâng cấp lên tối thiểu là bao nhiêu nếu giữ nguyên tầng $T_1$?","0,867","0,800","0,920","0,750",A,1.75,1.97,"Biểu diễn xác suất hệ thống phòng thủ thất bại (cả hai tầng đều trượt) theo xác suất trúng của tầng 2 là $p_2$: $P(\text{Trượt toàn bộ}) = (1 - 0{,}85)(1 - p_2) = 0{,}15(1 - p_2)$.","Thiết lập bất phương trình theo yêu cầu hệ thống: Xác suất tiêu diệt thành công $1 - 0{,}15(1 - p_2) \ge 0{,}98 \iff 0{,}15(1 - p_2) \le 0{,}02$, từ đó giải tìm điều kiện ràng buộc của $p_2$."
PROB_CREAT_100,Khoa hoc Du lieu - Phat hien Gian lan,SKILL_FRAUD_DETECTION,SangTao,VanDungCao,"Một thuật toán ngân hàng số kết hợp hai mô hình học máy độc lập $M_1$ và $M_2$ để cảnh báo giao dịch gian lận. Khi có một giao dịch gian lận thực sự xảy ra, xác suất mô hình $M_1$ cảnh báo là $0{,}90$, của $M_2$ là $0{,}80$. Hệ thống cho phép chọn hai chế độ vận hành: Chế độ 'An toàn tối đa' (khóa thẻ nếu có ít nhất một mô hình báo động) và Chế độ 'Trải nghiệm mượt' (chỉ khóa thẻ khi cả hai mô hình cùng báo động). Chênh lệch xác suất khóa thẻ chính xác giữa hai chế độ đối với một giao dịch gian lận là bao nhiêu?","0,26","0,18","0,72","0,98",A,1.98,2.31,"Tính xác suất khóa thẻ ở Chế độ 1 (ít nhất một mô hình báo động) bằng biến cố đối: $P_1 = 1 - (1 - 0{,}90)(1 - 0{,}80)$.","Tính xác suất khóa thẻ ở Chế độ 2 (cả hai mô hình cùng báo động) bằng quy tắc nhân: $P_2 = 0{,}90 \times 0{,}80$. Sau đó lấy hiệu số $P_1 - P_2$."
PROB_CREAT_101,Toi uu hoa He thong,SKILL_OPTIMAL_DECISION,SangTao,VanDungCao,"Một hệ thống truyền tin gồm $3$ kênh song song độc lập, mỗi kênh có xác suất truyền lỗi là $p \in (0, 1)$. Trong điều kiện chi phí tương đương, kỹ sư cân nhắc hai phương án nâng cấp: Phương án 1 thêm một kênh dự phòng song song thứ 4 (xác suất lỗi $p$); Phương án 2 áp dụng thuật toán lọc nhiễu nâng cao giúp giảm xác suất lỗi của một kênh xuống còn $\frac{1}{2}p$. Phương án nào tối ưu hơn để giảm thiểu nguy cơ toàn bộ hệ thống bị gián đoạn cùng lúc?",Phương án 1 (thêm kênh song song thứ 4),Phương án 2 (giảm một nửa xác suất lỗi của 1 kênh),Cả hai phương án mang lại độ an toàn tương đương nhau với mọi $p$,"Phương án 1 tối ưu hơn khi $p > 0{,}5$, ngược lại Phương án 2 tối ưu hơn khi $p < 0{,}5$",D,2.21,2.65,Hãy biểu diễn xác suất gián đoạn toàn bộ hệ thống (tất cả các kênh cùng gặp lỗi) theo $p$: Phương án 1 là $P_1 = p^4$; Phương án 2 là $P_2 = \frac{1}{2}p \cdot p^2 = \frac{1}{2}p^3$.,"Lập hiệu số $P_1 - P_2 = p^3(p - 0{,}5)$ và xét dấu trong khoảng $p \in (0, 1)$ để rút ra kết luận lựa chọn chiến lược tối ưu."
PROB_CREAT_102,Y sinh hoc - Thiet ke Thi nghiem,SKILL_CLINICAL_TRIAL,SangTao,VanDungCao,"Một phác đồ điều trị thử nghiệm gồm hai giai đoạn độc lập: Giai đoạn 1 kiểm tra độ an toàn trên nhóm nguy cơ cao với xác suất đạt là $0{,}8$; Giai đoạn 2 kiểm tra hiệu lực bảo vệ với xác suất đạt là $0{,}75$. Nếu giai đoạn 1 thất bại, phác đồ bị dừng ngay. Nếu giai đoạn 1 thành công nhưng giai đoạn 2 thất bại, bệnh nhân được chuyển sang phác đồ cứu trợ có xác suất hồi phục $0{,}6$. Xác suất để một bệnh nhân đạt kết quả điều trị tích cực (thành công ở cả 2 giai đoạn hoặc hồi phục nhờ phác đồ cứu trợ) là bao nhiêu?","0,72","0,60","0,78","0,84",A,1.78,1.89,"Phân tích cây biến cố (Event Tree): Xác định hai kịch bản dẫn đến kết quả tích cực: (1) Thành công cả hai giai đoạn chính; (2) Giai đoạn 1 thành công, giai đoạn 2 thất bại nhưng phác đồ cứu trợ thành công.","Vì các giai đoạn và phác đồ kế tiếp rời nhau về mặt điều kiện, hãy tính xác suất từng nhánh rồi áp dụng quy tắc cộng: $P = 0{,}8 \times 0{,}75 + 0{,}8 \times (1 - 0{,}75) \times 0{,}6$."
PROB_CREAT_103,Kinh te Tai chinh,SKILL_OPTIMAL_DECISION,SangTao,VanDungCao,"Một quỹ đầu tư mạo hiểm đánh giá hai dự án công nghệ $X$ và $Y$ độc lập. Xác suất thành công thương mại của $X$ là $0{,}6$ mang lại lợi nhuận kỳ vọng $+10$ tỷ đồng (nếu thất bại lỗ $-4$ tỷ); của $Y$ là $0{,}7$ mang lại $+8$ tỷ đồng (nếu thất bại lỗ $-5$ tỷ). Quỹ quyết định đầu tư đồng thời cả hai dự án. Xác suất để quỹ rơi vào tình trạng thua lỗ ròng (tổng lợi nhuận hai dự án âm) là bao nhiêu?","0,12","0,18","0,28","0,34",A,2.01,2.23,"Hãy lập bảng phân phối 4 kịch bản kết hợp giữa hai dự án: (X thắng, Y thắng), (X thắng, Y thua), (X thua, Y thắng), (X thua, Y thua) kèm theo tổng lợi nhuận số học tương ứng.","Kiểm tra xem kịch bản nào cho tổng lợi nhuận âm: Chỉ có kịch bản (X thua, Y thua) cho lợi nhuận $(-4) + (-5) = -9$ tỷ. (Trường hợp X thua, Y thắng cho $(-4) + 8 = +4 > 0$). Từ đó tính xác suất nhánh thỏa mãn."
PROB_CREAT_104,He thong Phong thu - An ninh,SKILL_DEFENSE_MODEL,SangTao,VanDungCao,"Một hệ thống phòng không tự động phân tầng có hai lớp phòng thủ độc lập $T_1$ (tầm xa) và $T_2$ (tầm gần). Xác suất tầng $T_1$ bắn hạ được mục tiêu xâm nhập là $0{,}85$. Nếu $T_1$ trượt, tầng $T_2$ tự động kích hoạt với xác suất tiêu diệt mục tiêu là $0{,}70$. Để nâng cao hiệu quả phòng thủ, chỉ huy muốn xác suất tiêu diệt mục tiêu đạt tối thiểu $0{,}98$. Hỏi xác suất tiêu diệt của tầng $T_2$ cần nâng cấp lên tối thiểu là bao nhiêu nếu giữ nguyên tầng $T_1$?","0,867","0,800","0,920","0,750",A,2.24,2.57,"Biểu diễn xác suất hệ thống phòng thủ thất bại (cả hai tầng đều trượt) theo xác suất trúng của tầng 2 là $p_2$: $P(\text{Trượt toàn bộ}) = (1 - 0{,}85)(1 - p_2) = 0{,}15(1 - p_2)$.","Thiết lập bất phương trình theo yêu cầu hệ thống: Xác suất tiêu diệt thành công $1 - 0{,}15(1 - p_2) \ge 0{,}98 \iff 0{,}15(1 - p_2) \le 0{,}02$, từ đó giải tìm điều kiện ràng buộc của $p_2$."
PROB_CREAT_105,Khoa hoc Du lieu - Phat hien Gian lan,SKILL_FRAUD_DETECTION,SangTao,VanDungCao,"Một thuật toán ngân hàng số kết hợp hai mô hình học máy độc lập $M_1$ và $M_2$ để cảnh báo giao dịch gian lận. Khi có một giao dịch gian lận thực sự xảy ra, xác suất mô hình $M_1$ cảnh báo là $0{,}90$, của $M_2$ là $0{,}80$. Hệ thống cho phép chọn hai chế độ vận hành: Chế độ 'An toàn tối đa' (khóa thẻ nếu có ít nhất một mô hình báo động) và Chế độ 'Trải nghiệm mượt' (chỉ khóa thẻ khi cả hai mô hình cùng báo động). Chênh lệch xác suất khóa thẻ chính xác giữa hai chế độ đối với một giao dịch gian lận là bao nhiêu?","0,26","0,18","0,72","0,98",A,1.81,1.81,"Tính xác suất khóa thẻ ở Chế độ 1 (ít nhất một mô hình báo động) bằng biến cố đối: $P_1 = 1 - (1 - 0{,}90)(1 - 0{,}80)$.","Tính xác suất khóa thẻ ở Chế độ 2 (cả hai mô hình cùng báo động) bằng quy tắc nhân: $P_2 = 0{,}90 \times 0{,}80$. Sau đó lấy hiệu số $P_1 - P_2$."
PROB_CREAT_106,Toi uu hoa He thong,SKILL_OPTIMAL_DECISION,SangTao,VanDungCao,"Một hệ thống truyền tin gồm $3$ kênh song song độc lập, mỗi kênh có xác suất truyền lỗi là $p \in (0, 1)$. Trong điều kiện chi phí tương đương, kỹ sư cân nhắc hai phương án nâng cấp: Phương án 1 thêm một kênh dự phòng song song thứ 4 (xác suất lỗi $p$); Phương án 2 áp dụng thuật toán lọc nhiễu nâng cao giúp giảm xác suất lỗi của một kênh xuống còn $\frac{1}{2}p$. Phương án nào tối ưu hơn để giảm thiểu nguy cơ toàn bộ hệ thống bị gián đoạn cùng lúc?",Phương án 1 (thêm kênh song song thứ 4),Phương án 2 (giảm một nửa xác suất lỗi của 1 kênh),Cả hai phương án mang lại độ an toàn tương đương nhau với mọi $p$,"Phương án 1 tối ưu hơn khi $p > 0{,}5$, ngược lại Phương án 2 tối ưu hơn khi $p < 0{,}5$",D,2.04,2.15,Hãy biểu diễn xác suất gián đoạn toàn bộ hệ thống (tất cả các kênh cùng gặp lỗi) theo $p$: Phương án 1 là $P_1 = p^4$; Phương án 2 là $P_2 = \frac{1}{2}p \cdot p^2 = \frac{1}{2}p^3$.,"Lập hiệu số $P_1 - P_2 = p^3(p - 0{,}5)$ và xét dấu trong khoảng $p \in (0, 1)$ để rút ra kết luận lựa chọn chiến lược tối ưu."
PROB_CREAT_107,Y sinh hoc - Thiet ke Thi nghiem,SKILL_CLINICAL_TRIAL,SangTao,VanDungCao,"Một phác đồ điều trị thử nghiệm gồm hai giai đoạn độc lập: Giai đoạn 1 kiểm tra độ an toàn trên nhóm nguy cơ cao với xác suất đạt là $0{,}8$; Giai đoạn 2 kiểm tra hiệu lực bảo vệ với xác suất đạt là $0{,}75$. Nếu giai đoạn 1 thất bại, phác đồ bị dừng ngay. Nếu giai đoạn 1 thành công nhưng giai đoạn 2 thất bại, bệnh nhân được chuyển sang phác đồ cứu trợ có xác suất hồi phục $0{,}6$. Xác suất để một bệnh nhân đạt kết quả điều trị tích cực (thành công ở cả 2 giai đoạn hoặc hồi phục nhờ phác đồ cứu trợ) là bao nhiêu?","0,72","0,60","0,78","0,84",A,2.27,2.49,"Phân tích cây biến cố (Event Tree): Xác định hai kịch bản dẫn đến kết quả tích cực: (1) Thành công cả hai giai đoạn chính; (2) Giai đoạn 1 thành công, giai đoạn 2 thất bại nhưng phác đồ cứu trợ thành công.","Vì các giai đoạn và phác đồ kế tiếp rời nhau về mặt điều kiện, hãy tính xác suất từng nhánh rồi áp dụng quy tắc cộng: $P = 0{,}8 \times 0{,}75 + 0{,}8 \times (1 - 0{,}75) \times 0{,}6$."
PROB_CREAT_108,Kinh te Tai chinh,SKILL_OPTIMAL_DECISION,SangTao,VanDungCao,"Một quỹ đầu tư mạo hiểm đánh giá hai dự án công nghệ $X$ và $Y$ độc lập. Xác suất thành công thương mại của $X$ là $0{,}6$ mang lại lợi nhuận kỳ vọng $+10$ tỷ đồng (nếu thất bại lỗ $-4$ tỷ); của $Y$ là $0{,}7$ mang lại $+8$ tỷ đồng (nếu thất bại lỗ $-5$ tỷ). Quỹ quyết định đầu tư đồng thời cả hai dự án. Xác suất để quỹ rơi vào tình trạng thua lỗ ròng (tổng lợi nhuận hai dự án âm) là bao nhiêu?","0,12","0,18","0,28","0,34",A,1.84,1.73,"Hãy lập bảng phân phối 4 kịch bản kết hợp giữa hai dự án: (X thắng, Y thắng), (X thắng, Y thua), (X thua, Y thắng), (X thua, Y thua) kèm theo tổng lợi nhuận số học tương ứng.","Kiểm tra xem kịch bản nào cho tổng lợi nhuận âm: Chỉ có kịch bản (X thua, Y thua) cho lợi nhuận $(-4) + (-5) = -9$ tỷ. (Trường hợp X thua, Y thắng cho $(-4) + 8 = +4 > 0$). Từ đó tính xác suất nhánh thỏa mãn."
PROB_CREAT_109,He thong Phong thu - An ninh,SKILL_DEFENSE_MODEL,SangTao,VanDungCao,"Một hệ thống phòng không tự động phân tầng có hai lớp phòng thủ độc lập $T_1$ (tầm xa) và $T_2$ (tầm gần). Xác suất tầng $T_1$ bắn hạ được mục tiêu xâm nhập là $0{,}85$. Nếu $T_1$ trượt, tầng $T_2$ tự động kích hoạt với xác suất tiêu diệt mục tiêu là $0{,}70$. Để nâng cao hiệu quả phòng thủ, chỉ huy muốn xác suất tiêu diệt mục tiêu đạt tối thiểu $0{,}98$. Hỏi xác suất tiêu diệt của tầng $T_2$ cần nâng cấp lên tối thiểu là bao nhiêu nếu giữ nguyên tầng $T_1$?","0,867","0,800","0,920","0,750",A,2.07,2.07,"Biểu diễn xác suất hệ thống phòng thủ thất bại (cả hai tầng đều trượt) theo xác suất trúng của tầng 2 là $p_2$: $P(\text{Trượt toàn bộ}) = (1 - 0{,}85)(1 - p_2) = 0{,}15(1 - p_2)$.","Thiết lập bất phương trình theo yêu cầu hệ thống: Xác suất tiêu diệt thành công $1 - 0{,}15(1 - p_2) \ge 0{,}98 \iff 0{,}15(1 - p_2) \le 0{,}02$, từ đó giải tìm điều kiện ràng buộc của $p_2$."
PROB_CREAT_110,Khoa hoc Du lieu - Phat hien Gian lan,SKILL_FRAUD_DETECTION,SangTao,VanDungCao,"Một thuật toán ngân hàng số kết hợp hai mô hình học máy độc lập $M_1$ và $M_2$ để cảnh báo giao dịch gian lận. Khi có một giao dịch gian lận thực sự xảy ra, xác suất mô hình $M_1$ cảnh báo là $0{,}90$, của $M_2$ là $0{,}80$. Hệ thống cho phép chọn hai chế độ vận hành: Chế độ 'An toàn tối đa' (khóa thẻ nếu có ít nhất một mô hình báo động) và Chế độ 'Trải nghiệm mượt' (chỉ khóa thẻ khi cả hai mô hình cùng báo động). Chênh lệch xác suất khóa thẻ chính xác giữa hai chế độ đối với một giao dịch gian lận là bao nhiêu?","0,26","0,18","0,72","0,98",A,2.3,2.41,"Tính xác suất khóa thẻ ở Chế độ 1 (ít nhất một mô hình báo động) bằng biến cố đối: $P_1 = 1 - (1 - 0{,}90)(1 - 0{,}80)$.","Tính xác suất khóa thẻ ở Chế độ 2 (cả hai mô hình cùng báo động) bằng quy tắc nhân: $P_2 = 0{,}90 \times 0{,}80$. Sau đó lấy hiệu số $P_1 - P_2$."
PROB_CREAT_111,Toi uu hoa He thong,SKILL_OPTIMAL_DECISION,SangTao,VanDungCao,"Một hệ thống truyền tin gồm $3$ kênh song song độc lập, mỗi kênh có xác suất truyền lỗi là $p \in (0, 1)$. Trong điều kiện chi phí tương đương, kỹ sư cân nhắc hai phương án nâng cấp: Phương án 1 thêm một kênh dự phòng song song thứ 4 (xác suất lỗi $p$); Phương án 2 áp dụng thuật toán lọc nhiễu nâng cao giúp giảm xác suất lỗi của một kênh xuống còn $\frac{1}{2}p$. Phương án nào tối ưu hơn để giảm thiểu nguy cơ toàn bộ hệ thống bị gián đoạn cùng lúc?",Phương án 1 (thêm kênh song song thứ 4),Phương án 2 (giảm một nửa xác suất lỗi của 1 kênh),Cả hai phương án mang lại độ an toàn tương đương nhau với mọi $p$,"Phương án 1 tối ưu hơn khi $p > 0{,}5$, ngược lại Phương án 2 tối ưu hơn khi $p < 0{,}5$",D,1.87,1.65,Hãy biểu diễn xác suất gián đoạn toàn bộ hệ thống (tất cả các kênh cùng gặp lỗi) theo $p$: Phương án 1 là $P_1 = p^4$; Phương án 2 là $P_2 = \frac{1}{2}p \cdot p^2 = \frac{1}{2}p^3$.,"Lập hiệu số $P_1 - P_2 = p^3(p - 0{,}5)$ và xét dấu trong khoảng $p \in (0, 1)$ để rút ra kết luận lựa chọn chiến lược tối ưu."
PROB_CREAT_112,Y sinh hoc - Thiet ke Thi nghiem,SKILL_CLINICAL_TRIAL,SangTao,VanDungCao,"Một phác đồ điều trị thử nghiệm gồm hai giai đoạn độc lập: Giai đoạn 1 kiểm tra độ an toàn trên nhóm nguy cơ cao với xác suất đạt là $0{,}8$; Giai đoạn 2 kiểm tra hiệu lực bảo vệ với xác suất đạt là $0{,}75$. Nếu giai đoạn 1 thất bại, phác đồ bị dừng ngay. Nếu giai đoạn 1 thành công nhưng giai đoạn 2 thất bại, bệnh nhân được chuyển sang phác đồ cứu trợ có xác suất hồi phục $0{,}6$. Xác suất để một bệnh nhân đạt kết quả điều trị tích cực (thành công ở cả 2 giai đoạn hoặc hồi phục nhờ phác đồ cứu trợ) là bao nhiêu?","0,72","0,60","0,78","0,84",A,2.1,1.99,"Phân tích cây biến cố (Event Tree): Xác định hai kịch bản dẫn đến kết quả tích cực: (1) Thành công cả hai giai đoạn chính; (2) Giai đoạn 1 thành công, giai đoạn 2 thất bại nhưng phác đồ cứu trợ thành công.","Vì các giai đoạn và phác đồ kế tiếp rời nhau về mặt điều kiện, hãy tính xác suất từng nhánh rồi áp dụng quy tắc cộng: $P = 0{,}8 \times 0{,}75 + 0{,}8 \times (1 - 0{,}75) \times 0{,}6$."
PROB_CREAT_113,Kinh te Tai chinh,SKILL_OPTIMAL_DECISION,SangTao,VanDungCao,"Một quỹ đầu tư mạo hiểm đánh giá hai dự án công nghệ $X$ và $Y$ độc lập. Xác suất thành công thương mại của $X$ là $0{,}6$ mang lại lợi nhuận kỳ vọng $+10$ tỷ đồng (nếu thất bại lỗ $-4$ tỷ); của $Y$ là $0{,}7$ mang lại $+8$ tỷ đồng (nếu thất bại lỗ $-5$ tỷ). Quỹ quyết định đầu tư đồng thời cả hai dự án. Xác suất để quỹ rơi vào tình trạng thua lỗ ròng (tổng lợi nhuận hai dự án âm) là bao nhiêu?","0,12","0,18","0,28","0,34",A,1.67,2.33,"Hãy lập bảng phân phối 4 kịch bản kết hợp giữa hai dự án: (X thắng, Y thắng), (X thắng, Y thua), (X thua, Y thắng), (X thua, Y thua) kèm theo tổng lợi nhuận số học tương ứng.","Kiểm tra xem kịch bản nào cho tổng lợi nhuận âm: Chỉ có kịch bản (X thua, Y thua) cho lợi nhuận $(-4) + (-5) = -9$ tỷ. (Trường hợp X thua, Y thắng cho $(-4) + 8 = +4 > 0$). Từ đó tính xác suất nhánh thỏa mãn."
PROB_CREAT_114,He thong Phong thu - An ninh,SKILL_DEFENSE_MODEL,SangTao,VanDungCao,"Một hệ thống phòng không tự động phân tầng có hai lớp phòng thủ độc lập $T_1$ (tầm xa) và $T_2$ (tầm gần). Xác suất tầng $T_1$ bắn hạ được mục tiêu xâm nhập là $0{,}85$. Nếu $T_1$ trượt, tầng $T_2$ tự động kích hoạt với xác suất tiêu diệt mục tiêu là $0{,}70$. Để nâng cao hiệu quả phòng thủ, chỉ huy muốn xác suất tiêu diệt mục tiêu đạt tối thiểu $0{,}98$. Hỏi xác suất tiêu diệt của tầng $T_2$ cần nâng cấp lên tối thiểu là bao nhiêu nếu giữ nguyên tầng $T_1$?","0,867","0,800","0,920","0,750",A,1.9,2.67,"Biểu diễn xác suất hệ thống phòng thủ thất bại (cả hai tầng đều trượt) theo xác suất trúng của tầng 2 là $p_2$: $P(\text{Trượt toàn bộ}) = (1 - 0{,}85)(1 - p_2) = 0{,}15(1 - p_2)$.","Thiết lập bất phương trình theo yêu cầu hệ thống: Xác suất tiêu diệt thành công $1 - 0{,}15(1 - p_2) \ge 0{,}98 \iff 0{,}15(1 - p_2) \le 0{,}02$, từ đó giải tìm điều kiện ràng buộc của $p_2$."
PROB_CREAT_115,Khoa hoc Du lieu - Phat hien Gian lan,SKILL_FRAUD_DETECTION,SangTao,VanDungCao,"Một thuật toán ngân hàng số kết hợp hai mô hình học máy độc lập $M_1$ và $M_2$ để cảnh báo giao dịch gian lận. Khi có một giao dịch gian lận thực sự xảy ra, xác suất mô hình $M_1$ cảnh báo là $0{,}90$, của $M_2$ là $0{,}80$. Hệ thống cho phép chọn hai chế độ vận hành: Chế độ 'An toàn tối đa' (khóa thẻ nếu có ít nhất một mô hình báo động) và Chế độ 'Trải nghiệm mượt' (chỉ khóa thẻ khi cả hai mô hình cùng báo động). Chênh lệch xác suất khóa thẻ chính xác giữa hai chế độ đối với một giao dịch gian lận là bao nhiêu?","0,26","0,18","0,72","0,98",A,2.13,1.91,"Tính xác suất khóa thẻ ở Chế độ 1 (ít nhất một mô hình báo động) bằng biến cố đối: $P_1 = 1 - (1 - 0{,}90)(1 - 0{,}80)$.","Tính xác suất khóa thẻ ở Chế độ 2 (cả hai mô hình cùng báo động) bằng quy tắc nhân: $P_2 = 0{,}90 \times 0{,}80$. Sau đó lấy hiệu số $P_1 - P_2$."
PROB_CREAT_116,Toi uu hoa He thong,SKILL_OPTIMAL_DECISION,SangTao,VanDungCao,"Một hệ thống truyền tin gồm $3$ kênh song song độc lập, mỗi kênh có xác suất truyền lỗi là $p \in (0, 1)$. Trong điều kiện chi phí tương đương, kỹ sư cân nhắc hai phương án nâng cấp: Phương án 1 thêm một kênh dự phòng song song thứ 4 (xác suất lỗi $p$); Phương án 2 áp dụng thuật toán lọc nhiễu nâng cao giúp giảm xác suất lỗi của một kênh xuống còn $\frac{1}{2}p$. Phương án nào tối ưu hơn để giảm thiểu nguy cơ toàn bộ hệ thống bị gián đoạn cùng lúc?",Phương án 1 (thêm kênh song song thứ 4),Phương án 2 (giảm một nửa xác suất lỗi của 1 kênh),Cả hai phương án mang lại độ an toàn tương đương nhau với mọi $p$,"Phương án 1 tối ưu hơn khi $p > 0{,}5$, ngược lại Phương án 2 tối ưu hơn khi $p < 0{,}5$",D,1.7,2.25,Hãy biểu diễn xác suất gián đoạn toàn bộ hệ thống (tất cả các kênh cùng gặp lỗi) theo $p$: Phương án 1 là $P_1 = p^4$; Phương án 2 là $P_2 = \frac{1}{2}p \cdot p^2 = \frac{1}{2}p^3$.,"Lập hiệu số $P_1 - P_2 = p^3(p - 0{,}5)$ và xét dấu trong khoảng $p \in (0, 1)$ để rút ra kết luận lựa chọn chiến lược tối ưu."
PROB_CREAT_117,Y sinh hoc - Thiet ke Thi nghiem,SKILL_CLINICAL_TRIAL,SangTao,VanDungCao,"Một phác đồ điều trị thử nghiệm gồm hai giai đoạn độc lập: Giai đoạn 1 kiểm tra độ an toàn trên nhóm nguy cơ cao với xác suất đạt là $0{,}8$; Giai đoạn 2 kiểm tra hiệu lực bảo vệ với xác suất đạt là $0{,}75$. Nếu giai đoạn 1 thất bại, phác đồ bị dừng ngay. Nếu giai đoạn 1 thành công nhưng giai đoạn 2 thất bại, bệnh nhân được chuyển sang phác đồ cứu trợ có xác suất hồi phục $0{,}6$. Xác suất để một bệnh nhân đạt kết quả điều trị tích cực (thành công ở cả 2 giai đoạn hoặc hồi phục nhờ phác đồ cứu trợ) là bao nhiêu?","0,72","0,60","0,78","0,84",A,1.93,2.59,"Phân tích cây biến cố (Event Tree): Xác định hai kịch bản dẫn đến kết quả tích cực: (1) Thành công cả hai giai đoạn chính; (2) Giai đoạn 1 thành công, giai đoạn 2 thất bại nhưng phác đồ cứu trợ thành công.","Vì các giai đoạn và phác đồ kế tiếp rời nhau về mặt điều kiện, hãy tính xác suất từng nhánh rồi áp dụng quy tắc cộng: $P = 0{,}8 \times 0{,}75 + 0{,}8 \times (1 - 0{,}75) \times 0{,}6$."
PROB_CREAT_118,Kinh te Tai chinh,SKILL_OPTIMAL_DECISION,SangTao,VanDungCao,"Một quỹ đầu tư mạo hiểm đánh giá hai dự án công nghệ $X$ và $Y$ độc lập. Xác suất thành công thương mại của $X$ là $0{,}6$ mang lại lợi nhuận kỳ vọng $+10$ tỷ đồng (nếu thất bại lỗ $-4$ tỷ); của $Y$ là $0{,}7$ mang lại $+8$ tỷ đồng (nếu thất bại lỗ $-5$ tỷ). Quỹ quyết định đầu tư đồng thời cả hai dự án. Xác suất để quỹ rơi vào tình trạng thua lỗ ròng (tổng lợi nhuận hai dự án âm) là bao nhiêu?","0,12","0,18","0,28","0,34",A,2.16,1.83,"Hãy lập bảng phân phối 4 kịch bản kết hợp giữa hai dự án: (X thắng, Y thắng), (X thắng, Y thua), (X thua, Y thắng), (X thua, Y thua) kèm theo tổng lợi nhuận số học tương ứng.","Kiểm tra xem kịch bản nào cho tổng lợi nhuận âm: Chỉ có kịch bản (X thua, Y thua) cho lợi nhuận $(-4) + (-5) = -9$ tỷ. (Trường hợp X thua, Y thắng cho $(-4) + 8 = +4 > 0$). Từ đó tính xác suất nhánh thỏa mãn."
PROB_CREAT_119,He thong Phong thu - An ninh,SKILL_DEFENSE_MODEL,SangTao,VanDungCao,"Một hệ thống phòng không tự động phân tầng có hai lớp phòng thủ độc lập $T_1$ (tầm xa) và $T_2$ (tầm gần). Xác suất tầng $T_1$ bắn hạ được mục tiêu xâm nhập là $0{,}85$. Nếu $T_1$ trượt, tầng $T_2$ tự động kích hoạt với xác suất tiêu diệt mục tiêu là $0{,}70$. Để nâng cao hiệu quả phòng thủ, chỉ huy muốn xác suất tiêu diệt mục tiêu đạt tối thiểu $0{,}98$. Hỏi xác suất tiêu diệt của tầng $T_2$ cần nâng cấp lên tối thiểu là bao nhiêu nếu giữ nguyên tầng $T_1$?","0,867","0,800","0,920","0,750",A,1.73,2.17,"Biểu diễn xác suất hệ thống phòng thủ thất bại (cả hai tầng đều trượt) theo xác suất trúng của tầng 2 là $p_2$: $P(\text{Trượt toàn bộ}) = (1 - 0{,}85)(1 - p_2) = 0{,}15(1 - p_2)$.","Thiết lập bất phương trình theo yêu cầu hệ thống: Xác suất tiêu diệt thành công $1 - 0{,}15(1 - p_2) \ge 0{,}98 \iff 0{,}15(1 - p_2) \le 0{,}02$, từ đó giải tìm điều kiện ràng buộc của $p_2$."
PROB_CREAT_120,Khoa hoc Du lieu - Phat hien Gian lan,SKILL_FRAUD_DETECTION,SangTao,VanDungCao,"Một thuật toán ngân hàng số kết hợp hai mô hình học máy độc lập $M_1$ và $M_2$ để cảnh báo giao dịch gian lận. Khi có một giao dịch gian lận thực sự xảy ra, xác suất mô hình $M_1$ cảnh báo là $0{,}90$, của $M_2$ là $0{,}80$. Hệ thống cho phép chọn hai chế độ vận hành: Chế độ 'An toàn tối đa' (khóa thẻ nếu có ít nhất một mô hình báo động) và Chế độ 'Trải nghiệm mượt' (chỉ khóa thẻ khi cả hai mô hình cùng báo động). Chênh lệch xác suất khóa thẻ chính xác giữa hai chế độ đối với một giao dịch gian lận là bao nhiêu?","0,26","0,18","0,72","0,98",A,1.96,2.51,"Tính xác suất khóa thẻ ở Chế độ 1 (ít nhất một mô hình báo động) bằng biến cố đối: $P_1 = 1 - (1 - 0{,}90)(1 - 0{,}80)$.","Tính xác suất khóa thẻ ở Chế độ 2 (cả hai mô hình cùng báo động) bằng quy tắc nhân: $P_2 = 0{,}90 \times 0{,}80$. Sau đó lấy hiệu số $P_1 - P_2$."
PROB_CREAT_121,Toi uu hoa He thong,SKILL_OPTIMAL_DECISION,SangTao,VanDungCao,"Một hệ thống truyền tin gồm $3$ kênh song song độc lập, mỗi kênh có xác suất truyền lỗi là $p \in (0, 1)$. Trong điều kiện chi phí tương đương, kỹ sư cân nhắc hai phương án nâng cấp: Phương án 1 thêm một kênh dự phòng song song thứ 4 (xác suất lỗi $p$); Phương án 2 áp dụng thuật toán lọc nhiễu nâng cao giúp giảm xác suất lỗi của một kênh xuống còn $\frac{1}{2}p$. Phương án nào tối ưu hơn để giảm thiểu nguy cơ toàn bộ hệ thống bị gián đoạn cùng lúc?",Phương án 1 (thêm kênh song song thứ 4),Phương án 2 (giảm một nửa xác suất lỗi của 1 kênh),Cả hai phương án mang lại độ an toàn tương đương nhau với mọi $p$,"Phương án 1 tối ưu hơn khi $p > 0{,}5$, ngược lại Phương án 2 tối ưu hơn khi $p < 0{,}5$",D,2.19,1.75,Hãy biểu diễn xác suất gián đoạn toàn bộ hệ thống (tất cả các kênh cùng gặp lỗi) theo $p$: Phương án 1 là $P_1 = p^4$; Phương án 2 là $P_2 = \frac{1}{2}p \cdot p^2 = \frac{1}{2}p^3$.,"Lập hiệu số $P_1 - P_2 = p^3(p - 0{,}5)$ và xét dấu trong khoảng $p \in (0, 1)$ để rút ra kết luận lựa chọn chiến lược tối ưu."
PROB_CREAT_122,Y sinh hoc - Thiet ke Thi nghiem,SKILL_CLINICAL_TRIAL,SangTao,VanDungCao,"Một phác đồ điều trị thử nghiệm gồm hai giai đoạn độc lập: Giai đoạn 1 kiểm tra độ an toàn trên nhóm nguy cơ cao với xác suất đạt là $0{,}8$; Giai đoạn 2 kiểm tra hiệu lực bảo vệ với xác suất đạt là $0{,}75$. Nếu giai đoạn 1 thất bại, phác đồ bị dừng ngay. Nếu giai đoạn 1 thành công nhưng giai đoạn 2 thất bại, bệnh nhân được chuyển sang phác đồ cứu trợ có xác suất hồi phục $0{,}6$. Xác suất để một bệnh nhân đạt kết quả điều trị tích cực (thành công ở cả 2 giai đoạn hoặc hồi phục nhờ phác đồ cứu trợ) là bao nhiêu?","0,72","0,60","0,78","0,84",A,1.76,2.09,"Phân tích cây biến cố (Event Tree): Xác định hai kịch bản dẫn đến kết quả tích cực: (1) Thành công cả hai giai đoạn chính; (2) Giai đoạn 1 thành công, giai đoạn 2 thất bại nhưng phác đồ cứu trợ thành công.","Vì các giai đoạn và phác đồ kế tiếp rời nhau về mặt điều kiện, hãy tính xác suất từng nhánh rồi áp dụng quy tắc cộng: $P = 0{,}8 \times 0{,}75 + 0{,}8 \times (1 - 0{,}75) \times 0{,}6$."
PROB_CREAT_123,Kinh te Tai chinh,SKILL_OPTIMAL_DECISION,SangTao,VanDungCao,"Một quỹ đầu tư mạo hiểm đánh giá hai dự án công nghệ $X$ và $Y$ độc lập. Xác suất thành công thương mại của $X$ là $0{,}6$ mang lại lợi nhuận kỳ vọng $+10$ tỷ đồng (nếu thất bại lỗ $-4$ tỷ); của $Y$ là $0{,}7$ mang lại $+8$ tỷ đồng (nếu thất bại lỗ $-5$ tỷ). Quỹ quyết định đầu tư đồng thời cả hai dự án. Xác suất để quỹ rơi vào tình trạng thua lỗ ròng (tổng lợi nhuận hai dự án âm) là bao nhiêu?","0,12","0,18","0,28","0,34",A,1.99,2.43,"Hãy lập bảng phân phối 4 kịch bản kết hợp giữa hai dự án: (X thắng, Y thắng), (X thắng, Y thua), (X thua, Y thắng), (X thua, Y thua) kèm theo tổng lợi nhuận số học tương ứng.","Kiểm tra xem kịch bản nào cho tổng lợi nhuận âm: Chỉ có kịch bản (X thua, Y thua) cho lợi nhuận $(-4) + (-5) = -9$ tỷ. (Trường hợp X thua, Y thắng cho $(-4) + 8 = +4 > 0$). Từ đó tính xác suất nhánh thỏa mãn."
PROB_CREAT_124,He thong Phong thu - An ninh,SKILL_DEFENSE_MODEL,SangTao,VanDungCao,"Một hệ thống phòng không tự động phân tầng có hai lớp phòng thủ độc lập $T_1$ (tầm xa) và $T_2$ (tầm gần). Xác suất tầng $T_1$ bắn hạ được mục tiêu xâm nhập là $0{,}85$. Nếu $T_1$ trượt, tầng $T_2$ tự động kích hoạt với xác suất tiêu diệt mục tiêu là $0{,}70$. Để nâng cao hiệu quả phòng thủ, chỉ huy muốn xác suất tiêu diệt mục tiêu đạt tối thiểu $0{,}98$. Hỏi xác suất tiêu diệt của tầng $T_2$ cần nâng cấp lên tối thiểu là bao nhiêu nếu giữ nguyên tầng $T_1$?","0,867","0,800","0,920","0,750",A,2.22,1.67,"Biểu diễn xác suất hệ thống phòng thủ thất bại (cả hai tầng đều trượt) theo xác suất trúng của tầng 2 là $p_2$: $P(\text{Trượt toàn bộ}) = (1 - 0{,}85)(1 - p_2) = 0{,}15(1 - p_2)$.","Thiết lập bất phương trình theo yêu cầu hệ thống: Xác suất tiêu diệt thành công $1 - 0{,}15(1 - p_2) \ge 0{,}98 \iff 0{,}15(1 - p_2) \le 0{,}02$, từ đó giải tìm điều kiện ràng buộc của $p_2$."
PROB_CREAT_125,Khoa hoc Du lieu - Phat hien Gian lan,SKILL_FRAUD_DETECTION,SangTao,VanDungCao,"Một thuật toán ngân hàng số kết hợp hai mô hình học máy độc lập $M_1$ và $M_2$ để cảnh báo giao dịch gian lận. Khi có một giao dịch gian lận thực sự xảy ra, xác suất mô hình $M_1$ cảnh báo là $0{,}90$, của $M_2$ là $0{,}80$. Hệ thống cho phép chọn hai chế độ vận hành: Chế độ 'An toàn tối đa' (khóa thẻ nếu có ít nhất một mô hình báo động) và Chế độ 'Trải nghiệm mượt' (chỉ khóa thẻ khi cả hai mô hình cùng báo động). Chênh lệch xác suất khóa thẻ chính xác giữa hai chế độ đối với một giao dịch gian lận là bao nhiêu?","0,26","0,18","0,72","0,98",A,1.79,2.01,"Tính xác suất khóa thẻ ở Chế độ 1 (ít nhất một mô hình báo động) bằng biến cố đối: $P_1 = 1 - (1 - 0{,}90)(1 - 0{,}80)$.","Tính xác suất khóa thẻ ở Chế độ 2 (cả hai mô hình cùng báo động) bằng quy tắc nhân: $P_2 = 0{,}90 \times 0{,}80$. Sau đó lấy hiệu số $P_1 - P_2$."
PROB_CREAT_126,Toi uu hoa He thong,SKILL_OPTIMAL_DECISION,SangTao,VanDungCao,"Một hệ thống truyền tin gồm $3$ kênh song song độc lập, mỗi kênh có xác suất truyền lỗi là $p \in (0, 1)$. Trong điều kiện chi phí tương đương, kỹ sư cân nhắc hai phương án nâng cấp: Phương án 1 thêm một kênh dự phòng song song thứ 4 (xác suất lỗi $p$); Phương án 2 áp dụng thuật toán lọc nhiễu nâng cao giúp giảm xác suất lỗi của một kênh xuống còn $\frac{1}{2}p$. Phương án nào tối ưu hơn để giảm thiểu nguy cơ toàn bộ hệ thống bị gián đoạn cùng lúc?",Phương án 1 (thêm kênh song song thứ 4),Phương án 2 (giảm một nửa xác suất lỗi của 1 kênh),Cả hai phương án mang lại độ an toàn tương đương nhau với mọi $p$,"Phương án 1 tối ưu hơn khi $p > 0{,}5$, ngược lại Phương án 2 tối ưu hơn khi $p < 0{,}5$",D,2.02,2.35,Hãy biểu diễn xác suất gián đoạn toàn bộ hệ thống (tất cả các kênh cùng gặp lỗi) theo $p$: Phương án 1 là $P_1 = p^4$; Phương án 2 là $P_2 = \frac{1}{2}p \cdot p^2 = \frac{1}{2}p^3$.,"Lập hiệu số $P_1 - P_2 = p^3(p - 0{,}5)$ và xét dấu trong khoảng $p \in (0, 1)$ để rút ra kết luận lựa chọn chiến lược tối ưu."
PROB_CREAT_127,Y sinh hoc - Thiet ke Thi nghiem,SKILL_CLINICAL_TRIAL,SangTao,VanDungCao,"Một phác đồ điều trị thử nghiệm gồm hai giai đoạn độc lập: Giai đoạn 1 kiểm tra độ an toàn trên nhóm nguy cơ cao với xác suất đạt là $0{,}8$; Giai đoạn 2 kiểm tra hiệu lực bảo vệ với xác suất đạt là $0{,}75$. Nếu giai đoạn 1 thất bại, phác đồ bị dừng ngay. Nếu giai đoạn 1 thành công nhưng giai đoạn 2 thất bại, bệnh nhân được chuyển sang phác đồ cứu trợ có xác suất hồi phục $0{,}6$. Xác suất để một bệnh nhân đạt kết quả điều trị tích cực (thành công ở cả 2 giai đoạn hoặc hồi phục nhờ phác đồ cứu trợ) là bao nhiêu?","0,72","0,60","0,78","0,84",A,2.25,2.69,"Phân tích cây biến cố (Event Tree): Xác định hai kịch bản dẫn đến kết quả tích cực: (1) Thành công cả hai giai đoạn chính; (2) Giai đoạn 1 thành công, giai đoạn 2 thất bại nhưng phác đồ cứu trợ thành công.","Vì các giai đoạn và phác đồ kế tiếp rời nhau về mặt điều kiện, hãy tính xác suất từng nhánh rồi áp dụng quy tắc cộng: $P = 0{,}8 \times 0{,}75 + 0{,}8 \times (1 - 0{,}75) \times 0{,}6$."
PROB_CREAT_128,Kinh te Tai chinh,SKILL_OPTIMAL_DECISION,SangTao,VanDungCao,"Một quỹ đầu tư mạo hiểm đánh giá hai dự án công nghệ $X$ và $Y$ độc lập. Xác suất thành công thương mại của $X$ là $0{,}6$ mang lại lợi nhuận kỳ vọng $+10$ tỷ đồng (nếu thất bại lỗ $-4$ tỷ); của $Y$ là $0{,}7$ mang lại $+8$ tỷ đồng (nếu thất bại lỗ $-5$ tỷ). Quỹ quyết định đầu tư đồng thời cả hai dự án. Xác suất để quỹ rơi vào tình trạng thua lỗ ròng (tổng lợi nhuận hai dự án âm) là bao nhiêu?","0,12","0,18","0,28","0,34",A,1.82,1.93,"Hãy lập bảng phân phối 4 kịch bản kết hợp giữa hai dự án: (X thắng, Y thắng), (X thắng, Y thua), (X thua, Y thắng), (X thua, Y thua) kèm theo tổng lợi nhuận số học tương ứng.","Kiểm tra xem kịch bản nào cho tổng lợi nhuận âm: Chỉ có kịch bản (X thua, Y thua) cho lợi nhuận $(-4) + (-5) = -9$ tỷ. (Trường hợp X thua, Y thắng cho $(-4) + 8 = +4 > 0$). Từ đó tính xác suất nhánh thỏa mãn."
PROB_CREAT_129,He thong Phong thu - An ninh,SKILL_DEFENSE_MODEL,SangTao,VanDungCao,"Một hệ thống phòng không tự động phân tầng có hai lớp phòng thủ độc lập $T_1$ (tầm xa) và $T_2$ (tầm gần). Xác suất tầng $T_1$ bắn hạ được mục tiêu xâm nhập là $0{,}85$. Nếu $T_1$ trượt, tầng $T_2$ tự động kích hoạt với xác suất tiêu diệt mục tiêu là $0{,}70$. Để nâng cao hiệu quả phòng thủ, chỉ huy muốn xác suất tiêu diệt mục tiêu đạt tối thiểu $0{,}98$. Hỏi xác suất tiêu diệt của tầng $T_2$ cần nâng cấp lên tối thiểu là bao nhiêu nếu giữ nguyên tầng $T_1$?","0,867","0,800","0,920","0,750",A,2.05,2.27,"Biểu diễn xác suất hệ thống phòng thủ thất bại (cả hai tầng đều trượt) theo xác suất trúng của tầng 2 là $p_2$: $P(\text{Trượt toàn bộ}) = (1 - 0{,}85)(1 - p_2) = 0{,}15(1 - p_2)$.","Thiết lập bất phương trình theo yêu cầu hệ thống: Xác suất tiêu diệt thành công $1 - 0{,}15(1 - p_2) \ge 0{,}98 \iff 0{,}15(1 - p_2) \le 0{,}02$, từ đó giải tìm điều kiện ràng buộc của $p_2$."
PROB_CREAT_130,Khoa hoc Du lieu - Phat hien Gian lan,SKILL_FRAUD_DETECTION,SangTao,VanDungCao,"Một thuật toán ngân hàng số kết hợp hai mô hình học máy độc lập $M_1$ và $M_2$ để cảnh báo giao dịch gian lận. Khi có một giao dịch gian lận thực sự xảy ra, xác suất mô hình $M_1$ cảnh báo là $0{,}90$, của $M_2$ là $0{,}80$. Hệ thống cho phép chọn hai chế độ vận hành: Chế độ 'An toàn tối đa' (khóa thẻ nếu có ít nhất một mô hình báo động) và Chế độ 'Trải nghiệm mượt' (chỉ khóa thẻ khi cả hai mô hình cùng báo động). Chênh lệch xác suất khóa thẻ chính xác giữa hai chế độ đối với một giao dịch gian lận là bao nhiêu?","0,26","0,18","0,72","0,98",A,2.28,2.61,"Tính xác suất khóa thẻ ở Chế độ 1 (ít nhất một mô hình báo động) bằng biến cố đối: $P_1 = 1 - (1 - 0{,}90)(1 - 0{,}80)$.","Tính xác suất khóa thẻ ở Chế độ 2 (cả hai mô hình cùng báo động) bằng quy tắc nhân: $P_2 = 0{,}90 \times 0{,}80$. Sau đó lấy hiệu số $P_1 - P_2$."
PROB_CREAT_131,Toi uu hoa He thong,SKILL_OPTIMAL_DECISION,SangTao,VanDungCao,"Một hệ thống truyền tin gồm $3$ kênh song song độc lập, mỗi kênh có xác suất truyền lỗi là $p \in (0, 1)$. Trong điều kiện chi phí tương đương, kỹ sư cân nhắc hai phương án nâng cấp: Phương án 1 thêm một kênh dự phòng song song thứ 4 (xác suất lỗi $p$); Phương án 2 áp dụng thuật toán lọc nhiễu nâng cao giúp giảm xác suất lỗi của một kênh xuống còn $\frac{1}{2}p$. Phương án nào tối ưu hơn để giảm thiểu nguy cơ toàn bộ hệ thống bị gián đoạn cùng lúc?",Phương án 1 (thêm kênh song song thứ 4),Phương án 2 (giảm một nửa xác suất lỗi của 1 kênh),Cả hai phương án mang lại độ an toàn tương đương nhau với mọi $p$,"Phương án 1 tối ưu hơn khi $p > 0{,}5$, ngược lại Phương án 2 tối ưu hơn khi $p < 0{,}5$",D,1.85,1.85,Hãy biểu diễn xác suất gián đoạn toàn bộ hệ thống (tất cả các kênh cùng gặp lỗi) theo $p$: Phương án 1 là $P_1 = p^4$; Phương án 2 là $P_2 = \frac{1}{2}p \cdot p^2 = \frac{1}{2}p^3$.,"Lập hiệu số $P_1 - P_2 = p^3(p - 0{,}5)$ và xét dấu trong khoảng $p \in (0, 1)$ để rút ra kết luận lựa chọn chiến lược tối ưu."
PROB_CREAT_132,Y sinh hoc - Thiet ke Thi nghiem,SKILL_CLINICAL_TRIAL,SangTao,VanDungCao,"Một phác đồ điều trị thử nghiệm gồm hai giai đoạn độc lập: Giai đoạn 1 kiểm tra độ an toàn trên nhóm nguy cơ cao với xác suất đạt là $0{,}8$; Giai đoạn 2 kiểm tra hiệu lực bảo vệ với xác suất đạt là $0{,}75$. Nếu giai đoạn 1 thất bại, phác đồ bị dừng ngay. Nếu giai đoạn 1 thành công nhưng giai đoạn 2 thất bại, bệnh nhân được chuyển sang phác đồ cứu trợ có xác suất hồi phục $0{,}6$. Xác suất để một bệnh nhân đạt kết quả điều trị tích cực (thành công ở cả 2 giai đoạn hoặc hồi phục nhờ phác đồ cứu trợ) là bao nhiêu?","0,72","0,60","0,78","0,84",A,2.08,2.19,"Phân tích cây biến cố (Event Tree): Xác định hai kịch bản dẫn đến kết quả tích cực: (1) Thành công cả hai giai đoạn chính; (2) Giai đoạn 1 thành công, giai đoạn 2 thất bại nhưng phác đồ cứu trợ thành công.","Vì các giai đoạn và phác đồ kế tiếp rời nhau về mặt điều kiện, hãy tính xác suất từng nhánh rồi áp dụng quy tắc cộng: $P = 0{,}8 \times 0{,}75 + 0{,}8 \times (1 - 0{,}75) \times 0{,}6$."
PROB_CREAT_133,Kinh te Tai chinh,SKILL_OPTIMAL_DECISION,SangTao,VanDungCao,"Một quỹ đầu tư mạo hiểm đánh giá hai dự án công nghệ $X$ và $Y$ độc lập. Xác suất thành công thương mại của $X$ là $0{,}6$ mang lại lợi nhuận kỳ vọng $+10$ tỷ đồng (nếu thất bại lỗ $-4$ tỷ); của $Y$ là $0{,}7$ mang lại $+8$ tỷ đồng (nếu thất bại lỗ $-5$ tỷ). Quỹ quyết định đầu tư đồng thời cả hai dự án. Xác suất để quỹ rơi vào tình trạng thua lỗ ròng (tổng lợi nhuận hai dự án âm) là bao nhiêu?","0,12","0,18","0,28","0,34",A,1.65,2.53,"Hãy lập bảng phân phối 4 kịch bản kết hợp giữa hai dự án: (X thắng, Y thắng), (X thắng, Y thua), (X thua, Y thắng), (X thua, Y thua) kèm theo tổng lợi nhuận số học tương ứng.","Kiểm tra xem kịch bản nào cho tổng lợi nhuận âm: Chỉ có kịch bản (X thua, Y thua) cho lợi nhuận $(-4) + (-5) = -9$ tỷ. (Trường hợp X thua, Y thắng cho $(-4) + 8 = +4 > 0$). Từ đó tính xác suất nhánh thỏa mãn."
PROB_CREAT_134,He thong Phong thu - An ninh,SKILL_DEFENSE_MODEL,SangTao,VanDungCao,"Một hệ thống phòng không tự động phân tầng có hai lớp phòng thủ độc lập $T_1$ (tầm xa) và $T_2$ (tầm gần). Xác suất tầng $T_1$ bắn hạ được mục tiêu xâm nhập là $0{,}85$. Nếu $T_1$ trượt, tầng $T_2$ tự động kích hoạt với xác suất tiêu diệt mục tiêu là $0{,}70$. Để nâng cao hiệu quả phòng thủ, chỉ huy muốn xác suất tiêu diệt mục tiêu đạt tối thiểu $0{,}98$. Hỏi xác suất tiêu diệt của tầng $T_2$ cần nâng cấp lên tối thiểu là bao nhiêu nếu giữ nguyên tầng $T_1$?","0,867","0,800","0,920","0,750",A,1.88,1.77,"Biểu diễn xác suất hệ thống phòng thủ thất bại (cả hai tầng đều trượt) theo xác suất trúng của tầng 2 là $p_2$: $P(\text{Trượt toàn bộ}) = (1 - 0{,}85)(1 - p_2) = 0{,}15(1 - p_2)$.","Thiết lập bất phương trình theo yêu cầu hệ thống: Xác suất tiêu diệt thành công $1 - 0{,}15(1 - p_2) \ge 0{,}98 \iff 0{,}15(1 - p_2) \le 0{,}02$, từ đó giải tìm điều kiện ràng buộc của $p_2$."
PROB_CREAT_135,Khoa hoc Du lieu - Phat hien Gian lan,SKILL_FRAUD_DETECTION,SangTao,VanDungCao,"Một thuật toán ngân hàng số kết hợp hai mô hình học máy độc lập $M_1$ và $M_2$ để cảnh báo giao dịch gian lận. Khi có một giao dịch gian lận thực sự xảy ra, xác suất mô hình $M_1$ cảnh báo là $0{,}90$, của $M_2$ là $0{,}80$. Hệ thống cho phép chọn hai chế độ vận hành: Chế độ 'An toàn tối đa' (khóa thẻ nếu có ít nhất một mô hình báo động) và Chế độ 'Trải nghiệm mượt' (chỉ khóa thẻ khi cả hai mô hình cùng báo động). Chênh lệch xác suất khóa thẻ chính xác giữa hai chế độ đối với một giao dịch gian lận là bao nhiêu?","0,26","0,18","0,72","0,98",A,2.11,2.11,"Tính xác suất khóa thẻ ở Chế độ 1 (ít nhất một mô hình báo động) bằng biến cố đối: $P_1 = 1 - (1 - 0{,}90)(1 - 0{,}80)$.","Tính xác suất khóa thẻ ở Chế độ 2 (cả hai mô hình cùng báo động) bằng quy tắc nhân: $P_2 = 0{,}90 \times 0{,}80$. Sau đó lấy hiệu số $P_1 - P_2$."
PROB_CREAT_136,Toi uu hoa He thong,SKILL_OPTIMAL_DECISION,SangTao,VanDungCao,"Một hệ thống truyền tin gồm $3$ kênh song song độc lập, mỗi kênh có xác suất truyền lỗi là $p \in (0, 1)$. Trong điều kiện chi phí tương đương, kỹ sư cân nhắc hai phương án nâng cấp: Phương án 1 thêm một kênh dự phòng song song thứ 4 (xác suất lỗi $p$); Phương án 2 áp dụng thuật toán lọc nhiễu nâng cao giúp giảm xác suất lỗi của một kênh xuống còn $\frac{1}{2}p$. Phương án nào tối ưu hơn để giảm thiểu nguy cơ toàn bộ hệ thống bị gián đoạn cùng lúc?",Phương án 1 (thêm kênh song song thứ 4),Phương án 2 (giảm một nửa xác suất lỗi của 1 kênh),Cả hai phương án mang lại độ an toàn tương đương nhau với mọi $p$,"Phương án 1 tối ưu hơn khi $p > 0{,}5$, ngược lại Phương án 2 tối ưu hơn khi $p < 0{,}5$",D,1.68,2.45,Hãy biểu diễn xác suất gián đoạn toàn bộ hệ thống (tất cả các kênh cùng gặp lỗi) theo $p$: Phương án 1 là $P_1 = p^4$; Phương án 2 là $P_2 = \frac{1}{2}p \cdot p^2 = \frac{1}{2}p^3$.,"Lập hiệu số $P_1 - P_2 = p^3(p - 0{,}5)$ và xét dấu trong khoảng $p \in (0, 1)$ để rút ra kết luận lựa chọn chiến lược tối ưu."
PROB_CREAT_137,Y sinh hoc - Thiet ke Thi nghiem,SKILL_CLINICAL_TRIAL,SangTao,VanDungCao,"Một phác đồ điều trị thử nghiệm gồm hai giai đoạn độc lập: Giai đoạn 1 kiểm tra độ an toàn trên nhóm nguy cơ cao với xác suất đạt là $0{,}8$; Giai đoạn 2 kiểm tra hiệu lực bảo vệ với xác suất đạt là $0{,}75$. Nếu giai đoạn 1 thất bại, phác đồ bị dừng ngay. Nếu giai đoạn 1 thành công nhưng giai đoạn 2 thất bại, bệnh nhân được chuyển sang phác đồ cứu trợ có xác suất hồi phục $0{,}6$. Xác suất để một bệnh nhân đạt kết quả điều trị tích cực (thành công ở cả 2 giai đoạn hoặc hồi phục nhờ phác đồ cứu trợ) là bao nhiêu?","0,72","0,60","0,78","0,84",A,1.91,1.69,"Phân tích cây biến cố (Event Tree): Xác định hai kịch bản dẫn đến kết quả tích cực: (1) Thành công cả hai giai đoạn chính; (2) Giai đoạn 1 thành công, giai đoạn 2 thất bại nhưng phác đồ cứu trợ thành công.","Vì các giai đoạn và phác đồ kế tiếp rời nhau về mặt điều kiện, hãy tính xác suất từng nhánh rồi áp dụng quy tắc cộng: $P = 0{,}8 \times 0{,}75 + 0{,}8 \times (1 - 0{,}75) \times 0{,}6$."
PROB_CREAT_138,Kinh te Tai chinh,SKILL_OPTIMAL_DECISION,SangTao,VanDungCao,"Một quỹ đầu tư mạo hiểm đánh giá hai dự án công nghệ $X$ và $Y$ độc lập. Xác suất thành công thương mại của $X$ là $0{,}6$ mang lại lợi nhuận kỳ vọng $+10$ tỷ đồng (nếu thất bại lỗ $-4$ tỷ); của $Y$ là $0{,}7$ mang lại $+8$ tỷ đồng (nếu thất bại lỗ $-5$ tỷ). Quỹ quyết định đầu tư đồng thời cả hai dự án. Xác suất để quỹ rơi vào tình trạng thua lỗ ròng (tổng lợi nhuận hai dự án âm) là bao nhiêu?","0,12","0,18","0,28","0,34",A,2.14,2.03,"Hãy lập bảng phân phối 4 kịch bản kết hợp giữa hai dự án: (X thắng, Y thắng), (X thắng, Y thua), (X thua, Y thắng), (X thua, Y thua) kèm theo tổng lợi nhuận số học tương ứng.","Kiểm tra xem kịch bản nào cho tổng lợi nhuận âm: Chỉ có kịch bản (X thua, Y thua) cho lợi nhuận $(-4) + (-5) = -9$ tỷ. (Trường hợp X thua, Y thắng cho $(-4) + 8 = +4 > 0$). Từ đó tính xác suất nhánh thỏa mãn."
PROB_CREAT_139,He thong Phong thu - An ninh,SKILL_DEFENSE_MODEL,SangTao,VanDungCao,"Một hệ thống phòng không tự động phân tầng có hai lớp phòng thủ độc lập $T_1$ (tầm xa) và $T_2$ (tầm gần). Xác suất tầng $T_1$ bắn hạ được mục tiêu xâm nhập là $0{,}85$. Nếu $T_1$ trượt, tầng $T_2$ tự động kích hoạt với xác suất tiêu diệt mục tiêu là $0{,}70$. Để nâng cao hiệu quả phòng thủ, chỉ huy muốn xác suất tiêu diệt mục tiêu đạt tối thiểu $0{,}98$. Hỏi xác suất tiêu diệt của tầng $T_2$ cần nâng cấp lên tối thiểu là bao nhiêu nếu giữ nguyên tầng $T_1$?","0,867","0,800","0,920","0,750",A,1.71,2.37,"Biểu diễn xác suất hệ thống phòng thủ thất bại (cả hai tầng đều trượt) theo xác suất trúng của tầng 2 là $p_2$: $P(\text{Trượt toàn bộ}) = (1 - 0{,}85)(1 - p_2) = 0{,}15(1 - p_2)$.","Thiết lập bất phương trình theo yêu cầu hệ thống: Xác suất tiêu diệt thành công $1 - 0{,}15(1 - p_2) \ge 0{,}98 \iff 0{,}15(1 - p_2) \le 0{,}02$, từ đó giải tìm điều kiện ràng buộc của $p_2$."
PROB_CREAT_140,Khoa hoc Du lieu - Phat hien Gian lan,SKILL_FRAUD_DETECTION,SangTao,VanDungCao,"Một thuật toán ngân hàng số kết hợp hai mô hình học máy độc lập $M_1$ và $M_2$ để cảnh báo giao dịch gian lận. Khi có một giao dịch gian lận thực sự xảy ra, xác suất mô hình $M_1$ cảnh báo là $0{,}90$, của $M_2$ là $0{,}80$. Hệ thống cho phép chọn hai chế độ vận hành: Chế độ 'An toàn tối đa' (khóa thẻ nếu có ít nhất một mô hình báo động) và Chế độ 'Trải nghiệm mượt' (chỉ khóa thẻ khi cả hai mô hình cùng báo động). Chênh lệch xác suất khóa thẻ chính xác giữa hai chế độ đối với một giao dịch gian lận là bao nhiêu?","0,26","0,18","0,72","0,98",A,1.94,2.71,"Tính xác suất khóa thẻ ở Chế độ 1 (ít nhất một mô hình báo động) bằng biến cố đối: $P_1 = 1 - (1 - 0{,}90)(1 - 0{,}80)$.","Tính xác suất khóa thẻ ở Chế độ 2 (cả hai mô hình cùng báo động) bằng quy tắc nhân: $P_2 = 0{,}90 \times 0{,}80$. Sau đó lấy hiệu số $P_1 - P_2$."
PROB_CREAT_141,Toi uu hoa He thong,SKILL_OPTIMAL_DECISION,SangTao,VanDungCao,"Một hệ thống truyền tin gồm $3$ kênh song song độc lập, mỗi kênh có xác suất truyền lỗi là $p \in (0, 1)$. Trong điều kiện chi phí tương đương, kỹ sư cân nhắc hai phương án nâng cấp: Phương án 1 thêm một kênh dự phòng song song thứ 4 (xác suất lỗi $p$); Phương án 2 áp dụng thuật toán lọc nhiễu nâng cao giúp giảm xác suất lỗi của một kênh xuống còn $\frac{1}{2}p$. Phương án nào tối ưu hơn để giảm thiểu nguy cơ toàn bộ hệ thống bị gián đoạn cùng lúc?",Phương án 1 (thêm kênh song song thứ 4),Phương án 2 (giảm một nửa xác suất lỗi của 1 kênh),Cả hai phương án mang lại độ an toàn tương đương nhau với mọi $p$,"Phương án 1 tối ưu hơn khi $p > 0{,}5$, ngược lại Phương án 2 tối ưu hơn khi $p < 0{,}5$",D,2.17,1.95,Hãy biểu diễn xác suất gián đoạn toàn bộ hệ thống (tất cả các kênh cùng gặp lỗi) theo $p$: Phương án 1 là $P_1 = p^4$; Phương án 2 là $P_2 = \frac{1}{2}p \cdot p^2 = \frac{1}{2}p^3$.,"Lập hiệu số $P_1 - P_2 = p^3(p - 0{,}5)$ và xét dấu trong khoảng $p \in (0, 1)$ để rút ra kết luận lựa chọn chiến lược tối ưu."
PROB_CREAT_142,Y sinh hoc - Thiet ke Thi nghiem,SKILL_CLINICAL_TRIAL,SangTao,VanDungCao,"Một phác đồ điều trị thử nghiệm gồm hai giai đoạn độc lập: Giai đoạn 1 kiểm tra độ an toàn trên nhóm nguy cơ cao với xác suất đạt là $0{,}8$; Giai đoạn 2 kiểm tra hiệu lực bảo vệ với xác suất đạt là $0{,}75$. Nếu giai đoạn 1 thất bại, phác đồ bị dừng ngay. Nếu giai đoạn 1 thành công nhưng giai đoạn 2 thất bại, bệnh nhân được chuyển sang phác đồ cứu trợ có xác suất hồi phục $0{,}6$. Xác suất để một bệnh nhân đạt kết quả điều trị tích cực (thành công ở cả 2 giai đoạn hoặc hồi phục nhờ phác đồ cứu trợ) là bao nhiêu?","0,72","0,60","0,78","0,84",A,1.74,2.29,"Phân tích cây biến cố (Event Tree): Xác định hai kịch bản dẫn đến kết quả tích cực: (1) Thành công cả hai giai đoạn chính; (2) Giai đoạn 1 thành công, giai đoạn 2 thất bại nhưng phác đồ cứu trợ thành công.","Vì các giai đoạn và phác đồ kế tiếp rời nhau về mặt điều kiện, hãy tính xác suất từng nhánh rồi áp dụng quy tắc cộng: $P = 0{,}8 \times 0{,}75 + 0{,}8 \times (1 - 0{,}75) \times 0{,}6$."
PROB_CREAT_143,Kinh te Tai chinh,SKILL_OPTIMAL_DECISION,SangTao,VanDungCao,"Một quỹ đầu tư mạo hiểm đánh giá hai dự án công nghệ $X$ và $Y$ độc lập. Xác suất thành công thương mại của $X$ là $0{,}6$ mang lại lợi nhuận kỳ vọng $+10$ tỷ đồng (nếu thất bại lỗ $-4$ tỷ); của $Y$ là $0{,}7$ mang lại $+8$ tỷ đồng (nếu thất bại lỗ $-5$ tỷ). Quỹ quyết định đầu tư đồng thời cả hai dự án. Xác suất để quỹ rơi vào tình trạng thua lỗ ròng (tổng lợi nhuận hai dự án âm) là bao nhiêu?","0,12","0,18","0,28","0,34",A,1.97,2.63,"Hãy lập bảng phân phối 4 kịch bản kết hợp giữa hai dự án: (X thắng, Y thắng), (X thắng, Y thua), (X thua, Y thắng), (X thua, Y thua) kèm theo tổng lợi nhuận số học tương ứng.","Kiểm tra xem kịch bản nào cho tổng lợi nhuận âm: Chỉ có kịch bản (X thua, Y thua) cho lợi nhuận $(-4) + (-5) = -9$ tỷ. (Trường hợp X thua, Y thắng cho $(-4) + 8 = +4 > 0$). Từ đó tính xác suất nhánh thỏa mãn."
PROB_CREAT_144,He thong Phong thu - An ninh,SKILL_DEFENSE_MODEL,SangTao,VanDungCao,"Một hệ thống phòng không tự động phân tầng có hai lớp phòng thủ độc lập $T_1$ (tầm xa) và $T_2$ (tầm gần). Xác suất tầng $T_1$ bắn hạ được mục tiêu xâm nhập là $0{,}85$. Nếu $T_1$ trượt, tầng $T_2$ tự động kích hoạt với xác suất tiêu diệt mục tiêu là $0{,}70$. Để nâng cao hiệu quả phòng thủ, chỉ huy muốn xác suất tiêu diệt mục tiêu đạt tối thiểu $0{,}98$. Hỏi xác suất tiêu diệt của tầng $T_2$ cần nâng cấp lên tối thiểu là bao nhiêu nếu giữ nguyên tầng $T_1$?","0,867","0,800","0,920","0,750",A,2.2,1.87,"Biểu diễn xác suất hệ thống phòng thủ thất bại (cả hai tầng đều trượt) theo xác suất trúng của tầng 2 là $p_2$: $P(\text{Trượt toàn bộ}) = (1 - 0{,}85)(1 - p_2) = 0{,}15(1 - p_2)$.","Thiết lập bất phương trình theo yêu cầu hệ thống: Xác suất tiêu diệt thành công $1 - 0{,}15(1 - p_2) \ge 0{,}98 \iff 0{,}15(1 - p_2) \le 0{,}02$, từ đó giải tìm điều kiện ràng buộc của $p_2$."
PROB_CREAT_145,Khoa hoc Du lieu - Phat hien Gian lan,SKILL_FRAUD_DETECTION,SangTao,VanDungCao,"Một thuật toán ngân hàng số kết hợp hai mô hình học máy độc lập $M_1$ và $M_2$ để cảnh báo giao dịch gian lận. Khi có một giao dịch gian lận thực sự xảy ra, xác suất mô hình $M_1$ cảnh báo là $0{,}90$, của $M_2$ là $0{,}80$. Hệ thống cho phép chọn hai chế độ vận hành: Chế độ 'An toàn tối đa' (khóa thẻ nếu có ít nhất một mô hình báo động) và Chế độ 'Trải nghiệm mượt' (chỉ khóa thẻ khi cả hai mô hình cùng báo động). Chênh lệch xác suất khóa thẻ chính xác giữa hai chế độ đối với một giao dịch gian lận là bao nhiêu?","0,26","0,18","0,72","0,98",A,1.77,2.21,"Tính xác suất khóa thẻ ở Chế độ 1 (ít nhất một mô hình báo động) bằng biến cố đối: $P_1 = 1 - (1 - 0{,}90)(1 - 0{,}80)$.","Tính xác suất khóa thẻ ở Chế độ 2 (cả hai mô hình cùng báo động) bằng quy tắc nhân: $P_2 = 0{,}90 \times 0{,}80$. Sau đó lấy hiệu số $P_1 - P_2$."
PROB_CREAT_146,Toi uu hoa He thong,SKILL_OPTIMAL_DECISION,SangTao,VanDungCao,"Một hệ thống truyền tin gồm $3$ kênh song song độc lập, mỗi kênh có xác suất truyền lỗi là $p \in (0, 1)$. Trong điều kiện chi phí tương đương, kỹ sư cân nhắc hai phương án nâng cấp: Phương án 1 thêm một kênh dự phòng song song thứ 4 (xác suất lỗi $p$); Phương án 2 áp dụng thuật toán lọc nhiễu nâng cao giúp giảm xác suất lỗi của một kênh xuống còn $\frac{1}{2}p$. Phương án nào tối ưu hơn để giảm thiểu nguy cơ toàn bộ hệ thống bị gián đoạn cùng lúc?",Phương án 1 (thêm kênh song song thứ 4),Phương án 2 (giảm một nửa xác suất lỗi của 1 kênh),Cả hai phương án mang lại độ an toàn tương đương nhau với mọi $p$,"Phương án 1 tối ưu hơn khi $p > 0{,}5$, ngược lại Phương án 2 tối ưu hơn khi $p < 0{,}5$",D,2.0,3.01,Hãy biểu diễn xác suất gián đoạn toàn bộ hệ thống (tất cả các kênh cùng gặp lỗi) theo $p$: Phương án 1 là $P_1 = p^4$; Phương án 2 là $P_2 = \frac{1}{2}p \cdot p^2 = \frac{1}{2}p^3$.,"Lập hiệu số $P_1 - P_2 = p^3(p - 0{,}5)$ và xét dấu trong khoảng $p \in (0, 1)$ để rút ra kết luận lựa chọn chiến lược tối ưu."
PROB_CREAT_147,Y sinh hoc - Thiet ke Thi nghiem,SKILL_CLINICAL_TRIAL,SangTao,VanDungCao,"Một phác đồ điều trị thử nghiệm gồm hai giai đoạn độc lập: Giai đoạn 1 kiểm tra độ an toàn trên nhóm nguy cơ cao với xác suất đạt là $0{,}8$; Giai đoạn 2 kiểm tra hiệu lực bảo vệ với xác suất đạt là $0{,}75$. Nếu giai đoạn 1 thất bại, phác đồ bị dừng ngay. Nếu giai đoạn 1 thành công nhưng giai đoạn 2 thất bại, bệnh nhân được chuyển sang phác đồ cứu trợ có xác suất hồi phục $0{,}6$. Xác suất để một bệnh nhân đạt kết quả điều trị tích cực (thành công ở cả 2 giai đoạn hoặc hồi phục nhờ phác đồ cứu trợ) là bao nhiêu?","0,72","0,60","0,78","0,84",A,2.23,1.79,"Phân tích cây biến cố (Event Tree): Xác định hai kịch bản dẫn đến kết quả tích cực: (1) Thành công cả hai giai đoạn chính; (2) Giai đoạn 1 thành công, giai đoạn 2 thất bại nhưng phác đồ cứu trợ thành công.","Vì các giai đoạn và phác đồ kế tiếp rời nhau về mặt điều kiện, hãy tính xác suất từng nhánh rồi áp dụng quy tắc cộng: $P = 0{,}8 \times 0{,}75 + 0{,}8 \times (1 - 0{,}75) \times 0{,}6$."
PROB_CREAT_148,Kinh te Tai chinh,SKILL_OPTIMAL_DECISION,SangTao,VanDungCao,"Một quỹ đầu tư mạo hiểm đánh giá hai dự án công nghệ $X$ và $Y$ độc lập. Xác suất thành công thương mại của $X$ là $0{,}6$ mang lại lợi nhuận kỳ vọng $+10$ tỷ đồng (nếu thất bại lỗ $-4$ tỷ); của $Y$ là $0{,}7$ mang lại $+8$ tỷ đồng (nếu thất bại lỗ $-5$ tỷ). Quỹ quyết định đầu tư đồng thời cả hai dự án. Xác suất để quỹ rơi vào tình trạng thua lỗ ròng (tổng lợi nhuận hai dự án âm) là bao nhiêu?","0,12","0,18","0,28","0,34",A,1.8,2.13,"Hãy lập bảng phân phối 4 kịch bản kết hợp giữa hai dự án: (X thắng, Y thắng), (X thắng, Y thua), (X thua, Y thắng), (X thua, Y thua) kèm theo tổng lợi nhuận số học tương ứng.","Kiểm tra xem kịch bản nào cho tổng lợi nhuận âm: Chỉ có kịch bản (X thua, Y thua) cho lợi nhuận $(-4) + (-5) = -9$ tỷ. (Trường hợp X thua, Y thắng cho $(-4) + 8 = +4 > 0$). Từ đó tính xác suất nhánh thỏa mãn."
PROB_CREAT_149,He thong Phong thu - An ninh,SKILL_DEFENSE_MODEL,SangTao,VanDungCao,"Một hệ thống phòng không tự động phân tầng có hai lớp phòng thủ độc lập $T_1$ (tầm xa) và $T_2$ (tầm gần). Xác suất tầng $T_1$ bắn hạ được mục tiêu xâm nhập là $0{,}85$. Nếu $T_1$ trượt, tầng $T_2$ tự động kích hoạt với xác suất tiêu diệt mục tiêu là $0{,}70$. Để nâng cao hiệu quả phòng thủ, chỉ huy muốn xác suất tiêu diệt mục tiêu đạt tối thiểu $0{,}98$. Hỏi xác suất tiêu diệt của tầng $T_2$ cần nâng cấp lên tối thiểu là bao nhiêu nếu giữ nguyên tầng $T_1$?","0,867","0,800","0,920","0,750",A,2.03,2.47,"Biểu diễn xác suất hệ thống phòng thủ thất bại (cả hai tầng đều trượt) theo xác suất trúng của tầng 2 là $p_2$: $P(\text{Trượt toàn bộ}) = (1 - 0{,}85)(1 - p_2) = 0{,}15(1 - p_2)$.","Thiết lập bất phương trình theo yêu cầu hệ thống: Xác suất tiêu diệt thành công $1 - 0{,}15(1 - p_2) \ge 0{,}98 \iff 0{,}15(1 - p_2) \le 0{,}02$, từ đó giải tìm điều kiện ràng buộc của $p_2$."
PROB_CREAT_150,Khoa hoc Du lieu - Phat hien Gian lan,SKILL_FRAUD_DETECTION,SangTao,VanDungCao,"Một thuật toán ngân hàng số kết hợp hai mô hình học máy độc lập $M_1$ và $M_2$ để cảnh báo giao dịch gian lận. Khi có một giao dịch gian lận thực sự xảy ra, xác suất mô hình $M_1$ cảnh báo là $0{,}90$, của $M_2$ là $0{,}80$. Hệ thống cho phép chọn hai chế độ vận hành: Chế độ 'An toàn tối đa' (khóa thẻ nếu có ít nhất một mô hình báo động) và Chế độ 'Trải nghiệm mượt' (chỉ khóa thẻ khi cả hai mô hình cùng báo động). Chênh lệch xác suất khóa thẻ chính xác giữa hai chế độ đối với một giao dịch gian lận là bao nhiêu?","0,26","0,18","0,72","0,98",A,2.26,1.71,"Tính xác suất khóa thẻ ở Chế độ 1 (ít nhất một mô hình báo động) bằng biến cố đối: $P_1 = 1 - (1 - 0{,}90)(1 - 0{,}80)$.","Tính xác suất khóa thẻ ở Chế độ 2 (cả hai mô hình cùng báo động) bằng quy tắc nhân: $P_2 = 0{,}90 \times 0{,}80$. Sau đó lấy hiệu số $P_1 - P_2$."
PROB_CREAT_151,Toi uu hoa He thong,SKILL_OPTIMAL_DECISION,SangTao,VanDungCao,"Một hệ thống truyền tin gồm $3$ kênh song song độc lập, mỗi kênh có xác suất truyền lỗi là $p \in (0, 1)$. Trong điều kiện chi phí tương đương, kỹ sư cân nhắc hai phương án nâng cấp: Phương án 1 thêm một kênh dự phòng song song thứ 4 (xác suất lỗi $p$); Phương án 2 áp dụng thuật toán lọc nhiễu nâng cao giúp giảm xác suất lỗi của một kênh xuống còn $\frac{1}{2}p$. Phương án nào tối ưu hơn để giảm thiểu nguy cơ toàn bộ hệ thống bị gián đoạn cùng lúc?",Phương án 1 (thêm kênh song song thứ 4),Phương án 2 (giảm một nửa xác suất lỗi của 1 kênh),Cả hai phương án mang lại độ an toàn tương đương nhau với mọi $p$,"Phương án 1 tối ưu hơn khi $p > 0{,}5$, ngược lại Phương án 2 tối ưu hơn khi $p < 0{,}5$",D,1.83,2.05,Hãy biểu diễn xác suất gián đoạn toàn bộ hệ thống (tất cả các kênh cùng gặp lỗi) theo $p$: Phương án 1 là $P_1 = p^4$; Phương án 2 là $P_2 = \frac{1}{2}p \cdot p^2 = \frac{1}{2}p^3$.,"Lập hiệu số $P_1 - P_2 = p^3(p - 0{,}5)$ và xét dấu trong khoảng $p \in (0, 1)$ để rút ra kết luận lựa chọn chiến lược tối ưu."
PROB_CREAT_152,Y sinh hoc - Thiet ke Thi nghiem,SKILL_CLINICAL_TRIAL,SangTao,VanDungCao,"Một phác đồ điều trị thử nghiệm gồm hai giai đoạn độc lập: Giai đoạn 1 kiểm tra độ an toàn trên nhóm nguy cơ cao với xác suất đạt là $0{,}8$; Giai đoạn 2 kiểm tra hiệu lực bảo vệ với xác suất đạt là $0{,}75$. Nếu giai đoạn 1 thất bại, phác đồ bị dừng ngay. Nếu giai đoạn 1 thành công nhưng giai đoạn 2 thất bại, bệnh nhân được chuyển sang phác đồ cứu trợ có xác suất hồi phục $0{,}6$. Xác suất để một bệnh nhân đạt kết quả điều trị tích cực (thành công ở cả 2 giai đoạn hoặc hồi phục nhờ phác đồ cứu trợ) là bao nhiêu?","0,72","0,60","0,78","0,84",A,2.06,2.39,"Phân tích cây biến cố (Event Tree): Xác định hai kịch bản dẫn đến kết quả tích cực: (1) Thành công cả hai giai đoạn chính; (2) Giai đoạn 1 thành công, giai đoạn 2 thất bại nhưng phác đồ cứu trợ thành công.","Vì các giai đoạn và phác đồ kế tiếp rời nhau về mặt điều kiện, hãy tính xác suất từng nhánh rồi áp dụng quy tắc cộng: $P = 0{,}8 \times 0{,}75 + 0{,}8 \times (1 - 0{,}75) \times 0{,}6$."
PROB_CREAT_153,Kinh te Tai chinh,SKILL_OPTIMAL_DECISION,SangTao,VanDungCao,"Một quỹ đầu tư mạo hiểm đánh giá hai dự án công nghệ $X$ và $Y$ độc lập. Xác suất thành công thương mại của $X$ là $0{,}6$ mang lại lợi nhuận kỳ vọng $+10$ tỷ đồng (nếu thất bại lỗ $-4$ tỷ); của $Y$ là $0{,}7$ mang lại $+8$ tỷ đồng (nếu thất bại lỗ $-5$ tỷ). Quỹ quyết định đầu tư đồng thời cả hai dự án. Xác suất để quỹ rơi vào tình trạng thua lỗ ròng (tổng lợi nhuận hai dự án âm) là bao nhiêu?","0,12","0,18","0,28","0,34",A,2.29,2.73,"Hãy lập bảng phân phối 4 kịch bản kết hợp giữa hai dự án: (X thắng, Y thắng), (X thắng, Y thua), (X thua, Y thắng), (X thua, Y thua) kèm theo tổng lợi nhuận số học tương ứng.","Kiểm tra xem kịch bản nào cho tổng lợi nhuận âm: Chỉ có kịch bản (X thua, Y thua) cho lợi nhuận $(-4) + (-5) = -9$ tỷ. (Trường hợp X thua, Y thắng cho $(-4) + 8 = +4 > 0$). Từ đó tính xác suất nhánh thỏa mãn."
PROB_CREAT_154,He thong Phong thu - An ninh,SKILL_DEFENSE_MODEL,SangTao,VanDungCao,"Một hệ thống phòng không tự động phân tầng có hai lớp phòng thủ độc lập $T_1$ (tầm xa) và $T_2$ (tầm gần). Xác suất tầng $T_1$ bắn hạ được mục tiêu xâm nhập là $0{,}85$. Nếu $T_1$ trượt, tầng $T_2$ tự động kích hoạt với xác suất tiêu diệt mục tiêu là $0{,}70$. Để nâng cao hiệu quả phòng thủ, chỉ huy muốn xác suất tiêu diệt mục tiêu đạt tối thiểu $0{,}98$. Hỏi xác suất tiêu diệt của tầng $T_2$ cần nâng cấp lên tối thiểu là bao nhiêu nếu giữ nguyên tầng $T_1$?","0,867","0,800","0,920","0,750",A,1.86,1.97,"Biểu diễn xác suất hệ thống phòng thủ thất bại (cả hai tầng đều trượt) theo xác suất trúng của tầng 2 là $p_2$: $P(\text{Trượt toàn bộ}) = (1 - 0{,}85)(1 - p_2) = 0{,}15(1 - p_2)$.","Thiết lập bất phương trình theo yêu cầu hệ thống: Xác suất tiêu diệt thành công $1 - 0{,}15(1 - p_2) \ge 0{,}98 \iff 0{,}15(1 - p_2) \le 0{,}02$, từ đó giải tìm điều kiện ràng buộc của $p_2$."
PROB_CREAT_155,Khoa hoc Du lieu - Phat hien Gian lan,SKILL_FRAUD_DETECTION,SangTao,VanDungCao,"Một thuật toán ngân hàng số kết hợp hai mô hình học máy độc lập $M_1$ và $M_2$ để cảnh báo giao dịch gian lận. Khi có một giao dịch gian lận thực sự xảy ra, xác suất mô hình $M_1$ cảnh báo là $0{,}90$, của $M_2$ là $0{,}80$. Hệ thống cho phép chọn hai chế độ vận hành: Chế độ 'An toàn tối đa' (khóa thẻ nếu có ít nhất một mô hình báo động) và Chế độ 'Trải nghiệm mượt' (chỉ khóa thẻ khi cả hai mô hình cùng báo động). Chênh lệch xác suất khóa thẻ chính xác giữa hai chế độ đối với một giao dịch gian lận là bao nhiêu?","0,26","0,18","0,72","0,98",A,2.09,2.31,"Tính xác suất khóa thẻ ở Chế độ 1 (ít nhất một mô hình báo động) bằng biến cố đối: $P_1 = 1 - (1 - 0{,}90)(1 - 0{,}80)$.","Tính xác suất khóa thẻ ở Chế độ 2 (cả hai mô hình cùng báo động) bằng quy tắc nhân: $P_2 = 0{,}90 \times 0{,}80$. Sau đó lấy hiệu số $P_1 - P_2$."
PROB_CREAT_156,Toi uu hoa He thong,SKILL_OPTIMAL_DECISION,SangTao,VanDungCao,"Một hệ thống truyền tin gồm $3$ kênh song song độc lập, mỗi kênh có xác suất truyền lỗi là $p \in (0, 1)$. Trong điều kiện chi phí tương đương, kỹ sư cân nhắc hai phương án nâng cấp: Phương án 1 thêm một kênh dự phòng song song thứ 4 (xác suất lỗi $p$); Phương án 2 áp dụng thuật toán lọc nhiễu nâng cao giúp giảm xác suất lỗi của một kênh xuống còn $\frac{1}{2}p$. Phương án nào tối ưu hơn để giảm thiểu nguy cơ toàn bộ hệ thống bị gián đoạn cùng lúc?",Phương án 1 (thêm kênh song song thứ 4),Phương án 2 (giảm một nửa xác suất lỗi của 1 kênh),Cả hai phương án mang lại độ an toàn tương đương nhau với mọi $p$,"Phương án 1 tối ưu hơn khi $p > 0{,}5$, ngược lại Phương án 2 tối ưu hơn khi $p < 0{,}5$",D,1.66,2.65,Hãy biểu diễn xác suất gián đoạn toàn bộ hệ thống (tất cả các kênh cùng gặp lỗi) theo $p$: Phương án 1 là $P_1 = p^4$; Phương án 2 là $P_2 = \frac{1}{2}p \cdot p^2 = \frac{1}{2}p^3$.,"Lập hiệu số $P_1 - P_2 = p^3(p - 0{,}5)$ và xét dấu trong khoảng $p \in (0, 1)$ để rút ra kết luận lựa chọn chiến lược tối ưu."
PROB_CREAT_157,Y sinh hoc - Thiet ke Thi nghiem,SKILL_CLINICAL_TRIAL,SangTao,VanDungCao,"Một phác đồ điều trị thử nghiệm gồm hai giai đoạn độc lập: Giai đoạn 1 kiểm tra độ an toàn trên nhóm nguy cơ cao với xác suất đạt là $0{,}8$; Giai đoạn 2 kiểm tra hiệu lực bảo vệ với xác suất đạt là $0{,}75$. Nếu giai đoạn 1 thất bại, phác đồ bị dừng ngay. Nếu giai đoạn 1 thành công nhưng giai đoạn 2 thất bại, bệnh nhân được chuyển sang phác đồ cứu trợ có xác suất hồi phục $0{,}6$. Xác suất để một bệnh nhân đạt kết quả điều trị tích cực (thành công ở cả 2 giai đoạn hoặc hồi phục nhờ phác đồ cứu trợ) là bao nhiêu?","0,72","0,60","0,78","0,84",A,1.89,1.89,"Phân tích cây biến cố (Event Tree): Xác định hai kịch bản dẫn đến kết quả tích cực: (1) Thành công cả hai giai đoạn chính; (2) Giai đoạn 1 thành công, giai đoạn 2 thất bại nhưng phác đồ cứu trợ thành công.","Vì các giai đoạn và phác đồ kế tiếp rời nhau về mặt điều kiện, hãy tính xác suất từng nhánh rồi áp dụng quy tắc cộng: $P = 0{,}8 \times 0{,}75 + 0{,}8 \times (1 - 0{,}75) \times 0{,}6$."
PROB_CREAT_158,Kinh te Tai chinh,SKILL_OPTIMAL_DECISION,SangTao,VanDungCao,"Một quỹ đầu tư mạo hiểm đánh giá hai dự án công nghệ $X$ và $Y$ độc lập. Xác suất thành công thương mại của $X$ là $0{,}6$ mang lại lợi nhuận kỳ vọng $+10$ tỷ đồng (nếu thất bại lỗ $-4$ tỷ); của $Y$ là $0{,}7$ mang lại $+8$ tỷ đồng (nếu thất bại lỗ $-5$ tỷ). Quỹ quyết định đầu tư đồng thời cả hai dự án. Xác suất để quỹ rơi vào tình trạng thua lỗ ròng (tổng lợi nhuận hai dự án âm) là bao nhiêu?","0,12","0,18","0,28","0,34",A,2.12,2.23,"Hãy lập bảng phân phối 4 kịch bản kết hợp giữa hai dự án: (X thắng, Y thắng), (X thắng, Y thua), (X thua, Y thắng), (X thua, Y thua) kèm theo tổng lợi nhuận số học tương ứng.","Kiểm tra xem kịch bản nào cho tổng lợi nhuận âm: Chỉ có kịch bản (X thua, Y thua) cho lợi nhuận $(-4) + (-5) = -9$ tỷ. (Trường hợp X thua, Y thắng cho $(-4) + 8 = +4 > 0$). Từ đó tính xác suất nhánh thỏa mãn."
PROB_CREAT_159,He thong Phong thu - An ninh,SKILL_DEFENSE_MODEL,SangTao,VanDungCao,"Một hệ thống phòng không tự động phân tầng có hai lớp phòng thủ độc lập $T_1$ (tầm xa) và $T_2$ (tầm gần). Xác suất tầng $T_1$ bắn hạ được mục tiêu xâm nhập là $0{,}85$. Nếu $T_1$ trượt, tầng $T_2$ tự động kích hoạt với xác suất tiêu diệt mục tiêu là $0{,}70$. Để nâng cao hiệu quả phòng thủ, chỉ huy muốn xác suất tiêu diệt mục tiêu đạt tối thiểu $0{,}98$. Hỏi xác suất tiêu diệt của tầng $T_2$ cần nâng cấp lên tối thiểu là bao nhiêu nếu giữ nguyên tầng $T_1$?","0,867","0,800","0,920","0,750",A,1.69,2.57,"Biểu diễn xác suất hệ thống phòng thủ thất bại (cả hai tầng đều trượt) theo xác suất trúng của tầng 2 là $p_2$: $P(\text{Trượt toàn bộ}) = (1 - 0{,}85)(1 - p_2) = 0{,}15(1 - p_2)$.","Thiết lập bất phương trình theo yêu cầu hệ thống: Xác suất tiêu diệt thành công $1 - 0{,}15(1 - p_2) \ge 0{,}98 \iff 0{,}15(1 - p_2) \le 0{,}02$, từ đó giải tìm điều kiện ràng buộc của $p_2$."
PROB_CREAT_160,Khoa hoc Du lieu - Phat hien Gian lan,SKILL_FRAUD_DETECTION,SangTao,VanDungCao,"Một thuật toán ngân hàng số kết hợp hai mô hình học máy độc lập $M_1$ và $M_2$ để cảnh báo giao dịch gian lận. Khi có một giao dịch gian lận thực sự xảy ra, xác suất mô hình $M_1$ cảnh báo là $0{,}90$, của $M_2$ là $0{,}80$. Hệ thống cho phép chọn hai chế độ vận hành: Chế độ 'An toàn tối đa' (khóa thẻ nếu có ít nhất một mô hình báo động) và Chế độ 'Trải nghiệm mượt' (chỉ khóa thẻ khi cả hai mô hình cùng báo động). Chênh lệch xác suất khóa thẻ chính xác giữa hai chế độ đối với một giao dịch gian lận là bao nhiêu?","0,26","0,18","0,72","0,98",A,1.92,1.81,"Tính xác suất khóa thẻ ở Chế độ 1 (ít nhất một mô hình báo động) bằng biến cố đối: $P_1 = 1 - (1 - 0{,}90)(1 - 0{,}80)$.","Tính xác suất khóa thẻ ở Chế độ 2 (cả hai mô hình cùng báo động) bằng quy tắc nhân: $P_2 = 0{,}90 \times 0{,}80$. Sau đó lấy hiệu số $P_1 - P_2$."
PROB_CREAT_161,Toi uu hoa He thong,SKILL_OPTIMAL_DECISION,SangTao,VanDungCao,"Một hệ thống truyền tin gồm $3$ kênh song song độc lập, mỗi kênh có xác suất truyền lỗi là $p \in (0, 1)$. Trong điều kiện chi phí tương đương, kỹ sư cân nhắc hai phương án nâng cấp: Phương án 1 thêm một kênh dự phòng song song thứ 4 (xác suất lỗi $p$); Phương án 2 áp dụng thuật toán lọc nhiễu nâng cao giúp giảm xác suất lỗi của một kênh xuống còn $\frac{1}{2}p$. Phương án nào tối ưu hơn để giảm thiểu nguy cơ toàn bộ hệ thống bị gián đoạn cùng lúc?",Phương án 1 (thêm kênh song song thứ 4),Phương án 2 (giảm một nửa xác suất lỗi của 1 kênh),Cả hai phương án mang lại độ an toàn tương đương nhau với mọi $p$,"Phương án 1 tối ưu hơn khi $p > 0{,}5$, ngược lại Phương án 2 tối ưu hơn khi $p < 0{,}5$",D,2.15,2.15,Hãy biểu diễn xác suất gián đoạn toàn bộ hệ thống (tất cả các kênh cùng gặp lỗi) theo $p$: Phương án 1 là $P_1 = p^4$; Phương án 2 là $P_2 = \frac{1}{2}p \cdot p^2 = \frac{1}{2}p^3$.,"Lập hiệu số $P_1 - P_2 = p^3(p - 0{,}5)$ và xét dấu trong khoảng $p \in (0, 1)$ để rút ra kết luận lựa chọn chiến lược tối ưu."
PROB_CREAT_162,Y sinh hoc - Thiet ke Thi nghiem,SKILL_CLINICAL_TRIAL,SangTao,VanDungCao,"Một phác đồ điều trị thử nghiệm gồm hai giai đoạn độc lập: Giai đoạn 1 kiểm tra độ an toàn trên nhóm nguy cơ cao với xác suất đạt là $0{,}8$; Giai đoạn 2 kiểm tra hiệu lực bảo vệ với xác suất đạt là $0{,}75$. Nếu giai đoạn 1 thất bại, phác đồ bị dừng ngay. Nếu giai đoạn 1 thành công nhưng giai đoạn 2 thất bại, bệnh nhân được chuyển sang phác đồ cứu trợ có xác suất hồi phục $0{,}6$. Xác suất để một bệnh nhân đạt kết quả điều trị tích cực (thành công ở cả 2 giai đoạn hoặc hồi phục nhờ phác đồ cứu trợ) là bao nhiêu?","0,72","0,60","0,78","0,84",A,1.72,2.49,"Phân tích cây biến cố (Event Tree): Xác định hai kịch bản dẫn đến kết quả tích cực: (1) Thành công cả hai giai đoạn chính; (2) Giai đoạn 1 thành công, giai đoạn 2 thất bại nhưng phác đồ cứu trợ thành công.","Vì các giai đoạn và phác đồ kế tiếp rời nhau về mặt điều kiện, hãy tính xác suất từng nhánh rồi áp dụng quy tắc cộng: $P = 0{,}8 \times 0{,}75 + 0{,}8 \times (1 - 0{,}75) \times 0{,}6$."
PROB_CREAT_163,Kinh te Tai chinh,SKILL_OPTIMAL_DECISION,SangTao,VanDungCao,"Một quỹ đầu tư mạo hiểm đánh giá hai dự án công nghệ $X$ và $Y$ độc lập. Xác suất thành công thương mại của $X$ là $0{,}6$ mang lại lợi nhuận kỳ vọng $+10$ tỷ đồng (nếu thất bại lỗ $-4$ tỷ); của $Y$ là $0{,}7$ mang lại $+8$ tỷ đồng (nếu thất bại lỗ $-5$ tỷ). Quỹ quyết định đầu tư đồng thời cả hai dự án. Xác suất để quỹ rơi vào tình trạng thua lỗ ròng (tổng lợi nhuận hai dự án âm) là bao nhiêu?","0,12","0,18","0,28","0,34",A,1.95,1.73,"Hãy lập bảng phân phối 4 kịch bản kết hợp giữa hai dự án: (X thắng, Y thắng), (X thắng, Y thua), (X thua, Y thắng), (X thua, Y thua) kèm theo tổng lợi nhuận số học tương ứng.","Kiểm tra xem kịch bản nào cho tổng lợi nhuận âm: Chỉ có kịch bản (X thua, Y thua) cho lợi nhuận $(-4) + (-5) = -9$ tỷ. (Trường hợp X thua, Y thắng cho $(-4) + 8 = +4 > 0$). Từ đó tính xác suất nhánh thỏa mãn."
PROB_CREAT_164,He thong Phong thu - An ninh,SKILL_DEFENSE_MODEL,SangTao,VanDungCao,"Một hệ thống phòng không tự động phân tầng có hai lớp phòng thủ độc lập $T_1$ (tầm xa) và $T_2$ (tầm gần). Xác suất tầng $T_1$ bắn hạ được mục tiêu xâm nhập là $0{,}85$. Nếu $T_1$ trượt, tầng $T_2$ tự động kích hoạt với xác suất tiêu diệt mục tiêu là $0{,}70$. Để nâng cao hiệu quả phòng thủ, chỉ huy muốn xác suất tiêu diệt mục tiêu đạt tối thiểu $0{,}98$. Hỏi xác suất tiêu diệt của tầng $T_2$ cần nâng cấp lên tối thiểu là bao nhiêu nếu giữ nguyên tầng $T_1$?","0,867","0,800","0,920","0,750",A,2.18,2.07,"Biểu diễn xác suất hệ thống phòng thủ thất bại (cả hai tầng đều trượt) theo xác suất trúng của tầng 2 là $p_2$: $P(\text{Trượt toàn bộ}) = (1 - 0{,}85)(1 - p_2) = 0{,}15(1 - p_2)$.","Thiết lập bất phương trình theo yêu cầu hệ thống: Xác suất tiêu diệt thành công $1 - 0{,}15(1 - p_2) \ge 0{,}98 \iff 0{,}15(1 - p_2) \le 0{,}02$, từ đó giải tìm điều kiện ràng buộc của $p_2$."
PROB_CREAT_165,Khoa hoc Du lieu - Phat hien Gian lan,SKILL_FRAUD_DETECTION,SangTao,VanDungCao,"Một thuật toán ngân hàng số kết hợp hai mô hình học máy độc lập $M_1$ và $M_2$ để cảnh báo giao dịch gian lận. Khi có một giao dịch gian lận thực sự xảy ra, xác suất mô hình $M_1$ cảnh báo là $0{,}90$, của $M_2$ là $0{,}80$. Hệ thống cho phép chọn hai chế độ vận hành: Chế độ 'An toàn tối đa' (khóa thẻ nếu có ít nhất một mô hình báo động) và Chế độ 'Trải nghiệm mượt' (chỉ khóa thẻ khi cả hai mô hình cùng báo động). Chênh lệch xác suất khóa thẻ chính xác giữa hai chế độ đối với một giao dịch gian lận là bao nhiêu?","0,26","0,18","0,72","0,98",A,1.75,2.41,"Tính xác suất khóa thẻ ở Chế độ 1 (ít nhất một mô hình báo động) bằng biến cố đối: $P_1 = 1 - (1 - 0{,}90)(1 - 0{,}80)$.","Tính xác suất khóa thẻ ở Chế độ 2 (cả hai mô hình cùng báo động) bằng quy tắc nhân: $P_2 = 0{,}90 \times 0{,}80$. Sau đó lấy hiệu số $P_1 - P_2$."
PROB_CREAT_166,Toi uu hoa He thong,SKILL_OPTIMAL_DECISION,SangTao,VanDungCao,"Một hệ thống truyền tin gồm $3$ kênh song song độc lập, mỗi kênh có xác suất truyền lỗi là $p \in (0, 1)$. Trong điều kiện chi phí tương đương, kỹ sư cân nhắc hai phương án nâng cấp: Phương án 1 thêm một kênh dự phòng song song thứ 4 (xác suất lỗi $p$); Phương án 2 áp dụng thuật toán lọc nhiễu nâng cao giúp giảm xác suất lỗi của một kênh xuống còn $\frac{1}{2}p$. Phương án nào tối ưu hơn để giảm thiểu nguy cơ toàn bộ hệ thống bị gián đoạn cùng lúc?",Phương án 1 (thêm kênh song song thứ 4),Phương án 2 (giảm một nửa xác suất lỗi của 1 kênh),Cả hai phương án mang lại độ an toàn tương đương nhau với mọi $p$,"Phương án 1 tối ưu hơn khi $p > 0{,}5$, ngược lại Phương án 2 tối ưu hơn khi $p < 0{,}5$",D,1.98,1.65,Hãy biểu diễn xác suất gián đoạn toàn bộ hệ thống (tất cả các kênh cùng gặp lỗi) theo $p$: Phương án 1 là $P_1 = p^4$; Phương án 2 là $P_2 = \frac{1}{2}p \cdot p^2 = \frac{1}{2}p^3$.,"Lập hiệu số $P_1 - P_2 = p^3(p - 0{,}5)$ và xét dấu trong khoảng $p \in (0, 1)$ để rút ra kết luận lựa chọn chiến lược tối ưu."
PROB_CREAT_167,Y sinh hoc - Thiet ke Thi nghiem,SKILL_CLINICAL_TRIAL,SangTao,VanDungCao,"Một phác đồ điều trị thử nghiệm gồm hai giai đoạn độc lập: Giai đoạn 1 kiểm tra độ an toàn trên nhóm nguy cơ cao với xác suất đạt là $0{,}8$; Giai đoạn 2 kiểm tra hiệu lực bảo vệ với xác suất đạt là $0{,}75$. Nếu giai đoạn 1 thất bại, phác đồ bị dừng ngay. Nếu giai đoạn 1 thành công nhưng giai đoạn 2 thất bại, bệnh nhân được chuyển sang phác đồ cứu trợ có xác suất hồi phục $0{,}6$. Xác suất để một bệnh nhân đạt kết quả điều trị tích cực (thành công ở cả 2 giai đoạn hoặc hồi phục nhờ phác đồ cứu trợ) là bao nhiêu?","0,72","0,60","0,78","0,84",A,2.21,1.99,"Phân tích cây biến cố (Event Tree): Xác định hai kịch bản dẫn đến kết quả tích cực: (1) Thành công cả hai giai đoạn chính; (2) Giai đoạn 1 thành công, giai đoạn 2 thất bại nhưng phác đồ cứu trợ thành công.","Vì các giai đoạn và phác đồ kế tiếp rời nhau về mặt điều kiện, hãy tính xác suất từng nhánh rồi áp dụng quy tắc cộng: $P = 0{,}8 \times 0{,}75 + 0{,}8 \times (1 - 0{,}75) \times 0{,}6$."
PROB_CREAT_168,Kinh te Tai chinh,SKILL_OPTIMAL_DECISION,SangTao,VanDungCao,"Một quỹ đầu tư mạo hiểm đánh giá hai dự án công nghệ $X$ và $Y$ độc lập. Xác suất thành công thương mại của $X$ là $0{,}6$ mang lại lợi nhuận kỳ vọng $+10$ tỷ đồng (nếu thất bại lỗ $-4$ tỷ); của $Y$ là $0{,}7$ mang lại $+8$ tỷ đồng (nếu thất bại lỗ $-5$ tỷ). Quỹ quyết định đầu tư đồng thời cả hai dự án. Xác suất để quỹ rơi vào tình trạng thua lỗ ròng (tổng lợi nhuận hai dự án âm) là bao nhiêu?","0,12","0,18","0,28","0,34",A,1.78,2.33,"Hãy lập bảng phân phối 4 kịch bản kết hợp giữa hai dự án: (X thắng, Y thắng), (X thắng, Y thua), (X thua, Y thắng), (X thua, Y thua) kèm theo tổng lợi nhuận số học tương ứng.","Kiểm tra xem kịch bản nào cho tổng lợi nhuận âm: Chỉ có kịch bản (X thua, Y thua) cho lợi nhuận $(-4) + (-5) = -9$ tỷ. (Trường hợp X thua, Y thắng cho $(-4) + 8 = +4 > 0$). Từ đó tính xác suất nhánh thỏa mãn."
PROB_CREAT_169,He thong Phong thu - An ninh,SKILL_DEFENSE_MODEL,SangTao,VanDungCao,"Một hệ thống phòng không tự động phân tầng có hai lớp phòng thủ độc lập $T_1$ (tầm xa) và $T_2$ (tầm gần). Xác suất tầng $T_1$ bắn hạ được mục tiêu xâm nhập là $0{,}85$. Nếu $T_1$ trượt, tầng $T_2$ tự động kích hoạt với xác suất tiêu diệt mục tiêu là $0{,}70$. Để nâng cao hiệu quả phòng thủ, chỉ huy muốn xác suất tiêu diệt mục tiêu đạt tối thiểu $0{,}98$. Hỏi xác suất tiêu diệt của tầng $T_2$ cần nâng cấp lên tối thiểu là bao nhiêu nếu giữ nguyên tầng $T_1$?","0,867","0,800","0,920","0,750",A,2.01,2.67,"Biểu diễn xác suất hệ thống phòng thủ thất bại (cả hai tầng đều trượt) theo xác suất trúng của tầng 2 là $p_2$: $P(\text{Trượt toàn bộ}) = (1 - 0{,}85)(1 - p_2) = 0{,}15(1 - p_2)$.","Thiết lập bất phương trình theo yêu cầu hệ thống: Xác suất tiêu diệt thành công $1 - 0{,}15(1 - p_2) \ge 0{,}98 \iff 0{,}15(1 - p_2) \le 0{,}02$, từ đó giải tìm điều kiện ràng buộc của $p_2$."
PROB_CREAT_170,Khoa hoc Du lieu - Phat hien Gian lan,SKILL_FRAUD_DETECTION,SangTao,VanDungCao,"Một thuật toán ngân hàng số kết hợp hai mô hình học máy độc lập $M_1$ và $M_2$ để cảnh báo giao dịch gian lận. Khi có một giao dịch gian lận thực sự xảy ra, xác suất mô hình $M_1$ cảnh báo là $0{,}90$, của $M_2$ là $0{,}80$. Hệ thống cho phép chọn hai chế độ vận hành: Chế độ 'An toàn tối đa' (khóa thẻ nếu có ít nhất một mô hình báo động) và Chế độ 'Trải nghiệm mượt' (chỉ khóa thẻ khi cả hai mô hình cùng báo động). Chênh lệch xác suất khóa thẻ chính xác giữa hai chế độ đối với một giao dịch gian lận là bao nhiêu?","0,26","0,18","0,72","0,98",A,2.24,1.91,"Tính xác suất khóa thẻ ở Chế độ 1 (ít nhất một mô hình báo động) bằng biến cố đối: $P_1 = 1 - (1 - 0{,}90)(1 - 0{,}80)$.","Tính xác suất khóa thẻ ở Chế độ 2 (cả hai mô hình cùng báo động) bằng quy tắc nhân: $P_2 = 0{,}90 \times 0{,}80$. Sau đó lấy hiệu số $P_1 - P_2$."
PROB_CREAT_171,Toi uu hoa He thong,SKILL_OPTIMAL_DECISION,SangTao,VanDungCao,"Một hệ thống truyền tin gồm $3$ kênh song song độc lập, mỗi kênh có xác suất truyền lỗi là $p \in (0, 1)$. Trong điều kiện chi phí tương đương, kỹ sư cân nhắc hai phương án nâng cấp: Phương án 1 thêm một kênh dự phòng song song thứ 4 (xác suất lỗi $p$); Phương án 2 áp dụng thuật toán lọc nhiễu nâng cao giúp giảm xác suất lỗi của một kênh xuống còn $\frac{1}{2}p$. Phương án nào tối ưu hơn để giảm thiểu nguy cơ toàn bộ hệ thống bị gián đoạn cùng lúc?",Phương án 1 (thêm kênh song song thứ 4),Phương án 2 (giảm một nửa xác suất lỗi của 1 kênh),Cả hai phương án mang lại độ an toàn tương đương nhau với mọi $p$,"Phương án 1 tối ưu hơn khi $p > 0{,}5$, ngược lại Phương án 2 tối ưu hơn khi $p < 0{,}5$",D,1.81,2.25,Hãy biểu diễn xác suất gián đoạn toàn bộ hệ thống (tất cả các kênh cùng gặp lỗi) theo $p$: Phương án 1 là $P_1 = p^4$; Phương án 2 là $P_2 = \frac{1}{2}p \cdot p^2 = \frac{1}{2}p^3$.,"Lập hiệu số $P_1 - P_2 = p^3(p - 0{,}5)$ và xét dấu trong khoảng $p \in (0, 1)$ để rút ra kết luận lựa chọn chiến lược tối ưu."
PROB_CREAT_172,Y sinh hoc - Thiet ke Thi nghiem,SKILL_CLINICAL_TRIAL,SangTao,VanDungCao,"Một phác đồ điều trị thử nghiệm gồm hai giai đoạn độc lập: Giai đoạn 1 kiểm tra độ an toàn trên nhóm nguy cơ cao với xác suất đạt là $0{,}8$; Giai đoạn 2 kiểm tra hiệu lực bảo vệ với xác suất đạt là $0{,}75$. Nếu giai đoạn 1 thất bại, phác đồ bị dừng ngay. Nếu giai đoạn 1 thành công nhưng giai đoạn 2 thất bại, bệnh nhân được chuyển sang phác đồ cứu trợ có xác suất hồi phục $0{,}6$. Xác suất để một bệnh nhân đạt kết quả điều trị tích cực (thành công ở cả 2 giai đoạn hoặc hồi phục nhờ phác đồ cứu trợ) là bao nhiêu?","0,72","0,60","0,78","0,84",A,2.04,2.59,"Phân tích cây biến cố (Event Tree): Xác định hai kịch bản dẫn đến kết quả tích cực: (1) Thành công cả hai giai đoạn chính; (2) Giai đoạn 1 thành công, giai đoạn 2 thất bại nhưng phác đồ cứu trợ thành công.","Vì các giai đoạn và phác đồ kế tiếp rời nhau về mặt điều kiện, hãy tính xác suất từng nhánh rồi áp dụng quy tắc cộng: $P = 0{,}8 \times 0{,}75 + 0{,}8 \times (1 - 0{,}75) \times 0{,}6$."
PROB_CREAT_173,Kinh te Tai chinh,SKILL_OPTIMAL_DECISION,SangTao,VanDungCao,"Một quỹ đầu tư mạo hiểm đánh giá hai dự án công nghệ $X$ và $Y$ độc lập. Xác suất thành công thương mại của $X$ là $0{,}6$ mang lại lợi nhuận kỳ vọng $+10$ tỷ đồng (nếu thất bại lỗ $-4$ tỷ); của $Y$ là $0{,}7$ mang lại $+8$ tỷ đồng (nếu thất bại lỗ $-5$ tỷ). Quỹ quyết định đầu tư đồng thời cả hai dự án. Xác suất để quỹ rơi vào tình trạng thua lỗ ròng (tổng lợi nhuận hai dự án âm) là bao nhiêu?","0,12","0,18","0,28","0,34",A,2.27,1.83,"Hãy lập bảng phân phối 4 kịch bản kết hợp giữa hai dự án: (X thắng, Y thắng), (X thắng, Y thua), (X thua, Y thắng), (X thua, Y thua) kèm theo tổng lợi nhuận số học tương ứng.","Kiểm tra xem kịch bản nào cho tổng lợi nhuận âm: Chỉ có kịch bản (X thua, Y thua) cho lợi nhuận $(-4) + (-5) = -9$ tỷ. (Trường hợp X thua, Y thắng cho $(-4) + 8 = +4 > 0$). Từ đó tính xác suất nhánh thỏa mãn."
PROB_CREAT_174,He thong Phong thu - An ninh,SKILL_DEFENSE_MODEL,SangTao,VanDungCao,"Một hệ thống phòng không tự động phân tầng có hai lớp phòng thủ độc lập $T_1$ (tầm xa) và $T_2$ (tầm gần). Xác suất tầng $T_1$ bắn hạ được mục tiêu xâm nhập là $0{,}85$. Nếu $T_1$ trượt, tầng $T_2$ tự động kích hoạt với xác suất tiêu diệt mục tiêu là $0{,}70$. Để nâng cao hiệu quả phòng thủ, chỉ huy muốn xác suất tiêu diệt mục tiêu đạt tối thiểu $0{,}98$. Hỏi xác suất tiêu diệt của tầng $T_2$ cần nâng cấp lên tối thiểu là bao nhiêu nếu giữ nguyên tầng $T_1$?","0,867","0,800","0,920","0,750",A,1.84,2.17,"Biểu diễn xác suất hệ thống phòng thủ thất bại (cả hai tầng đều trượt) theo xác suất trúng của tầng 2 là $p_2$: $P(\text{Trượt toàn bộ}) = (1 - 0{,}85)(1 - p_2) = 0{,}15(1 - p_2)$.","Thiết lập bất phương trình theo yêu cầu hệ thống: Xác suất tiêu diệt thành công $1 - 0{,}15(1 - p_2) \ge 0{,}98 \iff 0{,}15(1 - p_2) \le 0{,}02$, từ đó giải tìm điều kiện ràng buộc của $p_2$."
PROB_CREAT_175,Khoa hoc Du lieu - Phat hien Gian lan,SKILL_FRAUD_DETECTION,SangTao,VanDungCao,"Một thuật toán ngân hàng số kết hợp hai mô hình học máy độc lập $M_1$ và $M_2$ để cảnh báo giao dịch gian lận. Khi có một giao dịch gian lận thực sự xảy ra, xác suất mô hình $M_1$ cảnh báo là $0{,}90$, của $M_2$ là $0{,}80$. Hệ thống cho phép chọn hai chế độ vận hành: Chế độ 'An toàn tối đa' (khóa thẻ nếu có ít nhất một mô hình báo động) và Chế độ 'Trải nghiệm mượt' (chỉ khóa thẻ khi cả hai mô hình cùng báo động). Chênh lệch xác suất khóa thẻ chính xác giữa hai chế độ đối với một giao dịch gian lận là bao nhiêu?","0,26","0,18","0,72","0,98",A,2.07,2.51,"Tính xác suất khóa thẻ ở Chế độ 1 (ít nhất một mô hình báo động) bằng biến cố đối: $P_1 = 1 - (1 - 0{,}90)(1 - 0{,}80)$.","Tính xác suất khóa thẻ ở Chế độ 2 (cả hai mô hình cùng báo động) bằng quy tắc nhân: $P_2 = 0{,}90 \times 0{,}80$. Sau đó lấy hiệu số $P_1 - P_2$."
PROB_CREAT_176,Toi uu hoa He thong,SKILL_OPTIMAL_DECISION,SangTao,VanDungCao,"Một hệ thống truyền tin gồm $3$ kênh song song độc lập, mỗi kênh có xác suất truyền lỗi là $p \in (0, 1)$. Trong điều kiện chi phí tương đương, kỹ sư cân nhắc hai phương án nâng cấp: Phương án 1 thêm một kênh dự phòng song song thứ 4 (xác suất lỗi $p$); Phương án 2 áp dụng thuật toán lọc nhiễu nâng cao giúp giảm xác suất lỗi của một kênh xuống còn $\frac{1}{2}p$. Phương án nào tối ưu hơn để giảm thiểu nguy cơ toàn bộ hệ thống bị gián đoạn cùng lúc?",Phương án 1 (thêm kênh song song thứ 4),Phương án 2 (giảm một nửa xác suất lỗi của 1 kênh),Cả hai phương án mang lại độ an toàn tương đương nhau với mọi $p$,"Phương án 1 tối ưu hơn khi $p > 0{,}5$, ngược lại Phương án 2 tối ưu hơn khi $p < 0{,}5$",D,2.3,1.75,Hãy biểu diễn xác suất gián đoạn toàn bộ hệ thống (tất cả các kênh cùng gặp lỗi) theo $p$: Phương án 1 là $P_1 = p^4$; Phương án 2 là $P_2 = \frac{1}{2}p \cdot p^2 = \frac{1}{2}p^3$.,"Lập hiệu số $P_1 - P_2 = p^3(p - 0{,}5)$ và xét dấu trong khoảng $p \in (0, 1)$ để rút ra kết luận lựa chọn chiến lược tối ưu."
PROB_CREAT_177,Y sinh hoc - Thiet ke Thi nghiem,SKILL_CLINICAL_TRIAL,SangTao,VanDungCao,"Một phác đồ điều trị thử nghiệm gồm hai giai đoạn độc lập: Giai đoạn 1 kiểm tra độ an toàn trên nhóm nguy cơ cao với xác suất đạt là $0{,}8$; Giai đoạn 2 kiểm tra hiệu lực bảo vệ với xác suất đạt là $0{,}75$. Nếu giai đoạn 1 thất bại, phác đồ bị dừng ngay. Nếu giai đoạn 1 thành công nhưng giai đoạn 2 thất bại, bệnh nhân được chuyển sang phác đồ cứu trợ có xác suất hồi phục $0{,}6$. Xác suất để một bệnh nhân đạt kết quả điều trị tích cực (thành công ở cả 2 giai đoạn hoặc hồi phục nhờ phác đồ cứu trợ) là bao nhiêu?","0,72","0,60","0,78","0,84",A,1.87,2.09,"Phân tích cây biến cố (Event Tree): Xác định hai kịch bản dẫn đến kết quả tích cực: (1) Thành công cả hai giai đoạn chính; (2) Giai đoạn 1 thành công, giai đoạn 2 thất bại nhưng phác đồ cứu trợ thành công.","Vì các giai đoạn và phác đồ kế tiếp rời nhau về mặt điều kiện, hãy tính xác suất từng nhánh rồi áp dụng quy tắc cộng: $P = 0{,}8 \times 0{,}75 + 0{,}8 \times (1 - 0{,}75) \times 0{,}6$."
PROB_CREAT_178,Kinh te Tai chinh,SKILL_OPTIMAL_DECISION,SangTao,VanDungCao,"Một quỹ đầu tư mạo hiểm đánh giá hai dự án công nghệ $X$ và $Y$ độc lập. Xác suất thành công thương mại của $X$ là $0{,}6$ mang lại lợi nhuận kỳ vọng $+10$ tỷ đồng (nếu thất bại lỗ $-4$ tỷ); của $Y$ là $0{,}7$ mang lại $+8$ tỷ đồng (nếu thất bại lỗ $-5$ tỷ). Quỹ quyết định đầu tư đồng thời cả hai dự án. Xác suất để quỹ rơi vào tình trạng thua lỗ ròng (tổng lợi nhuận hai dự án âm) là bao nhiêu?","0,12","0,18","0,28","0,34",A,2.1,2.43,"Hãy lập bảng phân phối 4 kịch bản kết hợp giữa hai dự án: (X thắng, Y thắng), (X thắng, Y thua), (X thua, Y thắng), (X thua, Y thua) kèm theo tổng lợi nhuận số học tương ứng.","Kiểm tra xem kịch bản nào cho tổng lợi nhuận âm: Chỉ có kịch bản (X thua, Y thua) cho lợi nhuận $(-4) + (-5) = -9$ tỷ. (Trường hợp X thua, Y thắng cho $(-4) + 8 = +4 > 0$). Từ đó tính xác suất nhánh thỏa mãn."
PROB_CREAT_179,He thong Phong thu - An ninh,SKILL_DEFENSE_MODEL,SangTao,VanDungCao,"Một hệ thống phòng không tự động phân tầng có hai lớp phòng thủ độc lập $T_1$ (tầm xa) và $T_2$ (tầm gần). Xác suất tầng $T_1$ bắn hạ được mục tiêu xâm nhập là $0{,}85$. Nếu $T_1$ trượt, tầng $T_2$ tự động kích hoạt với xác suất tiêu diệt mục tiêu là $0{,}70$. Để nâng cao hiệu quả phòng thủ, chỉ huy muốn xác suất tiêu diệt mục tiêu đạt tối thiểu $0{,}98$. Hỏi xác suất tiêu diệt của tầng $T_2$ cần nâng cấp lên tối thiểu là bao nhiêu nếu giữ nguyên tầng $T_1$?","0,867","0,800","0,920","0,750",A,1.67,1.67,"Biểu diễn xác suất hệ thống phòng thủ thất bại (cả hai tầng đều trượt) theo xác suất trúng của tầng 2 là $p_2$: $P(\text{Trượt toàn bộ}) = (1 - 0{,}85)(1 - p_2) = 0{,}15(1 - p_2)$.","Thiết lập bất phương trình theo yêu cầu hệ thống: Xác suất tiêu diệt thành công $1 - 0{,}15(1 - p_2) \ge 0{,}98 \iff 0{,}15(1 - p_2) \le 0{,}02$, từ đó giải tìm điều kiện ràng buộc của $p_2$."
PROB_CREAT_180,Khoa hoc Du lieu - Phat hien Gian lan,SKILL_FRAUD_DETECTION,SangTao,VanDungCao,"Một thuật toán ngân hàng số kết hợp hai mô hình học máy độc lập $M_1$ và $M_2$ để cảnh báo giao dịch gian lận. Khi có một giao dịch gian lận thực sự xảy ra, xác suất mô hình $M_1$ cảnh báo là $0{,}90$, của $M_2$ là $0{,}80$. Hệ thống cho phép chọn hai chế độ vận hành: Chế độ 'An toàn tối đa' (khóa thẻ nếu có ít nhất một mô hình báo động) và Chế độ 'Trải nghiệm mượt' (chỉ khóa thẻ khi cả hai mô hình cùng báo động). Chênh lệch xác suất khóa thẻ chính xác giữa hai chế độ đối với một giao dịch gian lận là bao nhiêu?","0,26","0,18","0,72","0,98",A,1.9,2.01,"Tính xác suất khóa thẻ ở Chế độ 1 (ít nhất một mô hình báo động) bằng biến cố đối: $P_1 = 1 - (1 - 0{,}90)(1 - 0{,}80)$.","Tính xác suất khóa thẻ ở Chế độ 2 (cả hai mô hình cùng báo động) bằng quy tắc nhân: $P_2 = 0{,}90 \times 0{,}80$. Sau đó lấy hiệu số $P_1 - P_2$."
PROB_CREAT_181,Toi uu hoa He thong,SKILL_OPTIMAL_DECISION,SangTao,VanDungCao,"Một hệ thống truyền tin gồm $3$ kênh song song độc lập, mỗi kênh có xác suất truyền lỗi là $p \in (0, 1)$. Trong điều kiện chi phí tương đương, kỹ sư cân nhắc hai phương án nâng cấp: Phương án 1 thêm một kênh dự phòng song song thứ 4 (xác suất lỗi $p$); Phương án 2 áp dụng thuật toán lọc nhiễu nâng cao giúp giảm xác suất lỗi của một kênh xuống còn $\frac{1}{2}p$. Phương án nào tối ưu hơn để giảm thiểu nguy cơ toàn bộ hệ thống bị gián đoạn cùng lúc?",Phương án 1 (thêm kênh song song thứ 4),Phương án 2 (giảm một nửa xác suất lỗi của 1 kênh),Cả hai phương án mang lại độ an toàn tương đương nhau với mọi $p$,"Phương án 1 tối ưu hơn khi $p > 0{,}5$, ngược lại Phương án 2 tối ưu hơn khi $p < 0{,}5$",D,2.13,2.35,Hãy biểu diễn xác suất gián đoạn toàn bộ hệ thống (tất cả các kênh cùng gặp lỗi) theo $p$: Phương án 1 là $P_1 = p^4$; Phương án 2 là $P_2 = \frac{1}{2}p \cdot p^2 = \frac{1}{2}p^3$.,"Lập hiệu số $P_1 - P_2 = p^3(p - 0{,}5)$ và xét dấu trong khoảng $p \in (0, 1)$ để rút ra kết luận lựa chọn chiến lược tối ưu."
PROB_CREAT_182,Y sinh hoc - Thiet ke Thi nghiem,SKILL_CLINICAL_TRIAL,SangTao,VanDungCao,"Một phác đồ điều trị thử nghiệm gồm hai giai đoạn độc lập: Giai đoạn 1 kiểm tra độ an toàn trên nhóm nguy cơ cao với xác suất đạt là $0{,}8$; Giai đoạn 2 kiểm tra hiệu lực bảo vệ với xác suất đạt là $0{,}75$. Nếu giai đoạn 1 thất bại, phác đồ bị dừng ngay. Nếu giai đoạn 1 thành công nhưng giai đoạn 2 thất bại, bệnh nhân được chuyển sang phác đồ cứu trợ có xác suất hồi phục $0{,}6$. Xác suất để một bệnh nhân đạt kết quả điều trị tích cực (thành công ở cả 2 giai đoạn hoặc hồi phục nhờ phác đồ cứu trợ) là bao nhiêu?","0,72","0,60","0,78","0,84",A,1.7,2.69,"Phân tích cây biến cố (Event Tree): Xác định hai kịch bản dẫn đến kết quả tích cực: (1) Thành công cả hai giai đoạn chính; (2) Giai đoạn 1 thành công, giai đoạn 2 thất bại nhưng phác đồ cứu trợ thành công.","Vì các giai đoạn và phác đồ kế tiếp rời nhau về mặt điều kiện, hãy tính xác suất từng nhánh rồi áp dụng quy tắc cộng: $P = 0{,}8 \times 0{,}75 + 0{,}8 \times (1 - 0{,}75) \times 0{,}6$."
PROB_CREAT_183,Kinh te Tai chinh,SKILL_OPTIMAL_DECISION,SangTao,VanDungCao,"Một quỹ đầu tư mạo hiểm đánh giá hai dự án công nghệ $X$ và $Y$ độc lập. Xác suất thành công thương mại của $X$ là $0{,}6$ mang lại lợi nhuận kỳ vọng $+10$ tỷ đồng (nếu thất bại lỗ $-4$ tỷ); của $Y$ là $0{,}7$ mang lại $+8$ tỷ đồng (nếu thất bại lỗ $-5$ tỷ). Quỹ quyết định đầu tư đồng thời cả hai dự án. Xác suất để quỹ rơi vào tình trạng thua lỗ ròng (tổng lợi nhuận hai dự án âm) là bao nhiêu?","0,12","0,18","0,28","0,34",A,1.93,1.93,"Hãy lập bảng phân phối 4 kịch bản kết hợp giữa hai dự án: (X thắng, Y thắng), (X thắng, Y thua), (X thua, Y thắng), (X thua, Y thua) kèm theo tổng lợi nhuận số học tương ứng.","Kiểm tra xem kịch bản nào cho tổng lợi nhuận âm: Chỉ có kịch bản (X thua, Y thua) cho lợi nhuận $(-4) + (-5) = -9$ tỷ. (Trường hợp X thua, Y thắng cho $(-4) + 8 = +4 > 0$). Từ đó tính xác suất nhánh thỏa mãn."
PROB_CREAT_184,He thong Phong thu - An ninh,SKILL_DEFENSE_MODEL,SangTao,VanDungCao,"Một hệ thống phòng không tự động phân tầng có hai lớp phòng thủ độc lập $T_1$ (tầm xa) và $T_2$ (tầm gần). Xác suất tầng $T_1$ bắn hạ được mục tiêu xâm nhập là $0{,}85$. Nếu $T_1$ trượt, tầng $T_2$ tự động kích hoạt với xác suất tiêu diệt mục tiêu là $0{,}70$. Để nâng cao hiệu quả phòng thủ, chỉ huy muốn xác suất tiêu diệt mục tiêu đạt tối thiểu $0{,}98$. Hỏi xác suất tiêu diệt của tầng $T_2$ cần nâng cấp lên tối thiểu là bao nhiêu nếu giữ nguyên tầng $T_1$?","0,867","0,800","0,920","0,750",A,2.16,2.27,"Biểu diễn xác suất hệ thống phòng thủ thất bại (cả hai tầng đều trượt) theo xác suất trúng của tầng 2 là $p_2$: $P(\text{Trượt toàn bộ}) = (1 - 0{,}85)(1 - p_2) = 0{,}15(1 - p_2)$.","Thiết lập bất phương trình theo yêu cầu hệ thống: Xác suất tiêu diệt thành công $1 - 0{,}15(1 - p_2) \ge 0{,}98 \iff 0{,}15(1 - p_2) \le 0{,}02$, từ đó giải tìm điều kiện ràng buộc của $p_2$."
PROB_CREAT_185,Khoa hoc Du lieu - Phat hien Gian lan,SKILL_FRAUD_DETECTION,SangTao,VanDungCao,"Một thuật toán ngân hàng số kết hợp hai mô hình học máy độc lập $M_1$ và $M_2$ để cảnh báo giao dịch gian lận. Khi có một giao dịch gian lận thực sự xảy ra, xác suất mô hình $M_1$ cảnh báo là $0{,}90$, của $M_2$ là $0{,}80$. Hệ thống cho phép chọn hai chế độ vận hành: Chế độ 'An toàn tối đa' (khóa thẻ nếu có ít nhất một mô hình báo động) và Chế độ 'Trải nghiệm mượt' (chỉ khóa thẻ khi cả hai mô hình cùng báo động). Chênh lệch xác suất khóa thẻ chính xác giữa hai chế độ đối với một giao dịch gian lận là bao nhiêu?","0,26","0,18","0,72","0,98",A,1.73,2.61,"Tính xác suất khóa thẻ ở Chế độ 1 (ít nhất một mô hình báo động) bằng biến cố đối: $P_1 = 1 - (1 - 0{,}90)(1 - 0{,}80)$.","Tính xác suất khóa thẻ ở Chế độ 2 (cả hai mô hình cùng báo động) bằng quy tắc nhân: $P_2 = 0{,}90 \times 0{,}80$. Sau đó lấy hiệu số $P_1 - P_2$."
PROB_CREAT_186,Toi uu hoa He thong,SKILL_OPTIMAL_DECISION,SangTao,VanDungCao,"Một hệ thống truyền tin gồm $3$ kênh song song độc lập, mỗi kênh có xác suất truyền lỗi là $p \in (0, 1)$. Trong điều kiện chi phí tương đương, kỹ sư cân nhắc hai phương án nâng cấp: Phương án 1 thêm một kênh dự phòng song song thứ 4 (xác suất lỗi $p$); Phương án 2 áp dụng thuật toán lọc nhiễu nâng cao giúp giảm xác suất lỗi của một kênh xuống còn $\frac{1}{2}p$. Phương án nào tối ưu hơn để giảm thiểu nguy cơ toàn bộ hệ thống bị gián đoạn cùng lúc?",Phương án 1 (thêm kênh song song thứ 4),Phương án 2 (giảm một nửa xác suất lỗi của 1 kênh),Cả hai phương án mang lại độ an toàn tương đương nhau với mọi $p$,"Phương án 1 tối ưu hơn khi $p > 0{,}5$, ngược lại Phương án 2 tối ưu hơn khi $p < 0{,}5$",D,1.96,1.85,Hãy biểu diễn xác suất gián đoạn toàn bộ hệ thống (tất cả các kênh cùng gặp lỗi) theo $p$: Phương án 1 là $P_1 = p^4$; Phương án 2 là $P_2 = \frac{1}{2}p \cdot p^2 = \frac{1}{2}p^3$.,"Lập hiệu số $P_1 - P_2 = p^3(p - 0{,}5)$ và xét dấu trong khoảng $p \in (0, 1)$ để rút ra kết luận lựa chọn chiến lược tối ưu."
PROB_CREAT_187,Y sinh hoc - Thiet ke Thi nghiem,SKILL_CLINICAL_TRIAL,SangTao,VanDungCao,"Một phác đồ điều trị thử nghiệm gồm hai giai đoạn độc lập: Giai đoạn 1 kiểm tra độ an toàn trên nhóm nguy cơ cao với xác suất đạt là $0{,}8$; Giai đoạn 2 kiểm tra hiệu lực bảo vệ với xác suất đạt là $0{,}75$. Nếu giai đoạn 1 thất bại, phác đồ bị dừng ngay. Nếu giai đoạn 1 thành công nhưng giai đoạn 2 thất bại, bệnh nhân được chuyển sang phác đồ cứu trợ có xác suất hồi phục $0{,}6$. Xác suất để một bệnh nhân đạt kết quả điều trị tích cực (thành công ở cả 2 giai đoạn hoặc hồi phục nhờ phác đồ cứu trợ) là bao nhiêu?","0,72","0,60","0,78","0,84",A,2.19,2.19,"Phân tích cây biến cố (Event Tree): Xác định hai kịch bản dẫn đến kết quả tích cực: (1) Thành công cả hai giai đoạn chính; (2) Giai đoạn 1 thành công, giai đoạn 2 thất bại nhưng phác đồ cứu trợ thành công.","Vì các giai đoạn và phác đồ kế tiếp rời nhau về mặt điều kiện, hãy tính xác suất từng nhánh rồi áp dụng quy tắc cộng: $P = 0{,}8 \times 0{,}75 + 0{,}8 \times (1 - 0{,}75) \times 0{,}6$."
PROB_CREAT_188,Kinh te Tai chinh,SKILL_OPTIMAL_DECISION,SangTao,VanDungCao,"Một quỹ đầu tư mạo hiểm đánh giá hai dự án công nghệ $X$ và $Y$ độc lập. Xác suất thành công thương mại của $X$ là $0{,}6$ mang lại lợi nhuận kỳ vọng $+10$ tỷ đồng (nếu thất bại lỗ $-4$ tỷ); của $Y$ là $0{,}7$ mang lại $+8$ tỷ đồng (nếu thất bại lỗ $-5$ tỷ). Quỹ quyết định đầu tư đồng thời cả hai dự án. Xác suất để quỹ rơi vào tình trạng thua lỗ ròng (tổng lợi nhuận hai dự án âm) là bao nhiêu?","0,12","0,18","0,28","0,34",A,1.76,2.53,"Hãy lập bảng phân phối 4 kịch bản kết hợp giữa hai dự án: (X thắng, Y thắng), (X thắng, Y thua), (X thua, Y thắng), (X thua, Y thua) kèm theo tổng lợi nhuận số học tương ứng.","Kiểm tra xem kịch bản nào cho tổng lợi nhuận âm: Chỉ có kịch bản (X thua, Y thua) cho lợi nhuận $(-4) + (-5) = -9$ tỷ. (Trường hợp X thua, Y thắng cho $(-4) + 8 = +4 > 0$). Từ đó tính xác suất nhánh thỏa mãn."
PROB_CREAT_189,He thong Phong thu - An ninh,SKILL_DEFENSE_MODEL,SangTao,VanDungCao,"Một hệ thống phòng không tự động phân tầng có hai lớp phòng thủ độc lập $T_1$ (tầm xa) và $T_2$ (tầm gần). Xác suất tầng $T_1$ bắn hạ được mục tiêu xâm nhập là $0{,}85$. Nếu $T_1$ trượt, tầng $T_2$ tự động kích hoạt với xác suất tiêu diệt mục tiêu là $0{,}70$. Để nâng cao hiệu quả phòng thủ, chỉ huy muốn xác suất tiêu diệt mục tiêu đạt tối thiểu $0{,}98$. Hỏi xác suất tiêu diệt của tầng $T_2$ cần nâng cấp lên tối thiểu là bao nhiêu nếu giữ nguyên tầng $T_1$?","0,867","0,800","0,920","0,750",A,1.99,1.77,"Biểu diễn xác suất hệ thống phòng thủ thất bại (cả hai tầng đều trượt) theo xác suất trúng của tầng 2 là $p_2$: $P(\text{Trượt toàn bộ}) = (1 - 0{,}85)(1 - p_2) = 0{,}15(1 - p_2)$.","Thiết lập bất phương trình theo yêu cầu hệ thống: Xác suất tiêu diệt thành công $1 - 0{,}15(1 - p_2) \ge 0{,}98 \iff 0{,}15(1 - p_2) \le 0{,}02$, từ đó giải tìm điều kiện ràng buộc của $p_2$."
PROB_CREAT_190,Khoa hoc Du lieu - Phat hien Gian lan,SKILL_FRAUD_DETECTION,SangTao,VanDungCao,"Một thuật toán ngân hàng số kết hợp hai mô hình học máy độc lập $M_1$ và $M_2$ để cảnh báo giao dịch gian lận. Khi có một giao dịch gian lận thực sự xảy ra, xác suất mô hình $M_1$ cảnh báo là $0{,}90$, của $M_2$ là $0{,}80$. Hệ thống cho phép chọn hai chế độ vận hành: Chế độ 'An toàn tối đa' (khóa thẻ nếu có ít nhất một mô hình báo động) và Chế độ 'Trải nghiệm mượt' (chỉ khóa thẻ khi cả hai mô hình cùng báo động). Chênh lệch xác suất khóa thẻ chính xác giữa hai chế độ đối với một giao dịch gian lận là bao nhiêu?","0,26","0,18","0,72","0,98",A,2.22,2.11,"Tính xác suất khóa thẻ ở Chế độ 1 (ít nhất một mô hình báo động) bằng biến cố đối: $P_1 = 1 - (1 - 0{,}90)(1 - 0{,}80)$.","Tính xác suất khóa thẻ ở Chế độ 2 (cả hai mô hình cùng báo động) bằng quy tắc nhân: $P_2 = 0{,}90 \times 0{,}80$. Sau đó lấy hiệu số $P_1 - P_2$."
PROB_CREAT_191,Toi uu hoa He thong,SKILL_OPTIMAL_DECISION,SangTao,VanDungCao,"Một hệ thống truyền tin gồm $3$ kênh song song độc lập, mỗi kênh có xác suất truyền lỗi là $p \in (0, 1)$. Trong điều kiện chi phí tương đương, kỹ sư cân nhắc hai phương án nâng cấp: Phương án 1 thêm một kênh dự phòng song song thứ 4 (xác suất lỗi $p$); Phương án 2 áp dụng thuật toán lọc nhiễu nâng cao giúp giảm xác suất lỗi của một kênh xuống còn $\frac{1}{2}p$. Phương án nào tối ưu hơn để giảm thiểu nguy cơ toàn bộ hệ thống bị gián đoạn cùng lúc?",Phương án 1 (thêm kênh song song thứ 4),Phương án 2 (giảm một nửa xác suất lỗi của 1 kênh),Cả hai phương án mang lại độ an toàn tương đương nhau với mọi $p$,"Phương án 1 tối ưu hơn khi $p > 0{,}5$, ngược lại Phương án 2 tối ưu hơn khi $p < 0{,}5$",D,1.79,2.45,Hãy biểu diễn xác suất gián đoạn toàn bộ hệ thống (tất cả các kênh cùng gặp lỗi) theo $p$: Phương án 1 là $P_1 = p^4$; Phương án 2 là $P_2 = \frac{1}{2}p \cdot p^2 = \frac{1}{2}p^3$.,"Lập hiệu số $P_1 - P_2 = p^3(p - 0{,}5)$ và xét dấu trong khoảng $p \in (0, 1)$ để rút ra kết luận lựa chọn chiến lược tối ưu."
PROB_CREAT_192,Y sinh hoc - Thiet ke Thi nghiem,SKILL_CLINICAL_TRIAL,SangTao,VanDungCao,"Một phác đồ điều trị thử nghiệm gồm hai giai đoạn độc lập: Giai đoạn 1 kiểm tra độ an toàn trên nhóm nguy cơ cao với xác suất đạt là $0{,}8$; Giai đoạn 2 kiểm tra hiệu lực bảo vệ với xác suất đạt là $0{,}75$. Nếu giai đoạn 1 thất bại, phác đồ bị dừng ngay. Nếu giai đoạn 1 thành công nhưng giai đoạn 2 thất bại, bệnh nhân được chuyển sang phác đồ cứu trợ có xác suất hồi phục $0{,}6$. Xác suất để một bệnh nhân đạt kết quả điều trị tích cực (thành công ở cả 2 giai đoạn hoặc hồi phục nhờ phác đồ cứu trợ) là bao nhiêu?","0,72","0,60","0,78","0,84",A,2.02,1.69,"Phân tích cây biến cố (Event Tree): Xác định hai kịch bản dẫn đến kết quả tích cực: (1) Thành công cả hai giai đoạn chính; (2) Giai đoạn 1 thành công, giai đoạn 2 thất bại nhưng phác đồ cứu trợ thành công.","Vì các giai đoạn và phác đồ kế tiếp rời nhau về mặt điều kiện, hãy tính xác suất từng nhánh rồi áp dụng quy tắc cộng: $P = 0{,}8 \times 0{,}75 + 0{,}8 \times (1 - 0{,}75) \times 0{,}6$."
PROB_CREAT_193,Kinh te Tai chinh,SKILL_OPTIMAL_DECISION,SangTao,VanDungCao,"Một quỹ đầu tư mạo hiểm đánh giá hai dự án công nghệ $X$ và $Y$ độc lập. Xác suất thành công thương mại của $X$ là $0{,}6$ mang lại lợi nhuận kỳ vọng $+10$ tỷ đồng (nếu thất bại lỗ $-4$ tỷ); của $Y$ là $0{,}7$ mang lại $+8$ tỷ đồng (nếu thất bại lỗ $-5$ tỷ). Quỹ quyết định đầu tư đồng thời cả hai dự án. Xác suất để quỹ rơi vào tình trạng thua lỗ ròng (tổng lợi nhuận hai dự án âm) là bao nhiêu?","0,12","0,18","0,28","0,34",A,2.25,2.03,"Hãy lập bảng phân phối 4 kịch bản kết hợp giữa hai dự án: (X thắng, Y thắng), (X thắng, Y thua), (X thua, Y thắng), (X thua, Y thua) kèm theo tổng lợi nhuận số học tương ứng.","Kiểm tra xem kịch bản nào cho tổng lợi nhuận âm: Chỉ có kịch bản (X thua, Y thua) cho lợi nhuận $(-4) + (-5) = -9$ tỷ. (Trường hợp X thua, Y thắng cho $(-4) + 8 = +4 > 0$). Từ đó tính xác suất nhánh thỏa mãn."
PROB_CREAT_194,He thong Phong thu - An ninh,SKILL_DEFENSE_MODEL,SangTao,VanDungCao,"Một hệ thống phòng không tự động phân tầng có hai lớp phòng thủ độc lập $T_1$ (tầm xa) và $T_2$ (tầm gần). Xác suất tầng $T_1$ bắn hạ được mục tiêu xâm nhập là $0{,}85$. Nếu $T_1$ trượt, tầng $T_2$ tự động kích hoạt với xác suất tiêu diệt mục tiêu là $0{,}70$. Để nâng cao hiệu quả phòng thủ, chỉ huy muốn xác suất tiêu diệt mục tiêu đạt tối thiểu $0{,}98$. Hỏi xác suất tiêu diệt của tầng $T_2$ cần nâng cấp lên tối thiểu là bao nhiêu nếu giữ nguyên tầng $T_1$?","0,867","0,800","0,920","0,750",A,1.82,2.37,"Biểu diễn xác suất hệ thống phòng thủ thất bại (cả hai tầng đều trượt) theo xác suất trúng của tầng 2 là $p_2$: $P(\text{Trượt toàn bộ}) = (1 - 0{,}85)(1 - p_2) = 0{,}15(1 - p_2)$.","Thiết lập bất phương trình theo yêu cầu hệ thống: Xác suất tiêu diệt thành công $1 - 0{,}15(1 - p_2) \ge 0{,}98 \iff 0{,}15(1 - p_2) \le 0{,}02$, từ đó giải tìm điều kiện ràng buộc của $p_2$."
PROB_CREAT_195,Khoa hoc Du lieu - Phat hien Gian lan,SKILL_FRAUD_DETECTION,SangTao,VanDungCao,"Một thuật toán ngân hàng số kết hợp hai mô hình học máy độc lập $M_1$ và $M_2$ để cảnh báo giao dịch gian lận. Khi có một giao dịch gian lận thực sự xảy ra, xác suất mô hình $M_1$ cảnh báo là $0{,}90$, của $M_2$ là $0{,}80$. Hệ thống cho phép chọn hai chế độ vận hành: Chế độ 'An toàn tối đa' (khóa thẻ nếu có ít nhất một mô hình báo động) và Chế độ 'Trải nghiệm mượt' (chỉ khóa thẻ khi cả hai mô hình cùng báo động). Chênh lệch xác suất khóa thẻ chính xác giữa hai chế độ đối với một giao dịch gian lận là bao nhiêu?","0,26","0,18","0,72","0,98",A,2.05,2.71,"Tính xác suất khóa thẻ ở Chế độ 1 (ít nhất một mô hình báo động) bằng biến cố đối: $P_1 = 1 - (1 - 0{,}90)(1 - 0{,}80)$.","Tính xác suất khóa thẻ ở Chế độ 2 (cả hai mô hình cùng báo động) bằng quy tắc nhân: $P_2 = 0{,}90 \times 0{,}80$. Sau đó lấy hiệu số $P_1 - P_2$."
PROB_CREAT_196,Toi uu hoa He thong,SKILL_OPTIMAL_DECISION,SangTao,VanDungCao,"Một hệ thống truyền tin gồm $3$ kênh song song độc lập, mỗi kênh có xác suất truyền lỗi là $p \in (0, 1)$. Trong điều kiện chi phí tương đương, kỹ sư cân nhắc hai phương án nâng cấp: Phương án 1 thêm một kênh dự phòng song song thứ 4 (xác suất lỗi $p$); Phương án 2 áp dụng thuật toán lọc nhiễu nâng cao giúp giảm xác suất lỗi của một kênh xuống còn $\frac{1}{2}p$. Phương án nào tối ưu hơn để giảm thiểu nguy cơ toàn bộ hệ thống bị gián đoạn cùng lúc?",Phương án 1 (thêm kênh song song thứ 4),Phương án 2 (giảm một nửa xác suất lỗi của 1 kênh),Cả hai phương án mang lại độ an toàn tương đương nhau với mọi $p$,"Phương án 1 tối ưu hơn khi $p > 0{,}5$, ngược lại Phương án 2 tối ưu hơn khi $p < 0{,}5$",D,2.28,2.95,Hãy biểu diễn xác suất gián đoạn toàn bộ hệ thống (tất cả các kênh cùng gặp lỗi) theo $p$: Phương án 1 là $P_1 = p^4$; Phương án 2 là $P_2 = \frac{1}{2}p \cdot p^2 = \frac{1}{2}p^3$.,"Lập hiệu số $P_1 - P_2 = p^3(p - 0{,}5)$ và xét dấu trong khoảng $p \in (0, 1)$ để rút ra kết luận lựa chọn chiến lược tối ưu."
PROB_CREAT_197,Y sinh hoc - Thiet ke Thi nghiem,SKILL_CLINICAL_TRIAL,SangTao,VanDungCao,"Một phác đồ điều trị thử nghiệm gồm hai giai đoạn độc lập: Giai đoạn 1 kiểm tra độ an toàn trên nhóm nguy cơ cao với xác suất đạt là $0{,}8$; Giai đoạn 2 kiểm tra hiệu lực bảo vệ với xác suất đạt là $0{,}75$. Nếu giai đoạn 1 thất bại, phác đồ bị dừng ngay. Nếu giai đoạn 1 thành công nhưng giai đoạn 2 thất bại, bệnh nhân được chuyển sang phác đồ cứu trợ có xác suất hồi phục $0{,}6$. Xác suất để một bệnh nhân đạt kết quả điều trị tích cực (thành công ở cả 2 giai đoạn hoặc hồi phục nhờ phác đồ cứu trợ) là bao nhiêu?","0,72","0,60","0,78","0,84",A,1.85,2.29,"Phân tích cây biến cố (Event Tree): Xác định hai kịch bản dẫn đến kết quả tích cực: (1) Thành công cả hai giai đoạn chính; (2) Giai đoạn 1 thành công, giai đoạn 2 thất bại nhưng phác đồ cứu trợ thành công.","Vì các giai đoạn và phác đồ kế tiếp rời nhau về mặt điều kiện, hãy tính xác suất từng nhánh rồi áp dụng quy tắc cộng: $P = 0{,}8 \times 0{,}75 + 0{,}8 \times (1 - 0{,}75) \times 0{,}6$."
PROB_CREAT_198,Kinh te Tai chinh,SKILL_OPTIMAL_DECISION,SangTao,VanDungCao,"Một quỹ đầu tư mạo hiểm đánh giá hai dự án công nghệ $X$ và $Y$ độc lập. Xác suất thành công thương mại của $X$ là $0{,}6$ mang lại lợi nhuận kỳ vọng $+10$ tỷ đồng (nếu thất bại lỗ $-4$ tỷ); của $Y$ là $0{,}7$ mang lại $+8$ tỷ đồng (nếu thất bại lỗ $-5$ tỷ). Quỹ quyết định đầu tư đồng thời cả hai dự án. Xác suất để quỹ rơi vào tình trạng thua lỗ ròng (tổng lợi nhuận hai dự án âm) là bao nhiêu?","0,12","0,18","0,28","0,34",A,2.08,2.63,"Hãy lập bảng phân phối 4 kịch bản kết hợp giữa hai dự án: (X thắng, Y thắng), (X thắng, Y thua), (X thua, Y thắng), (X thua, Y thua) kèm theo tổng lợi nhuận số học tương ứng.","Kiểm tra xem kịch bản nào cho tổng lợi nhuận âm: Chỉ có kịch bản (X thua, Y thua) cho lợi nhuận $(-4) + (-5) = -9$ tỷ. (Trường hợp X thua, Y thắng cho $(-4) + 8 = +4 > 0$). Từ đó tính xác suất nhánh thỏa mãn."
PROB_CREAT_199,He thong Phong thu - An ninh,SKILL_DEFENSE_MODEL,SangTao,VanDungCao,"Một hệ thống phòng không tự động phân tầng có hai lớp phòng thủ độc lập $T_1$ (tầm xa) và $T_2$ (tầm gần). Xác suất tầng $T_1$ bắn hạ được mục tiêu xâm nhập là $0{,}85$. Nếu $T_1$ trượt, tầng $T_2$ tự động kích hoạt với xác suất tiêu diệt mục tiêu là $0{,}70$. Để nâng cao hiệu quả phòng thủ, chỉ huy muốn xác suất tiêu diệt mục tiêu đạt tối thiểu $0{,}98$. Hỏi xác suất tiêu diệt của tầng $T_2$ cần nâng cấp lên tối thiểu là bao nhiêu nếu giữ nguyên tầng $T_1$?","0,867","0,800","0,920","0,750",A,1.65,1.87,"Biểu diễn xác suất hệ thống phòng thủ thất bại (cả hai tầng đều trượt) theo xác suất trúng của tầng 2 là $p_2$: $P(\text{Trượt toàn bộ}) = (1 - 0{,}85)(1 - p_2) = 0{,}15(1 - p_2)$.","Thiết lập bất phương trình theo yêu cầu hệ thống: Xác suất tiêu diệt thành công $1 - 0{,}15(1 - p_2) \ge 0{,}98 \iff 0{,}15(1 - p_2) \le 0{,}02$, từ đó giải tìm điều kiện ràng buộc của $p_2$."
PROB_CREAT_200,Khoa hoc Du lieu - Phat hien Gian lan,SKILL_FRAUD_DETECTION,SangTao,VanDungCao,"Một thuật toán ngân hàng số kết hợp hai mô hình học máy độc lập $M_1$ và $M_2$ để cảnh báo giao dịch gian lận. Khi có một giao dịch gian lận thực sự xảy ra, xác suất mô hình $M_1$ cảnh báo là $0{,}90$, của $M_2$ là $0{,}80$. Hệ thống cho phép chọn hai chế độ vận hành: Chế độ 'An toàn tối đa' (khóa thẻ nếu có ít nhất một mô hình báo động) và Chế độ 'Trải nghiệm mượt' (chỉ khóa thẻ khi cả hai mô hình cùng báo động). Chênh lệch xác suất khóa thẻ chính xác giữa hai chế độ đối với một giao dịch gian lận là bao nhiêu?","0,26","0,18","0,72","0,98",A,1.88,2.21,"Tính xác suất khóa thẻ ở Chế độ 1 (ít nhất một mô hình báo động) bằng biến cố đối: $P_1 = 1 - (1 - 0{,}90)(1 - 0{,}80)$.","Tính xác suất khóa thẻ ở Chế độ 2 (cả hai mô hình cùng báo động) bằng quy tắc nhân: $P_2 = 0{,}90 \times 0{,}80$. Sau đó lấy hiệu số $P_1 - P_2$."
PROB_CREAT_201,Toi uu hoa He thong,SKILL_OPTIMAL_DECISION,SangTao,VanDungCao,"Một hệ thống truyền tin gồm $3$ kênh song song độc lập, mỗi kênh có xác suất truyền lỗi là $p \in (0, 1)$. Trong điều kiện chi phí tương đương, kỹ sư cân nhắc hai phương án nâng cấp: Phương án 1 thêm một kênh dự phòng song song thứ 4 (xác suất lỗi $p$); Phương án 2 áp dụng thuật toán lọc nhiễu nâng cao giúp giảm xác suất lỗi của một kênh xuống còn $\frac{1}{2}p$. Phương án nào tối ưu hơn để giảm thiểu nguy cơ toàn bộ hệ thống bị gián đoạn cùng lúc?",Phương án 1 (thêm kênh song song thứ 4),Phương án 2 (giảm một nửa xác suất lỗi của 1 kênh),Cả hai phương án mang lại độ an toàn tương đương nhau với mọi $p$,"Phương án 1 tối ưu hơn khi $p > 0{,}5$, ngược lại Phương án 2 tối ưu hơn khi $p < 0{,}5$",D,2.11,2.55,Hãy biểu diễn xác suất gián đoạn toàn bộ hệ thống (tất cả các kênh cùng gặp lỗi) theo $p$: Phương án 1 là $P_1 = p^4$; Phương án 2 là $P_2 = \frac{1}{2}p \cdot p^2 = \frac{1}{2}p^3$.,"Lập hiệu số $P_1 - P_2 = p^3(p - 0{,}5)$ và xét dấu trong khoảng $p \in (0, 1)$ để rút ra kết luận lựa chọn chiến lược tối ưu."
PROB_CREAT_202,Y sinh hoc - Thiet ke Thi nghiem,SKILL_CLINICAL_TRIAL,SangTao,VanDungCao,"Một phác đồ điều trị thử nghiệm gồm hai giai đoạn độc lập: Giai đoạn 1 kiểm tra độ an toàn trên nhóm nguy cơ cao với xác suất đạt là $0{,}8$; Giai đoạn 2 kiểm tra hiệu lực bảo vệ với xác suất đạt là $0{,}75$. Nếu giai đoạn 1 thất bại, phác đồ bị dừng ngay. Nếu giai đoạn 1 thành công nhưng giai đoạn 2 thất bại, bệnh nhân được chuyển sang phác đồ cứu trợ có xác suất hồi phục $0{,}6$. Xác suất để một bệnh nhân đạt kết quả điều trị tích cực (thành công ở cả 2 giai đoạn hoặc hồi phục nhờ phác đồ cứu trợ) là bao nhiêu?","0,72","0,60","0,78","0,84",A,1.68,1.79,"Phân tích cây biến cố (Event Tree): Xác định hai kịch bản dẫn đến kết quả tích cực: (1) Thành công cả hai giai đoạn chính; (2) Giai đoạn 1 thành công, giai đoạn 2 thất bại nhưng phác đồ cứu trợ thành công.","Vì các giai đoạn và phác đồ kế tiếp rời nhau về mặt điều kiện, hãy tính xác suất từng nhánh rồi áp dụng quy tắc cộng: $P = 0{,}8 \times 0{,}75 + 0{,}8 \times (1 - 0{,}75) \times 0{,}6$."
PROB_CREAT_203,Kinh te Tai chinh,SKILL_OPTIMAL_DECISION,SangTao,VanDungCao,"Một quỹ đầu tư mạo hiểm đánh giá hai dự án công nghệ $X$ và $Y$ độc lập. Xác suất thành công thương mại của $X$ là $0{,}6$ mang lại lợi nhuận kỳ vọng $+10$ tỷ đồng (nếu thất bại lỗ $-4$ tỷ); của $Y$ là $0{,}7$ mang lại $+8$ tỷ đồng (nếu thất bại lỗ $-5$ tỷ). Quỹ quyết định đầu tư đồng thời cả hai dự án. Xác suất để quỹ rơi vào tình trạng thua lỗ ròng (tổng lợi nhuận hai dự án âm) là bao nhiêu?","0,12","0,18","0,28","0,34",A,1.91,2.13,"Hãy lập bảng phân phối 4 kịch bản kết hợp giữa hai dự án: (X thắng, Y thắng), (X thắng, Y thua), (X thua, Y thắng), (X thua, Y thua) kèm theo tổng lợi nhuận số học tương ứng.","Kiểm tra xem kịch bản nào cho tổng lợi nhuận âm: Chỉ có kịch bản (X thua, Y thua) cho lợi nhuận $(-4) + (-5) = -9$ tỷ. (Trường hợp X thua, Y thắng cho $(-4) + 8 = +4 > 0$). Từ đó tính xác suất nhánh thỏa mãn."
PROB_CREAT_204,He thong Phong thu - An ninh,SKILL_DEFENSE_MODEL,SangTao,VanDungCao,"Một hệ thống phòng không tự động phân tầng có hai lớp phòng thủ độc lập $T_1$ (tầm xa) và $T_2$ (tầm gần). Xác suất tầng $T_1$ bắn hạ được mục tiêu xâm nhập là $0{,}85$. Nếu $T_1$ trượt, tầng $T_2$ tự động kích hoạt với xác suất tiêu diệt mục tiêu là $0{,}70$. Để nâng cao hiệu quả phòng thủ, chỉ huy muốn xác suất tiêu diệt mục tiêu đạt tối thiểu $0{,}98$. Hỏi xác suất tiêu diệt của tầng $T_2$ cần nâng cấp lên tối thiểu là bao nhiêu nếu giữ nguyên tầng $T_1$?","0,867","0,800","0,920","0,750",A,2.14,2.47,"Biểu diễn xác suất hệ thống phòng thủ thất bại (cả hai tầng đều trượt) theo xác suất trúng của tầng 2 là $p_2$: $P(\text{Trượt toàn bộ}) = (1 - 0{,}85)(1 - p_2) = 0{,}15(1 - p_2)$.","Thiết lập bất phương trình theo yêu cầu hệ thống: Xác suất tiêu diệt thành công $1 - 0{,}15(1 - p_2) \ge 0{,}98 \iff 0{,}15(1 - p_2) \le 0{,}02$, từ đó giải tìm điều kiện ràng buộc của $p_2$."
PROB_CREAT_205,Khoa hoc Du lieu - Phat hien Gian lan,SKILL_FRAUD_DETECTION,SangTao,VanDungCao,"Một thuật toán ngân hàng số kết hợp hai mô hình học máy độc lập $M_1$ và $M_2$ để cảnh báo giao dịch gian lận. Khi có một giao dịch gian lận thực sự xảy ra, xác suất mô hình $M_1$ cảnh báo là $0{,}90$, của $M_2$ là $0{,}80$. Hệ thống cho phép chọn hai chế độ vận hành: Chế độ 'An toàn tối đa' (khóa thẻ nếu có ít nhất một mô hình báo động) và Chế độ 'Trải nghiệm mượt' (chỉ khóa thẻ khi cả hai mô hình cùng báo động). Chênh lệch xác suất khóa thẻ chính xác giữa hai chế độ đối với một giao dịch gian lận là bao nhiêu?","0,26","0,18","0,72","0,98",A,1.71,1.71,"Tính xác suất khóa thẻ ở Chế độ 1 (ít nhất một mô hình báo động) bằng biến cố đối: $P_1 = 1 - (1 - 0{,}90)(1 - 0{,}80)$.","Tính xác suất khóa thẻ ở Chế độ 2 (cả hai mô hình cùng báo động) bằng quy tắc nhân: $P_2 = 0{,}90 \times 0{,}80$. Sau đó lấy hiệu số $P_1 - P_2$."
PROB_CREAT_206,Toi uu hoa He thong,SKILL_OPTIMAL_DECISION,SangTao,VanDungCao,"Một hệ thống truyền tin gồm $3$ kênh song song độc lập, mỗi kênh có xác suất truyền lỗi là $p \in (0, 1)$. Trong điều kiện chi phí tương đương, kỹ sư cân nhắc hai phương án nâng cấp: Phương án 1 thêm một kênh dự phòng song song thứ 4 (xác suất lỗi $p$); Phương án 2 áp dụng thuật toán lọc nhiễu nâng cao giúp giảm xác suất lỗi của một kênh xuống còn $\frac{1}{2}p$. Phương án nào tối ưu hơn để giảm thiểu nguy cơ toàn bộ hệ thống bị gián đoạn cùng lúc?",Phương án 1 (thêm kênh song song thứ 4),Phương án 2 (giảm một nửa xác suất lỗi của 1 kênh),Cả hai phương án mang lại độ an toàn tương đương nhau với mọi $p$,"Phương án 1 tối ưu hơn khi $p > 0{,}5$, ngược lại Phương án 2 tối ưu hơn khi $p < 0{,}5$",D,1.94,2.05,Hãy biểu diễn xác suất gián đoạn toàn bộ hệ thống (tất cả các kênh cùng gặp lỗi) theo $p$: Phương án 1 là $P_1 = p^4$; Phương án 2 là $P_2 = \frac{1}{2}p \cdot p^2 = \frac{1}{2}p^3$.,"Lập hiệu số $P_1 - P_2 = p^3(p - 0{,}5)$ và xét dấu trong khoảng $p \in (0, 1)$ để rút ra kết luận lựa chọn chiến lược tối ưu."
PROB_CREAT_207,Y sinh hoc - Thiet ke Thi nghiem,SKILL_CLINICAL_TRIAL,SangTao,VanDungCao,"Một phác đồ điều trị thử nghiệm gồm hai giai đoạn độc lập: Giai đoạn 1 kiểm tra độ an toàn trên nhóm nguy cơ cao với xác suất đạt là $0{,}8$; Giai đoạn 2 kiểm tra hiệu lực bảo vệ với xác suất đạt là $0{,}75$. Nếu giai đoạn 1 thất bại, phác đồ bị dừng ngay. Nếu giai đoạn 1 thành công nhưng giai đoạn 2 thất bại, bệnh nhân được chuyển sang phác đồ cứu trợ có xác suất hồi phục $0{,}6$. Xác suất để một bệnh nhân đạt kết quả điều trị tích cực (thành công ở cả 2 giai đoạn hoặc hồi phục nhờ phác đồ cứu trợ) là bao nhiêu?","0,72","0,60","0,78","0,84",A,2.17,2.39,"Phân tích cây biến cố (Event Tree): Xác định hai kịch bản dẫn đến kết quả tích cực: (1) Thành công cả hai giai đoạn chính; (2) Giai đoạn 1 thành công, giai đoạn 2 thất bại nhưng phác đồ cứu trợ thành công.","Vì các giai đoạn và phác đồ kế tiếp rời nhau về mặt điều kiện, hãy tính xác suất từng nhánh rồi áp dụng quy tắc cộng: $P = 0{,}8 \times 0{,}75 + 0{,}8 \times (1 - 0{,}75) \times 0{,}6$."
PROB_CREAT_208,Kinh te Tai chinh,SKILL_OPTIMAL_DECISION,SangTao,VanDungCao,"Một quỹ đầu tư mạo hiểm đánh giá hai dự án công nghệ $X$ và $Y$ độc lập. Xác suất thành công thương mại của $X$ là $0{,}6$ mang lại lợi nhuận kỳ vọng $+10$ tỷ đồng (nếu thất bại lỗ $-4$ tỷ); của $Y$ là $0{,}7$ mang lại $+8$ tỷ đồng (nếu thất bại lỗ $-5$ tỷ). Quỹ quyết định đầu tư đồng thời cả hai dự án. Xác suất để quỹ rơi vào tình trạng thua lỗ ròng (tổng lợi nhuận hai dự án âm) là bao nhiêu?","0,12","0,18","0,28","0,34",A,1.74,2.73,"Hãy lập bảng phân phối 4 kịch bản kết hợp giữa hai dự án: (X thắng, Y thắng), (X thắng, Y thua), (X thua, Y thắng), (X thua, Y thua) kèm theo tổng lợi nhuận số học tương ứng.","Kiểm tra xem kịch bản nào cho tổng lợi nhuận âm: Chỉ có kịch bản (X thua, Y thua) cho lợi nhuận $(-4) + (-5) = -9$ tỷ. (Trường hợp X thua, Y thắng cho $(-4) + 8 = +4 > 0$). Từ đó tính xác suất nhánh thỏa mãn."
PROB_CREAT_209,He thong Phong thu - An ninh,SKILL_DEFENSE_MODEL,SangTao,VanDungCao,"Một hệ thống phòng không tự động phân tầng có hai lớp phòng thủ độc lập $T_1$ (tầm xa) và $T_2$ (tầm gần). Xác suất tầng $T_1$ bắn hạ được mục tiêu xâm nhập là $0{,}85$. Nếu $T_1$ trượt, tầng $T_2$ tự động kích hoạt với xác suất tiêu diệt mục tiêu là $0{,}70$. Để nâng cao hiệu quả phòng thủ, chỉ huy muốn xác suất tiêu diệt mục tiêu đạt tối thiểu $0{,}98$. Hỏi xác suất tiêu diệt của tầng $T_2$ cần nâng cấp lên tối thiểu là bao nhiêu nếu giữ nguyên tầng $T_1$?","0,867","0,800","0,920","0,750",A,1.97,1.97,"Biểu diễn xác suất hệ thống phòng thủ thất bại (cả hai tầng đều trượt) theo xác suất trúng của tầng 2 là $p_2$: $P(\text{Trượt toàn bộ}) = (1 - 0{,}85)(1 - p_2) = 0{,}15(1 - p_2)$.","Thiết lập bất phương trình theo yêu cầu hệ thống: Xác suất tiêu diệt thành công $1 - 0{,}15(1 - p_2) \ge 0{,}98 \iff 0{,}15(1 - p_2) \le 0{,}02$, từ đó giải tìm điều kiện ràng buộc của $p_2$."
PROB_CREAT_210,Khoa hoc Du lieu - Phat hien Gian lan,SKILL_FRAUD_DETECTION,SangTao,VanDungCao,"Một thuật toán ngân hàng số kết hợp hai mô hình học máy độc lập $M_1$ và $M_2$ để cảnh báo giao dịch gian lận. Khi có một giao dịch gian lận thực sự xảy ra, xác suất mô hình $M_1$ cảnh báo là $0{,}90$, của $M_2$ là $0{,}80$. Hệ thống cho phép chọn hai chế độ vận hành: Chế độ 'An toàn tối đa' (khóa thẻ nếu có ít nhất một mô hình báo động) và Chế độ 'Trải nghiệm mượt' (chỉ khóa thẻ khi cả hai mô hình cùng báo động). Chênh lệch xác suất khóa thẻ chính xác giữa hai chế độ đối với một giao dịch gian lận là bao nhiêu?","0,26","0,18","0,72","0,98",A,2.2,2.31,"Tính xác suất khóa thẻ ở Chế độ 1 (ít nhất một mô hình báo động) bằng biến cố đối: $P_1 = 1 - (1 - 0{,}90)(1 - 0{,}80)$.","Tính xác suất khóa thẻ ở Chế độ 2 (cả hai mô hình cùng báo động) bằng quy tắc nhân: $P_2 = 0{,}90 \times 0{,}80$. Sau đó lấy hiệu số $P_1 - P_2$."
PROB_CREAT_211,Toi uu hoa He thong,SKILL_OPTIMAL_DECISION,SangTao,VanDungCao,"Một hệ thống truyền tin gồm $3$ kênh song song độc lập, mỗi kênh có xác suất truyền lỗi là $p \in (0, 1)$. Trong điều kiện chi phí tương đương, kỹ sư cân nhắc hai phương án nâng cấp: Phương án 1 thêm một kênh dự phòng song song thứ 4 (xác suất lỗi $p$); Phương án 2 áp dụng thuật toán lọc nhiễu nâng cao giúp giảm xác suất lỗi của một kênh xuống còn $\frac{1}{2}p$. Phương án nào tối ưu hơn để giảm thiểu nguy cơ toàn bộ hệ thống bị gián đoạn cùng lúc?",Phương án 1 (thêm kênh song song thứ 4),Phương án 2 (giảm một nửa xác suất lỗi của 1 kênh),Cả hai phương án mang lại độ an toàn tương đương nhau với mọi $p$,"Phương án 1 tối ưu hơn khi $p > 0{,}5$, ngược lại Phương án 2 tối ưu hơn khi $p < 0{,}5$",D,1.77,2.65,Hãy biểu diễn xác suất gián đoạn toàn bộ hệ thống (tất cả các kênh cùng gặp lỗi) theo $p$: Phương án 1 là $P_1 = p^4$; Phương án 2 là $P_2 = \frac{1}{2}p \cdot p^2 = \frac{1}{2}p^3$.,"Lập hiệu số $P_1 - P_2 = p^3(p - 0{,}5)$ và xét dấu trong khoảng $p \in (0, 1)$ để rút ra kết luận lựa chọn chiến lược tối ưu."
PROB_CREAT_212,Y sinh hoc - Thiet ke Thi nghiem,SKILL_CLINICAL_TRIAL,SangTao,VanDungCao,"Một phác đồ điều trị thử nghiệm gồm hai giai đoạn độc lập: Giai đoạn 1 kiểm tra độ an toàn trên nhóm nguy cơ cao với xác suất đạt là $0{,}8$; Giai đoạn 2 kiểm tra hiệu lực bảo vệ với xác suất đạt là $0{,}75$. Nếu giai đoạn 1 thất bại, phác đồ bị dừng ngay. Nếu giai đoạn 1 thành công nhưng giai đoạn 2 thất bại, bệnh nhân được chuyển sang phác đồ cứu trợ có xác suất hồi phục $0{,}6$. Xác suất để một bệnh nhân đạt kết quả điều trị tích cực (thành công ở cả 2 giai đoạn hoặc hồi phục nhờ phác đồ cứu trợ) là bao nhiêu?","0,72","0,60","0,78","0,84",A,2.0,1.89,"Phân tích cây biến cố (Event Tree): Xác định hai kịch bản dẫn đến kết quả tích cực: (1) Thành công cả hai giai đoạn chính; (2) Giai đoạn 1 thành công, giai đoạn 2 thất bại nhưng phác đồ cứu trợ thành công.","Vì các giai đoạn và phác đồ kế tiếp rời nhau về mặt điều kiện, hãy tính xác suất từng nhánh rồi áp dụng quy tắc cộng: $P = 0{,}8 \times 0{,}75 + 0{,}8 \times (1 - 0{,}75) \times 0{,}6$."
PROB_CREAT_213,Kinh te Tai chinh,SKILL_OPTIMAL_DECISION,SangTao,VanDungCao,"Một quỹ đầu tư mạo hiểm đánh giá hai dự án công nghệ $X$ và $Y$ độc lập. Xác suất thành công thương mại của $X$ là $0{,}6$ mang lại lợi nhuận kỳ vọng $+10$ tỷ đồng (nếu thất bại lỗ $-4$ tỷ); của $Y$ là $0{,}7$ mang lại $+8$ tỷ đồng (nếu thất bại lỗ $-5$ tỷ). Quỹ quyết định đầu tư đồng thời cả hai dự án. Xác suất để quỹ rơi vào tình trạng thua lỗ ròng (tổng lợi nhuận hai dự án âm) là bao nhiêu?","0,12","0,18","0,28","0,34",A,2.23,2.23,"Hãy lập bảng phân phối 4 kịch bản kết hợp giữa hai dự án: (X thắng, Y thắng), (X thắng, Y thua), (X thua, Y thắng), (X thua, Y thua) kèm theo tổng lợi nhuận số học tương ứng.","Kiểm tra xem kịch bản nào cho tổng lợi nhuận âm: Chỉ có kịch bản (X thua, Y thua) cho lợi nhuận $(-4) + (-5) = -9$ tỷ. (Trường hợp X thua, Y thắng cho $(-4) + 8 = +4 > 0$). Từ đó tính xác suất nhánh thỏa mãn."
PROB_CREAT_214,He thong Phong thu - An ninh,SKILL_DEFENSE_MODEL,SangTao,VanDungCao,"Một hệ thống phòng không tự động phân tầng có hai lớp phòng thủ độc lập $T_1$ (tầm xa) và $T_2$ (tầm gần). Xác suất tầng $T_1$ bắn hạ được mục tiêu xâm nhập là $0{,}85$. Nếu $T_1$ trượt, tầng $T_2$ tự động kích hoạt với xác suất tiêu diệt mục tiêu là $0{,}70$. Để nâng cao hiệu quả phòng thủ, chỉ huy muốn xác suất tiêu diệt mục tiêu đạt tối thiểu $0{,}98$. Hỏi xác suất tiêu diệt của tầng $T_2$ cần nâng cấp lên tối thiểu là bao nhiêu nếu giữ nguyên tầng $T_1$?","0,867","0,800","0,920","0,750",A,1.8,2.57,"Biểu diễn xác suất hệ thống phòng thủ thất bại (cả hai tầng đều trượt) theo xác suất trúng của tầng 2 là $p_2$: $P(\text{Trượt toàn bộ}) = (1 - 0{,}85)(1 - p_2) = 0{,}15(1 - p_2)$.","Thiết lập bất phương trình theo yêu cầu hệ thống: Xác suất tiêu diệt thành công $1 - 0{,}15(1 - p_2) \ge 0{,}98 \iff 0{,}15(1 - p_2) \le 0{,}02$, từ đó giải tìm điều kiện ràng buộc của $p_2$."
PROB_CREAT_215,Khoa hoc Du lieu - Phat hien Gian lan,SKILL_FRAUD_DETECTION,SangTao,VanDungCao,"Một thuật toán ngân hàng số kết hợp hai mô hình học máy độc lập $M_1$ và $M_2$ để cảnh báo giao dịch gian lận. Khi có một giao dịch gian lận thực sự xảy ra, xác suất mô hình $M_1$ cảnh báo là $0{,}90$, của $M_2$ là $0{,}80$. Hệ thống cho phép chọn hai chế độ vận hành: Chế độ 'An toàn tối đa' (khóa thẻ nếu có ít nhất một mô hình báo động) và Chế độ 'Trải nghiệm mượt' (chỉ khóa thẻ khi cả hai mô hình cùng báo động). Chênh lệch xác suất khóa thẻ chính xác giữa hai chế độ đối với một giao dịch gian lận là bao nhiêu?","0,26","0,18","0,72","0,98",A,2.03,1.81,"Tính xác suất khóa thẻ ở Chế độ 1 (ít nhất một mô hình báo động) bằng biến cố đối: $P_1 = 1 - (1 - 0{,}90)(1 - 0{,}80)$.","Tính xác suất khóa thẻ ở Chế độ 2 (cả hai mô hình cùng báo động) bằng quy tắc nhân: $P_2 = 0{,}90 \times 0{,}80$. Sau đó lấy hiệu số $P_1 - P_2$."
PROB_CREAT_216,Toi uu hoa He thong,SKILL_OPTIMAL_DECISION,SangTao,VanDungCao,"Một hệ thống truyền tin gồm $3$ kênh song song độc lập, mỗi kênh có xác suất truyền lỗi là $p \in (0, 1)$. Trong điều kiện chi phí tương đương, kỹ sư cân nhắc hai phương án nâng cấp: Phương án 1 thêm một kênh dự phòng song song thứ 4 (xác suất lỗi $p$); Phương án 2 áp dụng thuật toán lọc nhiễu nâng cao giúp giảm xác suất lỗi của một kênh xuống còn $\frac{1}{2}p$. Phương án nào tối ưu hơn để giảm thiểu nguy cơ toàn bộ hệ thống bị gián đoạn cùng lúc?",Phương án 1 (thêm kênh song song thứ 4),Phương án 2 (giảm một nửa xác suất lỗi của 1 kênh),Cả hai phương án mang lại độ an toàn tương đương nhau với mọi $p$,"Phương án 1 tối ưu hơn khi $p > 0{,}5$, ngược lại Phương án 2 tối ưu hơn khi $p < 0{,}5$",D,2.26,2.15,Hãy biểu diễn xác suất gián đoạn toàn bộ hệ thống (tất cả các kênh cùng gặp lỗi) theo $p$: Phương án 1 là $P_1 = p^4$; Phương án 2 là $P_2 = \frac{1}{2}p \cdot p^2 = \frac{1}{2}p^3$.,"Lập hiệu số $P_1 - P_2 = p^3(p - 0{,}5)$ và xét dấu trong khoảng $p \in (0, 1)$ để rút ra kết luận lựa chọn chiến lược tối ưu."
PROB_CREAT_217,Y sinh hoc - Thiet ke Thi nghiem,SKILL_CLINICAL_TRIAL,SangTao,VanDungCao,"Một phác đồ điều trị thử nghiệm gồm hai giai đoạn độc lập: Giai đoạn 1 kiểm tra độ an toàn trên nhóm nguy cơ cao với xác suất đạt là $0{,}8$; Giai đoạn 2 kiểm tra hiệu lực bảo vệ với xác suất đạt là $0{,}75$. Nếu giai đoạn 1 thất bại, phác đồ bị dừng ngay. Nếu giai đoạn 1 thành công nhưng giai đoạn 2 thất bại, bệnh nhân được chuyển sang phác đồ cứu trợ có xác suất hồi phục $0{,}6$. Xác suất để một bệnh nhân đạt kết quả điều trị tích cực (thành công ở cả 2 giai đoạn hoặc hồi phục nhờ phác đồ cứu trợ) là bao nhiêu?","0,72","0,60","0,78","0,84",A,1.83,2.49,"Phân tích cây biến cố (Event Tree): Xác định hai kịch bản dẫn đến kết quả tích cực: (1) Thành công cả hai giai đoạn chính; (2) Giai đoạn 1 thành công, giai đoạn 2 thất bại nhưng phác đồ cứu trợ thành công.","Vì các giai đoạn và phác đồ kế tiếp rời nhau về mặt điều kiện, hãy tính xác suất từng nhánh rồi áp dụng quy tắc cộng: $P = 0{,}8 \times 0{,}75 + 0{,}8 \times (1 - 0{,}75) \times 0{,}6$."
PROB_CREAT_218,Kinh te Tai chinh,SKILL_OPTIMAL_DECISION,SangTao,VanDungCao,"Một quỹ đầu tư mạo hiểm đánh giá hai dự án công nghệ $X$ và $Y$ độc lập. Xác suất thành công thương mại của $X$ là $0{,}6$ mang lại lợi nhuận kỳ vọng $+10$ tỷ đồng (nếu thất bại lỗ $-4$ tỷ); của $Y$ là $0{,}7$ mang lại $+8$ tỷ đồng (nếu thất bại lỗ $-5$ tỷ). Quỹ quyết định đầu tư đồng thời cả hai dự án. Xác suất để quỹ rơi vào tình trạng thua lỗ ròng (tổng lợi nhuận hai dự án âm) là bao nhiêu?","0,12","0,18","0,28","0,34",A,2.06,1.73,"Hãy lập bảng phân phối 4 kịch bản kết hợp giữa hai dự án: (X thắng, Y thắng), (X thắng, Y thua), (X thua, Y thắng), (X thua, Y thua) kèm theo tổng lợi nhuận số học tương ứng.","Kiểm tra xem kịch bản nào cho tổng lợi nhuận âm: Chỉ có kịch bản (X thua, Y thua) cho lợi nhuận $(-4) + (-5) = -9$ tỷ. (Trường hợp X thua, Y thắng cho $(-4) + 8 = +4 > 0$). Từ đó tính xác suất nhánh thỏa mãn."
PROB_CREAT_219,He thong Phong thu - An ninh,SKILL_DEFENSE_MODEL,SangTao,VanDungCao,"Một hệ thống phòng không tự động phân tầng có hai lớp phòng thủ độc lập $T_1$ (tầm xa) và $T_2$ (tầm gần). Xác suất tầng $T_1$ bắn hạ được mục tiêu xâm nhập là $0{,}85$. Nếu $T_1$ trượt, tầng $T_2$ tự động kích hoạt với xác suất tiêu diệt mục tiêu là $0{,}70$. Để nâng cao hiệu quả phòng thủ, chỉ huy muốn xác suất tiêu diệt mục tiêu đạt tối thiểu $0{,}98$. Hỏi xác suất tiêu diệt của tầng $T_2$ cần nâng cấp lên tối thiểu là bao nhiêu nếu giữ nguyên tầng $T_1$?","0,867","0,800","0,920","0,750",A,2.29,2.07,"Biểu diễn xác suất hệ thống phòng thủ thất bại (cả hai tầng đều trượt) theo xác suất trúng của tầng 2 là $p_2$: $P(\text{Trượt toàn bộ}) = (1 - 0{,}85)(1 - p_2) = 0{,}15(1 - p_2)$.","Thiết lập bất phương trình theo yêu cầu hệ thống: Xác suất tiêu diệt thành công $1 - 0{,}15(1 - p_2) \ge 0{,}98 \iff 0{,}15(1 - p_2) \le 0{,}02$, từ đó giải tìm điều kiện ràng buộc của $p_2$."
PROB_CREAT_220,Khoa hoc Du lieu - Phat hien Gian lan,SKILL_FRAUD_DETECTION,SangTao,VanDungCao,"Một thuật toán ngân hàng số kết hợp hai mô hình học máy độc lập $M_1$ và $M_2$ để cảnh báo giao dịch gian lận. Khi có một giao dịch gian lận thực sự xảy ra, xác suất mô hình $M_1$ cảnh báo là $0{,}90$, của $M_2$ là $0{,}80$. Hệ thống cho phép chọn hai chế độ vận hành: Chế độ 'An toàn tối đa' (khóa thẻ nếu có ít nhất một mô hình báo động) và Chế độ 'Trải nghiệm mượt' (chỉ khóa thẻ khi cả hai mô hình cùng báo động). Chênh lệch xác suất khóa thẻ chính xác giữa hai chế độ đối với một giao dịch gian lận là bao nhiêu?","0,26","0,18","0,72","0,98",A,1.86,2.41,"Tính xác suất khóa thẻ ở Chế độ 1 (ít nhất một mô hình báo động) bằng biến cố đối: $P_1 = 1 - (1 - 0{,}90)(1 - 0{,}80)$.","Tính xác suất khóa thẻ ở Chế độ 2 (cả hai mô hình cùng báo động) bằng quy tắc nhân: $P_2 = 0{,}90 \times 0{,}80$. Sau đó lấy hiệu số $P_1 - P_2$."
PROB_CREAT_221,Toi uu hoa He thong,SKILL_OPTIMAL_DECISION,SangTao,VanDungCao,"Một hệ thống truyền tin gồm $3$ kênh song song độc lập, mỗi kênh có xác suất truyền lỗi là $p \in (0, 1)$. Trong điều kiện chi phí tương đương, kỹ sư cân nhắc hai phương án nâng cấp: Phương án 1 thêm một kênh dự phòng song song thứ 4 (xác suất lỗi $p$); Phương án 2 áp dụng thuật toán lọc nhiễu nâng cao giúp giảm xác suất lỗi của một kênh xuống còn $\frac{1}{2}p$. Phương án nào tối ưu hơn để giảm thiểu nguy cơ toàn bộ hệ thống bị gián đoạn cùng lúc?",Phương án 1 (thêm kênh song song thứ 4),Phương án 2 (giảm một nửa xác suất lỗi của 1 kênh),Cả hai phương án mang lại độ an toàn tương đương nhau với mọi $p$,"Phương án 1 tối ưu hơn khi $p > 0{,}5$, ngược lại Phương án 2 tối ưu hơn khi $p < 0{,}5$",D,2.09,1.65,Hãy biểu diễn xác suất gián đoạn toàn bộ hệ thống (tất cả các kênh cùng gặp lỗi) theo $p$: Phương án 1 là $P_1 = p^4$; Phương án 2 là $P_2 = \frac{1}{2}p \cdot p^2 = \frac{1}{2}p^3$.,"Lập hiệu số $P_1 - P_2 = p^3(p - 0{,}5)$ và xét dấu trong khoảng $p \in (0, 1)$ để rút ra kết luận lựa chọn chiến lược tối ưu."
PROB_CREAT_222,Y sinh hoc - Thiet ke Thi nghiem,SKILL_CLINICAL_TRIAL,SangTao,VanDungCao,"Một phác đồ điều trị thử nghiệm gồm hai giai đoạn độc lập: Giai đoạn 1 kiểm tra độ an toàn trên nhóm nguy cơ cao với xác suất đạt là $0{,}8$; Giai đoạn 2 kiểm tra hiệu lực bảo vệ với xác suất đạt là $0{,}75$. Nếu giai đoạn 1 thất bại, phác đồ bị dừng ngay. Nếu giai đoạn 1 thành công nhưng giai đoạn 2 thất bại, bệnh nhân được chuyển sang phác đồ cứu trợ có xác suất hồi phục $0{,}6$. Xác suất để một bệnh nhân đạt kết quả điều trị tích cực (thành công ở cả 2 giai đoạn hoặc hồi phục nhờ phác đồ cứu trợ) là bao nhiêu?","0,72","0,60","0,78","0,84",A,1.66,1.99,"Phân tích cây biến cố (Event Tree): Xác định hai kịch bản dẫn đến kết quả tích cực: (1) Thành công cả hai giai đoạn chính; (2) Giai đoạn 1 thành công, giai đoạn 2 thất bại nhưng phác đồ cứu trợ thành công.","Vì các giai đoạn và phác đồ kế tiếp rời nhau về mặt điều kiện, hãy tính xác suất từng nhánh rồi áp dụng quy tắc cộng: $P = 0{,}8 \times 0{,}75 + 0{,}8 \times (1 - 0{,}75) \times 0{,}6$."
PROB_CREAT_223,Kinh te Tai chinh,SKILL_OPTIMAL_DECISION,SangTao,VanDungCao,"Một quỹ đầu tư mạo hiểm đánh giá hai dự án công nghệ $X$ và $Y$ độc lập. Xác suất thành công thương mại của $X$ là $0{,}6$ mang lại lợi nhuận kỳ vọng $+10$ tỷ đồng (nếu thất bại lỗ $-4$ tỷ); của $Y$ là $0{,}7$ mang lại $+8$ tỷ đồng (nếu thất bại lỗ $-5$ tỷ). Quỹ quyết định đầu tư đồng thời cả hai dự án. Xác suất để quỹ rơi vào tình trạng thua lỗ ròng (tổng lợi nhuận hai dự án âm) là bao nhiêu?","0,12","0,18","0,28","0,34",A,1.89,2.33,"Hãy lập bảng phân phối 4 kịch bản kết hợp giữa hai dự án: (X thắng, Y thắng), (X thắng, Y thua), (X thua, Y thắng), (X thua, Y thua) kèm theo tổng lợi nhuận số học tương ứng.","Kiểm tra xem kịch bản nào cho tổng lợi nhuận âm: Chỉ có kịch bản (X thua, Y thua) cho lợi nhuận $(-4) + (-5) = -9$ tỷ. (Trường hợp X thua, Y thắng cho $(-4) + 8 = +4 > 0$). Từ đó tính xác suất nhánh thỏa mãn."
PROB_CREAT_224,He thong Phong thu - An ninh,SKILL_DEFENSE_MODEL,SangTao,VanDungCao,"Một hệ thống phòng không tự động phân tầng có hai lớp phòng thủ độc lập $T_1$ (tầm xa) và $T_2$ (tầm gần). Xác suất tầng $T_1$ bắn hạ được mục tiêu xâm nhập là $0{,}85$. Nếu $T_1$ trượt, tầng $T_2$ tự động kích hoạt với xác suất tiêu diệt mục tiêu là $0{,}70$. Để nâng cao hiệu quả phòng thủ, chỉ huy muốn xác suất tiêu diệt mục tiêu đạt tối thiểu $0{,}98$. Hỏi xác suất tiêu diệt của tầng $T_2$ cần nâng cấp lên tối thiểu là bao nhiêu nếu giữ nguyên tầng $T_1$?","0,867","0,800","0,920","0,750",A,2.12,2.67,"Biểu diễn xác suất hệ thống phòng thủ thất bại (cả hai tầng đều trượt) theo xác suất trúng của tầng 2 là $p_2$: $P(\text{Trượt toàn bộ}) = (1 - 0{,}85)(1 - p_2) = 0{,}15(1 - p_2)$.","Thiết lập bất phương trình theo yêu cầu hệ thống: Xác suất tiêu diệt thành công $1 - 0{,}15(1 - p_2) \ge 0{,}98 \iff 0{,}15(1 - p_2) \le 0{,}02$, từ đó giải tìm điều kiện ràng buộc của $p_2$."
PROB_CREAT_225,Khoa hoc Du lieu - Phat hien Gian lan,SKILL_FRAUD_DETECTION,SangTao,VanDungCao,"Một thuật toán ngân hàng số kết hợp hai mô hình học máy độc lập $M_1$ và $M_2$ để cảnh báo giao dịch gian lận. Khi có một giao dịch gian lận thực sự xảy ra, xác suất mô hình $M_1$ cảnh báo là $0{,}90$, của $M_2$ là $0{,}80$. Hệ thống cho phép chọn hai chế độ vận hành: Chế độ 'An toàn tối đa' (khóa thẻ nếu có ít nhất một mô hình báo động) và Chế độ 'Trải nghiệm mượt' (chỉ khóa thẻ khi cả hai mô hình cùng báo động). Chênh lệch xác suất khóa thẻ chính xác giữa hai chế độ đối với một giao dịch gian lận là bao nhiêu?","0,26","0,18","0,72","0,98",A,1.69,1.91,"Tính xác suất khóa thẻ ở Chế độ 1 (ít nhất một mô hình báo động) bằng biến cố đối: $P_1 = 1 - (1 - 0{,}90)(1 - 0{,}80)$.","Tính xác suất khóa thẻ ở Chế độ 2 (cả hai mô hình cùng báo động) bằng quy tắc nhân: $P_2 = 0{,}90 \times 0{,}80$. Sau đó lấy hiệu số $P_1 - P_2$."
PROB_CREAT_226,Toi uu hoa He thong,SKILL_OPTIMAL_DECISION,SangTao,VanDungCao,"Một hệ thống truyền tin gồm $3$ kênh song song độc lập, mỗi kênh có xác suất truyền lỗi là $p \in (0, 1)$. Trong điều kiện chi phí tương đương, kỹ sư cân nhắc hai phương án nâng cấp: Phương án 1 thêm một kênh dự phòng song song thứ 4 (xác suất lỗi $p$); Phương án 2 áp dụng thuật toán lọc nhiễu nâng cao giúp giảm xác suất lỗi của một kênh xuống còn $\frac{1}{2}p$. Phương án nào tối ưu hơn để giảm thiểu nguy cơ toàn bộ hệ thống bị gián đoạn cùng lúc?",Phương án 1 (thêm kênh song song thứ 4),Phương án 2 (giảm một nửa xác suất lỗi của 1 kênh),Cả hai phương án mang lại độ an toàn tương đương nhau với mọi $p$,"Phương án 1 tối ưu hơn khi $p > 0{,}5$, ngược lại Phương án 2 tối ưu hơn khi $p < 0{,}5$",D,1.92,2.25,Hãy biểu diễn xác suất gián đoạn toàn bộ hệ thống (tất cả các kênh cùng gặp lỗi) theo $p$: Phương án 1 là $P_1 = p^4$; Phương án 2 là $P_2 = \frac{1}{2}p \cdot p^2 = \frac{1}{2}p^3$.,"Lập hiệu số $P_1 - P_2 = p^3(p - 0{,}5)$ và xét dấu trong khoảng $p \in (0, 1)$ để rút ra kết luận lựa chọn chiến lược tối ưu."
PROB_CREAT_227,Y sinh hoc - Thiet ke Thi nghiem,SKILL_CLINICAL_TRIAL,SangTao,VanDungCao,"Một phác đồ điều trị thử nghiệm gồm hai giai đoạn độc lập: Giai đoạn 1 kiểm tra độ an toàn trên nhóm nguy cơ cao với xác suất đạt là $0{,}8$; Giai đoạn 2 kiểm tra hiệu lực bảo vệ với xác suất đạt là $0{,}75$. Nếu giai đoạn 1 thất bại, phác đồ bị dừng ngay. Nếu giai đoạn 1 thành công nhưng giai đoạn 2 thất bại, bệnh nhân được chuyển sang phác đồ cứu trợ có xác suất hồi phục $0{,}6$. Xác suất để một bệnh nhân đạt kết quả điều trị tích cực (thành công ở cả 2 giai đoạn hoặc hồi phục nhờ phác đồ cứu trợ) là bao nhiêu?","0,72","0,60","0,78","0,84",A,2.15,2.59,"Phân tích cây biến cố (Event Tree): Xác định hai kịch bản dẫn đến kết quả tích cực: (1) Thành công cả hai giai đoạn chính; (2) Giai đoạn 1 thành công, giai đoạn 2 thất bại nhưng phác đồ cứu trợ thành công.","Vì các giai đoạn và phác đồ kế tiếp rời nhau về mặt điều kiện, hãy tính xác suất từng nhánh rồi áp dụng quy tắc cộng: $P = 0{,}8 \times 0{,}75 + 0{,}8 \times (1 - 0{,}75) \times 0{,}6$."
PROB_CREAT_228,Kinh te Tai chinh,SKILL_OPTIMAL_DECISION,SangTao,VanDungCao,"Một quỹ đầu tư mạo hiểm đánh giá hai dự án công nghệ $X$ và $Y$ độc lập. Xác suất thành công thương mại của $X$ là $0{,}6$ mang lại lợi nhuận kỳ vọng $+10$ tỷ đồng (nếu thất bại lỗ $-4$ tỷ); của $Y$ là $0{,}7$ mang lại $+8$ tỷ đồng (nếu thất bại lỗ $-5$ tỷ). Quỹ quyết định đầu tư đồng thời cả hai dự án. Xác suất để quỹ rơi vào tình trạng thua lỗ ròng (tổng lợi nhuận hai dự án âm) là bao nhiêu?","0,12","0,18","0,28","0,34",A,1.72,1.83,"Hãy lập bảng phân phối 4 kịch bản kết hợp giữa hai dự án: (X thắng, Y thắng), (X thắng, Y thua), (X thua, Y thắng), (X thua, Y thua) kèm theo tổng lợi nhuận số học tương ứng.","Kiểm tra xem kịch bản nào cho tổng lợi nhuận âm: Chỉ có kịch bản (X thua, Y thua) cho lợi nhuận $(-4) + (-5) = -9$ tỷ. (Trường hợp X thua, Y thắng cho $(-4) + 8 = +4 > 0$). Từ đó tính xác suất nhánh thỏa mãn."
PROB_CREAT_229,He thong Phong thu - An ninh,SKILL_DEFENSE_MODEL,SangTao,VanDungCao,"Một hệ thống phòng không tự động phân tầng có hai lớp phòng thủ độc lập $T_1$ (tầm xa) và $T_2$ (tầm gần). Xác suất tầng $T_1$ bắn hạ được mục tiêu xâm nhập là $0{,}85$. Nếu $T_1$ trượt, tầng $T_2$ tự động kích hoạt với xác suất tiêu diệt mục tiêu là $0{,}70$. Để nâng cao hiệu quả phòng thủ, chỉ huy muốn xác suất tiêu diệt mục tiêu đạt tối thiểu $0{,}98$. Hỏi xác suất tiêu diệt của tầng $T_2$ cần nâng cấp lên tối thiểu là bao nhiêu nếu giữ nguyên tầng $T_1$?","0,867","0,800","0,920","0,750",A,1.95,2.17,"Biểu diễn xác suất hệ thống phòng thủ thất bại (cả hai tầng đều trượt) theo xác suất trúng của tầng 2 là $p_2$: $P(\text{Trượt toàn bộ}) = (1 - 0{,}85)(1 - p_2) = 0{,}15(1 - p_2)$.","Thiết lập bất phương trình theo yêu cầu hệ thống: Xác suất tiêu diệt thành công $1 - 0{,}15(1 - p_2) \ge 0{,}98 \iff 0{,}15(1 - p_2) \le 0{,}02$, từ đó giải tìm điều kiện ràng buộc của $p_2$."
PROB_CREAT_230,Khoa hoc Du lieu - Phat hien Gian lan,SKILL_FRAUD_DETECTION,SangTao,VanDungCao,"Một thuật toán ngân hàng số kết hợp hai mô hình học máy độc lập $M_1$ và $M_2$ để cảnh báo giao dịch gian lận. Khi có một giao dịch gian lận thực sự xảy ra, xác suất mô hình $M_1$ cảnh báo là $0{,}90$, của $M_2$ là $0{,}80$. Hệ thống cho phép chọn hai chế độ vận hành: Chế độ 'An toàn tối đa' (khóa thẻ nếu có ít nhất một mô hình báo động) và Chế độ 'Trải nghiệm mượt' (chỉ khóa thẻ khi cả hai mô hình cùng báo động). Chênh lệch xác suất khóa thẻ chính xác giữa hai chế độ đối với một giao dịch gian lận là bao nhiêu?","0,26","0,18","0,72","0,98",A,2.18,2.51,"Tính xác suất khóa thẻ ở Chế độ 1 (ít nhất một mô hình báo động) bằng biến cố đối: $P_1 = 1 - (1 - 0{,}90)(1 - 0{,}80)$.","Tính xác suất khóa thẻ ở Chế độ 2 (cả hai mô hình cùng báo động) bằng quy tắc nhân: $P_2 = 0{,}90 \times 0{,}80$. Sau đó lấy hiệu số $P_1 - P_2$."
PROB_CREAT_231,Toi uu hoa He thong,SKILL_OPTIMAL_DECISION,SangTao,VanDungCao,"Một hệ thống truyền tin gồm $3$ kênh song song độc lập, mỗi kênh có xác suất truyền lỗi là $p \in (0, 1)$. Trong điều kiện chi phí tương đương, kỹ sư cân nhắc hai phương án nâng cấp: Phương án 1 thêm một kênh dự phòng song song thứ 4 (xác suất lỗi $p$); Phương án 2 áp dụng thuật toán lọc nhiễu nâng cao giúp giảm xác suất lỗi của một kênh xuống còn $\frac{1}{2}p$. Phương án nào tối ưu hơn để giảm thiểu nguy cơ toàn bộ hệ thống bị gián đoạn cùng lúc?",Phương án 1 (thêm kênh song song thứ 4),Phương án 2 (giảm một nửa xác suất lỗi của 1 kênh),Cả hai phương án mang lại độ an toàn tương đương nhau với mọi $p$,"Phương án 1 tối ưu hơn khi $p > 0{,}5$, ngược lại Phương án 2 tối ưu hơn khi $p < 0{,}5$",D,1.75,1.75,Hãy biểu diễn xác suất gián đoạn toàn bộ hệ thống (tất cả các kênh cùng gặp lỗi) theo $p$: Phương án 1 là $P_1 = p^4$; Phương án 2 là $P_2 = \frac{1}{2}p \cdot p^2 = \frac{1}{2}p^3$.,"Lập hiệu số $P_1 - P_2 = p^3(p - 0{,}5)$ và xét dấu trong khoảng $p \in (0, 1)$ để rút ra kết luận lựa chọn chiến lược tối ưu."
PROB_CREAT_232,Y sinh hoc - Thiet ke Thi nghiem,SKILL_CLINICAL_TRIAL,SangTao,VanDungCao,"Một phác đồ điều trị thử nghiệm gồm hai giai đoạn độc lập: Giai đoạn 1 kiểm tra độ an toàn trên nhóm nguy cơ cao với xác suất đạt là $0{,}8$; Giai đoạn 2 kiểm tra hiệu lực bảo vệ với xác suất đạt là $0{,}75$. Nếu giai đoạn 1 thất bại, phác đồ bị dừng ngay. Nếu giai đoạn 1 thành công nhưng giai đoạn 2 thất bại, bệnh nhân được chuyển sang phác đồ cứu trợ có xác suất hồi phục $0{,}6$. Xác suất để một bệnh nhân đạt kết quả điều trị tích cực (thành công ở cả 2 giai đoạn hoặc hồi phục nhờ phác đồ cứu trợ) là bao nhiêu?","0,72","0,60","0,78","0,84",A,1.98,2.09,"Phân tích cây biến cố (Event Tree): Xác định hai kịch bản dẫn đến kết quả tích cực: (1) Thành công cả hai giai đoạn chính; (2) Giai đoạn 1 thành công, giai đoạn 2 thất bại nhưng phác đồ cứu trợ thành công.","Vì các giai đoạn và phác đồ kế tiếp rời nhau về mặt điều kiện, hãy tính xác suất từng nhánh rồi áp dụng quy tắc cộng: $P = 0{,}8 \times 0{,}75 + 0{,}8 \times (1 - 0{,}75) \times 0{,}6$."
PROB_CREAT_233,Kinh te Tai chinh,SKILL_OPTIMAL_DECISION,SangTao,VanDungCao,"Một quỹ đầu tư mạo hiểm đánh giá hai dự án công nghệ $X$ và $Y$ độc lập. Xác suất thành công thương mại của $X$ là $0{,}6$ mang lại lợi nhuận kỳ vọng $+10$ tỷ đồng (nếu thất bại lỗ $-4$ tỷ); của $Y$ là $0{,}7$ mang lại $+8$ tỷ đồng (nếu thất bại lỗ $-5$ tỷ). Quỹ quyết định đầu tư đồng thời cả hai dự án. Xác suất để quỹ rơi vào tình trạng thua lỗ ròng (tổng lợi nhuận hai dự án âm) là bao nhiêu?","0,12","0,18","0,28","0,34",A,2.21,2.43,"Hãy lập bảng phân phối 4 kịch bản kết hợp giữa hai dự án: (X thắng, Y thắng), (X thắng, Y thua), (X thua, Y thắng), (X thua, Y thua) kèm theo tổng lợi nhuận số học tương ứng.","Kiểm tra xem kịch bản nào cho tổng lợi nhuận âm: Chỉ có kịch bản (X thua, Y thua) cho lợi nhuận $(-4) + (-5) = -9$ tỷ. (Trường hợp X thua, Y thắng cho $(-4) + 8 = +4 > 0$). Từ đó tính xác suất nhánh thỏa mãn."
PROB_CREAT_234,He thong Phong thu - An ninh,SKILL_DEFENSE_MODEL,SangTao,VanDungCao,"Một hệ thống phòng không tự động phân tầng có hai lớp phòng thủ độc lập $T_1$ (tầm xa) và $T_2$ (tầm gần). Xác suất tầng $T_1$ bắn hạ được mục tiêu xâm nhập là $0{,}85$. Nếu $T_1$ trượt, tầng $T_2$ tự động kích hoạt với xác suất tiêu diệt mục tiêu là $0{,}70$. Để nâng cao hiệu quả phòng thủ, chỉ huy muốn xác suất tiêu diệt mục tiêu đạt tối thiểu $0{,}98$. Hỏi xác suất tiêu diệt của tầng $T_2$ cần nâng cấp lên tối thiểu là bao nhiêu nếu giữ nguyên tầng $T_1$?","0,867","0,800","0,920","0,750",A,1.78,1.67,"Biểu diễn xác suất hệ thống phòng thủ thất bại (cả hai tầng đều trượt) theo xác suất trúng của tầng 2 là $p_2$: $P(\text{Trượt toàn bộ}) = (1 - 0{,}85)(1 - p_2) = 0{,}15(1 - p_2)$.","Thiết lập bất phương trình theo yêu cầu hệ thống: Xác suất tiêu diệt thành công $1 - 0{,}15(1 - p_2) \ge 0{,}98 \iff 0{,}15(1 - p_2) \le 0{,}02$, từ đó giải tìm điều kiện ràng buộc của $p_2$."
PROB_CREAT_235,Khoa hoc Du lieu - Phat hien Gian lan,SKILL_FRAUD_DETECTION,SangTao,VanDungCao,"Một thuật toán ngân hàng số kết hợp hai mô hình học máy độc lập $M_1$ và $M_2$ để cảnh báo giao dịch gian lận. Khi có một giao dịch gian lận thực sự xảy ra, xác suất mô hình $M_1$ cảnh báo là $0{,}90$, của $M_2$ là $0{,}80$. Hệ thống cho phép chọn hai chế độ vận hành: Chế độ 'An toàn tối đa' (khóa thẻ nếu có ít nhất một mô hình báo động) và Chế độ 'Trải nghiệm mượt' (chỉ khóa thẻ khi cả hai mô hình cùng báo động). Chênh lệch xác suất khóa thẻ chính xác giữa hai chế độ đối với một giao dịch gian lận là bao nhiêu?","0,26","0,18","0,72","0,98",A,2.01,2.01,"Tính xác suất khóa thẻ ở Chế độ 1 (ít nhất một mô hình báo động) bằng biến cố đối: $P_1 = 1 - (1 - 0{,}90)(1 - 0{,}80)$.","Tính xác suất khóa thẻ ở Chế độ 2 (cả hai mô hình cùng báo động) bằng quy tắc nhân: $P_2 = 0{,}90 \times 0{,}80$. Sau đó lấy hiệu số $P_1 - P_2$."
PROB_CREAT_236,Toi uu hoa He thong,SKILL_OPTIMAL_DECISION,SangTao,VanDungCao,"Một hệ thống truyền tin gồm $3$ kênh song song độc lập, mỗi kênh có xác suất truyền lỗi là $p \in (0, 1)$. Trong điều kiện chi phí tương đương, kỹ sư cân nhắc hai phương án nâng cấp: Phương án 1 thêm một kênh dự phòng song song thứ 4 (xác suất lỗi $p$); Phương án 2 áp dụng thuật toán lọc nhiễu nâng cao giúp giảm xác suất lỗi của một kênh xuống còn $\frac{1}{2}p$. Phương án nào tối ưu hơn để giảm thiểu nguy cơ toàn bộ hệ thống bị gián đoạn cùng lúc?",Phương án 1 (thêm kênh song song thứ 4),Phương án 2 (giảm một nửa xác suất lỗi của 1 kênh),Cả hai phương án mang lại độ an toàn tương đương nhau với mọi $p$,"Phương án 1 tối ưu hơn khi $p > 0{,}5$, ngược lại Phương án 2 tối ưu hơn khi $p < 0{,}5$",D,2.24,2.35,Hãy biểu diễn xác suất gián đoạn toàn bộ hệ thống (tất cả các kênh cùng gặp lỗi) theo $p$: Phương án 1 là $P_1 = p^4$; Phương án 2 là $P_2 = \frac{1}{2}p \cdot p^2 = \frac{1}{2}p^3$.,"Lập hiệu số $P_1 - P_2 = p^3(p - 0{,}5)$ và xét dấu trong khoảng $p \in (0, 1)$ để rút ra kết luận lựa chọn chiến lược tối ưu."
PROB_CREAT_237,Y sinh hoc - Thiet ke Thi nghiem,SKILL_CLINICAL_TRIAL,SangTao,VanDungCao,"Một phác đồ điều trị thử nghiệm gồm hai giai đoạn độc lập: Giai đoạn 1 kiểm tra độ an toàn trên nhóm nguy cơ cao với xác suất đạt là $0{,}8$; Giai đoạn 2 kiểm tra hiệu lực bảo vệ với xác suất đạt là $0{,}75$. Nếu giai đoạn 1 thất bại, phác đồ bị dừng ngay. Nếu giai đoạn 1 thành công nhưng giai đoạn 2 thất bại, bệnh nhân được chuyển sang phác đồ cứu trợ có xác suất hồi phục $0{,}6$. Xác suất để một bệnh nhân đạt kết quả điều trị tích cực (thành công ở cả 2 giai đoạn hoặc hồi phục nhờ phác đồ cứu trợ) là bao nhiêu?","0,72","0,60","0,78","0,84",A,1.81,2.69,"Phân tích cây biến cố (Event Tree): Xác định hai kịch bản dẫn đến kết quả tích cực: (1) Thành công cả hai giai đoạn chính; (2) Giai đoạn 1 thành công, giai đoạn 2 thất bại nhưng phác đồ cứu trợ thành công.","Vì các giai đoạn và phác đồ kế tiếp rời nhau về mặt điều kiện, hãy tính xác suất từng nhánh rồi áp dụng quy tắc cộng: $P = 0{,}8 \times 0{,}75 + 0{,}8 \times (1 - 0{,}75) \times 0{,}6$."
PROB_CREAT_238,Kinh te Tai chinh,SKILL_OPTIMAL_DECISION,SangTao,VanDungCao,"Một quỹ đầu tư mạo hiểm đánh giá hai dự án công nghệ $X$ và $Y$ độc lập. Xác suất thành công thương mại của $X$ là $0{,}6$ mang lại lợi nhuận kỳ vọng $+10$ tỷ đồng (nếu thất bại lỗ $-4$ tỷ); của $Y$ là $0{,}7$ mang lại $+8$ tỷ đồng (nếu thất bại lỗ $-5$ tỷ). Quỹ quyết định đầu tư đồng thời cả hai dự án. Xác suất để quỹ rơi vào tình trạng thua lỗ ròng (tổng lợi nhuận hai dự án âm) là bao nhiêu?","0,12","0,18","0,28","0,34",A,2.04,1.93,"Hãy lập bảng phân phối 4 kịch bản kết hợp giữa hai dự án: (X thắng, Y thắng), (X thắng, Y thua), (X thua, Y thắng), (X thua, Y thua) kèm theo tổng lợi nhuận số học tương ứng.","Kiểm tra xem kịch bản nào cho tổng lợi nhuận âm: Chỉ có kịch bản (X thua, Y thua) cho lợi nhuận $(-4) + (-5) = -9$ tỷ. (Trường hợp X thua, Y thắng cho $(-4) + 8 = +4 > 0$). Từ đó tính xác suất nhánh thỏa mãn."
PROB_CREAT_239,He thong Phong thu - An ninh,SKILL_DEFENSE_MODEL,SangTao,VanDungCao,"Một hệ thống phòng không tự động phân tầng có hai lớp phòng thủ độc lập $T_1$ (tầm xa) và $T_2$ (tầm gần). Xác suất tầng $T_1$ bắn hạ được mục tiêu xâm nhập là $0{,}85$. Nếu $T_1$ trượt, tầng $T_2$ tự động kích hoạt với xác suất tiêu diệt mục tiêu là $0{,}70$. Để nâng cao hiệu quả phòng thủ, chỉ huy muốn xác suất tiêu diệt mục tiêu đạt tối thiểu $0{,}98$. Hỏi xác suất tiêu diệt của tầng $T_2$ cần nâng cấp lên tối thiểu là bao nhiêu nếu giữ nguyên tầng $T_1$?","0,867","0,800","0,920","0,750",A,2.27,2.27,"Biểu diễn xác suất hệ thống phòng thủ thất bại (cả hai tầng đều trượt) theo xác suất trúng của tầng 2 là $p_2$: $P(\text{Trượt toàn bộ}) = (1 - 0{,}85)(1 - p_2) = 0{,}15(1 - p_2)$.","Thiết lập bất phương trình theo yêu cầu hệ thống: Xác suất tiêu diệt thành công $1 - 0{,}15(1 - p_2) \ge 0{,}98 \iff 0{,}15(1 - p_2) \le 0{,}02$, từ đó giải tìm điều kiện ràng buộc của $p_2$."
PROB_CREAT_240,Khoa hoc Du lieu - Phat hien Gian lan,SKILL_FRAUD_DETECTION,SangTao,VanDungCao,"Một thuật toán ngân hàng số kết hợp hai mô hình học máy độc lập $M_1$ và $M_2$ để cảnh báo giao dịch gian lận. Khi có một giao dịch gian lận thực sự xảy ra, xác suất mô hình $M_1$ cảnh báo là $0{,}90$, của $M_2$ là $0{,}80$. Hệ thống cho phép chọn hai chế độ vận hành: Chế độ 'An toàn tối đa' (khóa thẻ nếu có ít nhất một mô hình báo động) và Chế độ 'Trải nghiệm mượt' (chỉ khóa thẻ khi cả hai mô hình cùng báo động). Chênh lệch xác suất khóa thẻ chính xác giữa hai chế độ đối với một giao dịch gian lận là bao nhiêu?","0,26","0,18","0,72","0,98",A,1.84,2.61,"Tính xác suất khóa thẻ ở Chế độ 1 (ít nhất một mô hình báo động) bằng biến cố đối: $P_1 = 1 - (1 - 0{,}90)(1 - 0{,}80)$.","Tính xác suất khóa thẻ ở Chế độ 2 (cả hai mô hình cùng báo động) bằng quy tắc nhân: $P_2 = 0{,}90 \times 0{,}80$. Sau đó lấy hiệu số $P_1 - P_2$."
PROB_CREAT_241,Toi uu hoa He thong,SKILL_OPTIMAL_DECISION,SangTao,VanDungCao,"Một hệ thống truyền tin gồm $3$ kênh song song độc lập, mỗi kênh có xác suất truyền lỗi là $p \in (0, 1)$. Trong điều kiện chi phí tương đương, kỹ sư cân nhắc hai phương án nâng cấp: Phương án 1 thêm một kênh dự phòng song song thứ 4 (xác suất lỗi $p$); Phương án 2 áp dụng thuật toán lọc nhiễu nâng cao giúp giảm xác suất lỗi của một kênh xuống còn $\frac{1}{2}p$. Phương án nào tối ưu hơn để giảm thiểu nguy cơ toàn bộ hệ thống bị gián đoạn cùng lúc?",Phương án 1 (thêm kênh song song thứ 4),Phương án 2 (giảm một nửa xác suất lỗi của 1 kênh),Cả hai phương án mang lại độ an toàn tương đương nhau với mọi $p$,"Phương án 1 tối ưu hơn khi $p > 0{,}5$, ngược lại Phương án 2 tối ưu hơn khi $p < 0{,}5$",D,2.07,1.85,Hãy biểu diễn xác suất gián đoạn toàn bộ hệ thống (tất cả các kênh cùng gặp lỗi) theo $p$: Phương án 1 là $P_1 = p^4$; Phương án 2 là $P_2 = \frac{1}{2}p \cdot p^2 = \frac{1}{2}p^3$.,"Lập hiệu số $P_1 - P_2 = p^3(p - 0{,}5)$ và xét dấu trong khoảng $p \in (0, 1)$ để rút ra kết luận lựa chọn chiến lược tối ưu."
PROB_CREAT_242,Y sinh hoc - Thiet ke Thi nghiem,SKILL_CLINICAL_TRIAL,SangTao,VanDungCao,"Một phác đồ điều trị thử nghiệm gồm hai giai đoạn độc lập: Giai đoạn 1 kiểm tra độ an toàn trên nhóm nguy cơ cao với xác suất đạt là $0{,}8$; Giai đoạn 2 kiểm tra hiệu lực bảo vệ với xác suất đạt là $0{,}75$. Nếu giai đoạn 1 thất bại, phác đồ bị dừng ngay. Nếu giai đoạn 1 thành công nhưng giai đoạn 2 thất bại, bệnh nhân được chuyển sang phác đồ cứu trợ có xác suất hồi phục $0{,}6$. Xác suất để một bệnh nhân đạt kết quả điều trị tích cực (thành công ở cả 2 giai đoạn hoặc hồi phục nhờ phác đồ cứu trợ) là bao nhiêu?","0,72","0,60","0,78","0,84",A,2.3,2.19,"Phân tích cây biến cố (Event Tree): Xác định hai kịch bản dẫn đến kết quả tích cực: (1) Thành công cả hai giai đoạn chính; (2) Giai đoạn 1 thành công, giai đoạn 2 thất bại nhưng phác đồ cứu trợ thành công.","Vì các giai đoạn và phác đồ kế tiếp rời nhau về mặt điều kiện, hãy tính xác suất từng nhánh rồi áp dụng quy tắc cộng: $P = 0{,}8 \times 0{,}75 + 0{,}8 \times (1 - 0{,}75) \times 0{,}6$."
PROB_CREAT_243,Kinh te Tai chinh,SKILL_OPTIMAL_DECISION,SangTao,VanDungCao,"Một quỹ đầu tư mạo hiểm đánh giá hai dự án công nghệ $X$ và $Y$ độc lập. Xác suất thành công thương mại của $X$ là $0{,}6$ mang lại lợi nhuận kỳ vọng $+10$ tỷ đồng (nếu thất bại lỗ $-4$ tỷ); của $Y$ là $0{,}7$ mang lại $+8$ tỷ đồng (nếu thất bại lỗ $-5$ tỷ). Quỹ quyết định đầu tư đồng thời cả hai dự án. Xác suất để quỹ rơi vào tình trạng thua lỗ ròng (tổng lợi nhuận hai dự án âm) là bao nhiêu?","0,12","0,18","0,28","0,34",A,1.87,2.53,"Hãy lập bảng phân phối 4 kịch bản kết hợp giữa hai dự án: (X thắng, Y thắng), (X thắng, Y thua), (X thua, Y thắng), (X thua, Y thua) kèm theo tổng lợi nhuận số học tương ứng.","Kiểm tra xem kịch bản nào cho tổng lợi nhuận âm: Chỉ có kịch bản (X thua, Y thua) cho lợi nhuận $(-4) + (-5) = -9$ tỷ. (Trường hợp X thua, Y thắng cho $(-4) + 8 = +4 > 0$). Từ đó tính xác suất nhánh thỏa mãn."
PROB_CREAT_244,He thong Phong thu - An ninh,SKILL_DEFENSE_MODEL,SangTao,VanDungCao,"Một hệ thống phòng không tự động phân tầng có hai lớp phòng thủ độc lập $T_1$ (tầm xa) và $T_2$ (tầm gần). Xác suất tầng $T_1$ bắn hạ được mục tiêu xâm nhập là $0{,}85$. Nếu $T_1$ trượt, tầng $T_2$ tự động kích hoạt với xác suất tiêu diệt mục tiêu là $0{,}70$. Để nâng cao hiệu quả phòng thủ, chỉ huy muốn xác suất tiêu diệt mục tiêu đạt tối thiểu $0{,}98$. Hỏi xác suất tiêu diệt của tầng $T_2$ cần nâng cấp lên tối thiểu là bao nhiêu nếu giữ nguyên tầng $T_1$?","0,867","0,800","0,920","0,750",A,2.1,1.77,"Biểu diễn xác suất hệ thống phòng thủ thất bại (cả hai tầng đều trượt) theo xác suất trúng của tầng 2 là $p_2$: $P(\text{Trượt toàn bộ}) = (1 - 0{,}85)(1 - p_2) = 0{,}15(1 - p_2)$.","Thiết lập bất phương trình theo yêu cầu hệ thống: Xác suất tiêu diệt thành công $1 - 0{,}15(1 - p_2) \ge 0{,}98 \iff 0{,}15(1 - p_2) \le 0{,}02$, từ đó giải tìm điều kiện ràng buộc của $p_2$."
PROB_CREAT_245,Khoa hoc Du lieu - Phat hien Gian lan,SKILL_FRAUD_DETECTION,SangTao,VanDungCao,"Một thuật toán ngân hàng số kết hợp hai mô hình học máy độc lập $M_1$ và $M_2$ để cảnh báo giao dịch gian lận. Khi có một giao dịch gian lận thực sự xảy ra, xác suất mô hình $M_1$ cảnh báo là $0{,}90$, của $M_2$ là $0{,}80$. Hệ thống cho phép chọn hai chế độ vận hành: Chế độ 'An toàn tối đa' (khóa thẻ nếu có ít nhất một mô hình báo động) và Chế độ 'Trải nghiệm mượt' (chỉ khóa thẻ khi cả hai mô hình cùng báo động). Chênh lệch xác suất khóa thẻ chính xác giữa hai chế độ đối với một giao dịch gian lận là bao nhiêu?","0,26","0,18","0,72","0,98",A,1.67,2.11,"Tính xác suất khóa thẻ ở Chế độ 1 (ít nhất một mô hình báo động) bằng biến cố đối: $P_1 = 1 - (1 - 0{,}90)(1 - 0{,}80)$.","Tính xác suất khóa thẻ ở Chế độ 2 (cả hai mô hình cùng báo động) bằng quy tắc nhân: $P_2 = 0{,}90 \times 0{,}80$. Sau đó lấy hiệu số $P_1 - P_2$."
PROB_CREAT_246,Toi uu hoa He thong,SKILL_OPTIMAL_DECISION,SangTao,VanDungCao,"Một hệ thống truyền tin gồm $3$ kênh song song độc lập, mỗi kênh có xác suất truyền lỗi là $p \in (0, 1)$. Trong điều kiện chi phí tương đương, kỹ sư cân nhắc hai phương án nâng cấp: Phương án 1 thêm một kênh dự phòng song song thứ 4 (xác suất lỗi $p$); Phương án 2 áp dụng thuật toán lọc nhiễu nâng cao giúp giảm xác suất lỗi của một kênh xuống còn $\frac{1}{2}p$. Phương án nào tối ưu hơn để giảm thiểu nguy cơ toàn bộ hệ thống bị gián đoạn cùng lúc?",Phương án 1 (thêm kênh song song thứ 4),Phương án 2 (giảm một nửa xác suất lỗi của 1 kênh),Cả hai phương án mang lại độ an toàn tương đương nhau với mọi $p$,"Phương án 1 tối ưu hơn khi $p > 0{,}5$, ngược lại Phương án 2 tối ưu hơn khi $p < 0{,}5$",D,1.9,3.07,Hãy biểu diễn xác suất gián đoạn toàn bộ hệ thống (tất cả các kênh cùng gặp lỗi) theo $p$: Phương án 1 là $P_1 = p^4$; Phương án 2 là $P_2 = \frac{1}{2}p \cdot p^2 = \frac{1}{2}p^3$.,"Lập hiệu số $P_1 - P_2 = p^3(p - 0{,}5)$ và xét dấu trong khoảng $p \in (0, 1)$ để rút ra kết luận lựa chọn chiến lược tối ưu."
PROB_CREAT_247,Y sinh hoc - Thiet ke Thi nghiem,SKILL_CLINICAL_TRIAL,SangTao,VanDungCao,"Một phác đồ điều trị thử nghiệm gồm hai giai đoạn độc lập: Giai đoạn 1 kiểm tra độ an toàn trên nhóm nguy cơ cao với xác suất đạt là $0{,}8$; Giai đoạn 2 kiểm tra hiệu lực bảo vệ với xác suất đạt là $0{,}75$. Nếu giai đoạn 1 thất bại, phác đồ bị dừng ngay. Nếu giai đoạn 1 thành công nhưng giai đoạn 2 thất bại, bệnh nhân được chuyển sang phác đồ cứu trợ có xác suất hồi phục $0{,}6$. Xác suất để một bệnh nhân đạt kết quả điều trị tích cực (thành công ở cả 2 giai đoạn hoặc hồi phục nhờ phác đồ cứu trợ) là bao nhiêu?","0,72","0,60","0,78","0,84",A,2.13,1.69,"Phân tích cây biến cố (Event Tree): Xác định hai kịch bản dẫn đến kết quả tích cực: (1) Thành công cả hai giai đoạn chính; (2) Giai đoạn 1 thành công, giai đoạn 2 thất bại nhưng phác đồ cứu trợ thành công.","Vì các giai đoạn và phác đồ kế tiếp rời nhau về mặt điều kiện, hãy tính xác suất từng nhánh rồi áp dụng quy tắc cộng: $P = 0{,}8 \times 0{,}75 + 0{,}8 \times (1 - 0{,}75) \times 0{,}6$."
PROB_CREAT_248,Kinh te Tai chinh,SKILL_OPTIMAL_DECISION,SangTao,VanDungCao,"Một quỹ đầu tư mạo hiểm đánh giá hai dự án công nghệ $X$ và $Y$ độc lập. Xác suất thành công thương mại của $X$ là $0{,}6$ mang lại lợi nhuận kỳ vọng $+10$ tỷ đồng (nếu thất bại lỗ $-4$ tỷ); của $Y$ là $0{,}7$ mang lại $+8$ tỷ đồng (nếu thất bại lỗ $-5$ tỷ). Quỹ quyết định đầu tư đồng thời cả hai dự án. Xác suất để quỹ rơi vào tình trạng thua lỗ ròng (tổng lợi nhuận hai dự án âm) là bao nhiêu?","0,12","0,18","0,28","0,34",A,1.7,2.03,"Hãy lập bảng phân phối 4 kịch bản kết hợp giữa hai dự án: (X thắng, Y thắng), (X thắng, Y thua), (X thua, Y thắng), (X thua, Y thua) kèm theo tổng lợi nhuận số học tương ứng.","Kiểm tra xem kịch bản nào cho tổng lợi nhuận âm: Chỉ có kịch bản (X thua, Y thua) cho lợi nhuận $(-4) + (-5) = -9$ tỷ. (Trường hợp X thua, Y thắng cho $(-4) + 8 = +4 > 0$). Từ đó tính xác suất nhánh thỏa mãn."
PROB_CREAT_249,He thong Phong thu - An ninh,SKILL_DEFENSE_MODEL,SangTao,VanDungCao,"Một hệ thống phòng không tự động phân tầng có hai lớp phòng thủ độc lập $T_1$ (tầm xa) và $T_2$ (tầm gần). Xác suất tầng $T_1$ bắn hạ được mục tiêu xâm nhập là $0{,}85$. Nếu $T_1$ trượt, tầng $T_2$ tự động kích hoạt với xác suất tiêu diệt mục tiêu là $0{,}70$. Để nâng cao hiệu quả phòng thủ, chỉ huy muốn xác suất tiêu diệt mục tiêu đạt tối thiểu $0{,}98$. Hỏi xác suất tiêu diệt của tầng $T_2$ cần nâng cấp lên tối thiểu là bao nhiêu nếu giữ nguyên tầng $T_1$?","0,867","0,800","0,920","0,750",A,1.93,2.37,"Biểu diễn xác suất hệ thống phòng thủ thất bại (cả hai tầng đều trượt) theo xác suất trúng của tầng 2 là $p_2$: $P(\text{Trượt toàn bộ}) = (1 - 0{,}85)(1 - p_2) = 0{,}15(1 - p_2)$.","Thiết lập bất phương trình theo yêu cầu hệ thống: Xác suất tiêu diệt thành công $1 - 0{,}15(1 - p_2) \ge 0{,}98 \iff 0{,}15(1 - p_2) \le 0{,}02$, từ đó giải tìm điều kiện ràng buộc của $p_2$."
PROB_CREAT_250,Khoa hoc Du lieu - Phat hien Gian lan,SKILL_FRAUD_DETECTION,SangTao,VanDungCao,"Một thuật toán ngân hàng số kết hợp hai mô hình học máy độc lập $M_1$ và $M_2$ để cảnh báo giao dịch gian lận. Khi có một giao dịch gian lận thực sự xảy ra, xác suất mô hình $M_1$ cảnh báo là $0{,}90$, của $M_2$ là $0{,}80$. Hệ thống cho phép chọn hai chế độ vận hành: Chế độ 'An toàn tối đa' (khóa thẻ nếu có ít nhất một mô hình báo động) và Chế độ 'Trải nghiệm mượt' (chỉ khóa thẻ khi cả hai mô hình cùng báo động). Chênh lệch xác suất khóa thẻ chính xác giữa hai chế độ đối với một giao dịch gian lận là bao nhiêu?","0,26","0,18","0,72","0,98",A,2.16,2.71,"Tính xác suất khóa thẻ ở Chế độ 1 (ít nhất một mô hình báo động) bằng biến cố đối: $P_1 = 1 - (1 - 0{,}90)(1 - 0{,}80)$.","Tính xác suất khóa thẻ ở Chế độ 2 (cả hai mô hình cùng báo động) bằng quy tắc nhân: $P_2 = 0{,}90 \times 0{,}80$. Sau đó lấy hiệu số $P_1 - P_2$."
PROB_CREAT_251,Toi uu hoa He thong,SKILL_OPTIMAL_DECISION,SangTao,VanDungCao,"Một hệ thống truyền tin gồm $3$ kênh song song độc lập, mỗi kênh có xác suất truyền lỗi là $p \in (0, 1)$. Trong điều kiện chi phí tương đương, kỹ sư cân nhắc hai phương án nâng cấp: Phương án 1 thêm một kênh dự phòng song song thứ 4 (xác suất lỗi $p$); Phương án 2 áp dụng thuật toán lọc nhiễu nâng cao giúp giảm xác suất lỗi của một kênh xuống còn $\frac{1}{2}p$. Phương án nào tối ưu hơn để giảm thiểu nguy cơ toàn bộ hệ thống bị gián đoạn cùng lúc?",Phương án 1 (thêm kênh song song thứ 4),Phương án 2 (giảm một nửa xác suất lỗi của 1 kênh),Cả hai phương án mang lại độ an toàn tương đương nhau với mọi $p$,"Phương án 1 tối ưu hơn khi $p > 0{,}5$, ngược lại Phương án 2 tối ưu hơn khi $p < 0{,}5$",D,1.73,1.95,Hãy biểu diễn xác suất gián đoạn toàn bộ hệ thống (tất cả các kênh cùng gặp lỗi) theo $p$: Phương án 1 là $P_1 = p^4$; Phương án 2 là $P_2 = \frac{1}{2}p \cdot p^2 = \frac{1}{2}p^3$.,"Lập hiệu số $P_1 - P_2 = p^3(p - 0{,}5)$ và xét dấu trong khoảng $p \in (0, 1)$ để rút ra kết luận lựa chọn chiến lược tối ưu."
PROB_CREAT_252,Y sinh hoc - Thiet ke Thi nghiem,SKILL_CLINICAL_TRIAL,SangTao,VanDungCao,"Một phác đồ điều trị thử nghiệm gồm hai giai đoạn độc lập: Giai đoạn 1 kiểm tra độ an toàn trên nhóm nguy cơ cao với xác suất đạt là $0{,}8$; Giai đoạn 2 kiểm tra hiệu lực bảo vệ với xác suất đạt là $0{,}75$. Nếu giai đoạn 1 thất bại, phác đồ bị dừng ngay. Nếu giai đoạn 1 thành công nhưng giai đoạn 2 thất bại, bệnh nhân được chuyển sang phác đồ cứu trợ có xác suất hồi phục $0{,}6$. Xác suất để một bệnh nhân đạt kết quả điều trị tích cực (thành công ở cả 2 giai đoạn hoặc hồi phục nhờ phác đồ cứu trợ) là bao nhiêu?","0,72","0,60","0,78","0,84",A,1.96,2.29,"Phân tích cây biến cố (Event Tree): Xác định hai kịch bản dẫn đến kết quả tích cực: (1) Thành công cả hai giai đoạn chính; (2) Giai đoạn 1 thành công, giai đoạn 2 thất bại nhưng phác đồ cứu trợ thành công.","Vì các giai đoạn và phác đồ kế tiếp rời nhau về mặt điều kiện, hãy tính xác suất từng nhánh rồi áp dụng quy tắc cộng: $P = 0{,}8 \times 0{,}75 + 0{,}8 \times (1 - 0{,}75) \times 0{,}6$."
PROB_CREAT_253,Kinh te Tai chinh,SKILL_OPTIMAL_DECISION,SangTao,VanDungCao,"Một quỹ đầu tư mạo hiểm đánh giá hai dự án công nghệ $X$ và $Y$ độc lập. Xác suất thành công thương mại của $X$ là $0{,}6$ mang lại lợi nhuận kỳ vọng $+10$ tỷ đồng (nếu thất bại lỗ $-4$ tỷ); của $Y$ là $0{,}7$ mang lại $+8$ tỷ đồng (nếu thất bại lỗ $-5$ tỷ). Quỹ quyết định đầu tư đồng thời cả hai dự án. Xác suất để quỹ rơi vào tình trạng thua lỗ ròng (tổng lợi nhuận hai dự án âm) là bao nhiêu?","0,12","0,18","0,28","0,34",A,2.19,2.63,"Hãy lập bảng phân phối 4 kịch bản kết hợp giữa hai dự án: (X thắng, Y thắng), (X thắng, Y thua), (X thua, Y thắng), (X thua, Y thua) kèm theo tổng lợi nhuận số học tương ứng.","Kiểm tra xem kịch bản nào cho tổng lợi nhuận âm: Chỉ có kịch bản (X thua, Y thua) cho lợi nhuận $(-4) + (-5) = -9$ tỷ. (Trường hợp X thua, Y thắng cho $(-4) + 8 = +4 > 0$). Từ đó tính xác suất nhánh thỏa mãn."
PROB_CREAT_254,He thong Phong thu - An ninh,SKILL_DEFENSE_MODEL,SangTao,VanDungCao,"Một hệ thống phòng không tự động phân tầng có hai lớp phòng thủ độc lập $T_1$ (tầm xa) và $T_2$ (tầm gần). Xác suất tầng $T_1$ bắn hạ được mục tiêu xâm nhập là $0{,}85$. Nếu $T_1$ trượt, tầng $T_2$ tự động kích hoạt với xác suất tiêu diệt mục tiêu là $0{,}70$. Để nâng cao hiệu quả phòng thủ, chỉ huy muốn xác suất tiêu diệt mục tiêu đạt tối thiểu $0{,}98$. Hỏi xác suất tiêu diệt của tầng $T_2$ cần nâng cấp lên tối thiểu là bao nhiêu nếu giữ nguyên tầng $T_1$?","0,867","0,800","0,920","0,750",A,1.76,1.87,"Biểu diễn xác suất hệ thống phòng thủ thất bại (cả hai tầng đều trượt) theo xác suất trúng của tầng 2 là $p_2$: $P(\text{Trượt toàn bộ}) = (1 - 0{,}85)(1 - p_2) = 0{,}15(1 - p_2)$.","Thiết lập bất phương trình theo yêu cầu hệ thống: Xác suất tiêu diệt thành công $1 - 0{,}15(1 - p_2) \ge 0{,}98 \iff 0{,}15(1 - p_2) \le 0{,}02$, từ đó giải tìm điều kiện ràng buộc của $p_2$."
PROB_CREAT_255,Khoa hoc Du lieu - Phat hien Gian lan,SKILL_FRAUD_DETECTION,SangTao,VanDungCao,"Một thuật toán ngân hàng số kết hợp hai mô hình học máy độc lập $M_1$ và $M_2$ để cảnh báo giao dịch gian lận. Khi có một giao dịch gian lận thực sự xảy ra, xác suất mô hình $M_1$ cảnh báo là $0{,}90$, của $M_2$ là $0{,}80$. Hệ thống cho phép chọn hai chế độ vận hành: Chế độ 'An toàn tối đa' (khóa thẻ nếu có ít nhất một mô hình báo động) và Chế độ 'Trải nghiệm mượt' (chỉ khóa thẻ khi cả hai mô hình cùng báo động). Chênh lệch xác suất khóa thẻ chính xác giữa hai chế độ đối với một giao dịch gian lận là bao nhiêu?","0,26","0,18","0,72","0,98",A,1.99,2.21,"Tính xác suất khóa thẻ ở Chế độ 1 (ít nhất một mô hình báo động) bằng biến cố đối: $P_1 = 1 - (1 - 0{,}90)(1 - 0{,}80)$.","Tính xác suất khóa thẻ ở Chế độ 2 (cả hai mô hình cùng báo động) bằng quy tắc nhân: $P_2 = 0{,}90 \times 0{,}80$. Sau đó lấy hiệu số $P_1 - P_2$."
PROB_CREAT_256,Toi uu hoa He thong,SKILL_OPTIMAL_DECISION,SangTao,VanDungCao,"Một hệ thống truyền tin gồm $3$ kênh song song độc lập, mỗi kênh có xác suất truyền lỗi là $p \in (0, 1)$. Trong điều kiện chi phí tương đương, kỹ sư cân nhắc hai phương án nâng cấp: Phương án 1 thêm một kênh dự phòng song song thứ 4 (xác suất lỗi $p$); Phương án 2 áp dụng thuật toán lọc nhiễu nâng cao giúp giảm xác suất lỗi của một kênh xuống còn $\frac{1}{2}p$. Phương án nào tối ưu hơn để giảm thiểu nguy cơ toàn bộ hệ thống bị gián đoạn cùng lúc?",Phương án 1 (thêm kênh song song thứ 4),Phương án 2 (giảm một nửa xác suất lỗi của 1 kênh),Cả hai phương án mang lại độ an toàn tương đương nhau với mọi $p$,"Phương án 1 tối ưu hơn khi $p > 0{,}5$, ngược lại Phương án 2 tối ưu hơn khi $p < 0{,}5$",D,2.22,2.55,Hãy biểu diễn xác suất gián đoạn toàn bộ hệ thống (tất cả các kênh cùng gặp lỗi) theo $p$: Phương án 1 là $P_1 = p^4$; Phương án 2 là $P_2 = \frac{1}{2}p \cdot p^2 = \frac{1}{2}p^3$.,"Lập hiệu số $P_1 - P_2 = p^3(p - 0{,}5)$ và xét dấu trong khoảng $p \in (0, 1)$ để rút ra kết luận lựa chọn chiến lược tối ưu."
PROB_CREAT_257,Y sinh hoc - Thiet ke Thi nghiem,SKILL_CLINICAL_TRIAL,SangTao,VanDungCao,"Một phác đồ điều trị thử nghiệm gồm hai giai đoạn độc lập: Giai đoạn 1 kiểm tra độ an toàn trên nhóm nguy cơ cao với xác suất đạt là $0{,}8$; Giai đoạn 2 kiểm tra hiệu lực bảo vệ với xác suất đạt là $0{,}75$. Nếu giai đoạn 1 thất bại, phác đồ bị dừng ngay. Nếu giai đoạn 1 thành công nhưng giai đoạn 2 thất bại, bệnh nhân được chuyển sang phác đồ cứu trợ có xác suất hồi phục $0{,}6$. Xác suất để một bệnh nhân đạt kết quả điều trị tích cực (thành công ở cả 2 giai đoạn hoặc hồi phục nhờ phác đồ cứu trợ) là bao nhiêu?","0,72","0,60","0,78","0,84",A,1.79,1.79,"Phân tích cây biến cố (Event Tree): Xác định hai kịch bản dẫn đến kết quả tích cực: (1) Thành công cả hai giai đoạn chính; (2) Giai đoạn 1 thành công, giai đoạn 2 thất bại nhưng phác đồ cứu trợ thành công.","Vì các giai đoạn và phác đồ kế tiếp rời nhau về mặt điều kiện, hãy tính xác suất từng nhánh rồi áp dụng quy tắc cộng: $P = 0{,}8 \times 0{,}75 + 0{,}8 \times (1 - 0{,}75) \times 0{,}6$."
PROB_CREAT_258,Kinh te Tai chinh,SKILL_OPTIMAL_DECISION,SangTao,VanDungCao,"Một quỹ đầu tư mạo hiểm đánh giá hai dự án công nghệ $X$ và $Y$ độc lập. Xác suất thành công thương mại của $X$ là $0{,}6$ mang lại lợi nhuận kỳ vọng $+10$ tỷ đồng (nếu thất bại lỗ $-4$ tỷ); của $Y$ là $0{,}7$ mang lại $+8$ tỷ đồng (nếu thất bại lỗ $-5$ tỷ). Quỹ quyết định đầu tư đồng thời cả hai dự án. Xác suất để quỹ rơi vào tình trạng thua lỗ ròng (tổng lợi nhuận hai dự án âm) là bao nhiêu?","0,12","0,18","0,28","0,34",A,2.02,2.13,"Hãy lập bảng phân phối 4 kịch bản kết hợp giữa hai dự án: (X thắng, Y thắng), (X thắng, Y thua), (X thua, Y thắng), (X thua, Y thua) kèm theo tổng lợi nhuận số học tương ứng.","Kiểm tra xem kịch bản nào cho tổng lợi nhuận âm: Chỉ có kịch bản (X thua, Y thua) cho lợi nhuận $(-4) + (-5) = -9$ tỷ. (Trường hợp X thua, Y thắng cho $(-4) + 8 = +4 > 0$). Từ đó tính xác suất nhánh thỏa mãn."
PROB_CREAT_259,He thong Phong thu - An ninh,SKILL_DEFENSE_MODEL,SangTao,VanDungCao,"Một hệ thống phòng không tự động phân tầng có hai lớp phòng thủ độc lập $T_1$ (tầm xa) và $T_2$ (tầm gần). Xác suất tầng $T_1$ bắn hạ được mục tiêu xâm nhập là $0{,}85$. Nếu $T_1$ trượt, tầng $T_2$ tự động kích hoạt với xác suất tiêu diệt mục tiêu là $0{,}70$. Để nâng cao hiệu quả phòng thủ, chỉ huy muốn xác suất tiêu diệt mục tiêu đạt tối thiểu $0{,}98$. Hỏi xác suất tiêu diệt của tầng $T_2$ cần nâng cấp lên tối thiểu là bao nhiêu nếu giữ nguyên tầng $T_1$?","0,867","0,800","0,920","0,750",A,2.25,2.47,"Biểu diễn xác suất hệ thống phòng thủ thất bại (cả hai tầng đều trượt) theo xác suất trúng của tầng 2 là $p_2$: $P(\text{Trượt toàn bộ}) = (1 - 0{,}85)(1 - p_2) = 0{,}15(1 - p_2)$.","Thiết lập bất phương trình theo yêu cầu hệ thống: Xác suất tiêu diệt thành công $1 - 0{,}15(1 - p_2) \ge 0{,}98 \iff 0{,}15(1 - p_2) \le 0{,}02$, từ đó giải tìm điều kiện ràng buộc của $p_2$."
PROB_CREAT_260,Khoa hoc Du lieu - Phat hien Gian lan,SKILL_FRAUD_DETECTION,SangTao,VanDungCao,"Một thuật toán ngân hàng số kết hợp hai mô hình học máy độc lập $M_1$ và $M_2$ để cảnh báo giao dịch gian lận. Khi có một giao dịch gian lận thực sự xảy ra, xác suất mô hình $M_1$ cảnh báo là $0{,}90$, của $M_2$ là $0{,}80$. Hệ thống cho phép chọn hai chế độ vận hành: Chế độ 'An toàn tối đa' (khóa thẻ nếu có ít nhất một mô hình báo động) và Chế độ 'Trải nghiệm mượt' (chỉ khóa thẻ khi cả hai mô hình cùng báo động). Chênh lệch xác suất khóa thẻ chính xác giữa hai chế độ đối với một giao dịch gian lận là bao nhiêu?","0,26","0,18","0,72","0,98",A,1.82,1.71,"Tính xác suất khóa thẻ ở Chế độ 1 (ít nhất một mô hình báo động) bằng biến cố đối: $P_1 = 1 - (1 - 0{,}90)(1 - 0{,}80)$.","Tính xác suất khóa thẻ ở Chế độ 2 (cả hai mô hình cùng báo động) bằng quy tắc nhân: $P_2 = 0{,}90 \times 0{,}80$. Sau đó lấy hiệu số $P_1 - P_2$."
PROB_CREAT_261,Toi uu hoa He thong,SKILL_OPTIMAL_DECISION,SangTao,VanDungCao,"Một hệ thống truyền tin gồm $3$ kênh song song độc lập, mỗi kênh có xác suất truyền lỗi là $p \in (0, 1)$. Trong điều kiện chi phí tương đương, kỹ sư cân nhắc hai phương án nâng cấp: Phương án 1 thêm một kênh dự phòng song song thứ 4 (xác suất lỗi $p$); Phương án 2 áp dụng thuật toán lọc nhiễu nâng cao giúp giảm xác suất lỗi của một kênh xuống còn $\frac{1}{2}p$. Phương án nào tối ưu hơn để giảm thiểu nguy cơ toàn bộ hệ thống bị gián đoạn cùng lúc?",Phương án 1 (thêm kênh song song thứ 4),Phương án 2 (giảm một nửa xác suất lỗi của 1 kênh),Cả hai phương án mang lại độ an toàn tương đương nhau với mọi $p$,"Phương án 1 tối ưu hơn khi $p > 0{,}5$, ngược lại Phương án 2 tối ưu hơn khi $p < 0{,}5$",D,2.05,2.05,Hãy biểu diễn xác suất gián đoạn toàn bộ hệ thống (tất cả các kênh cùng gặp lỗi) theo $p$: Phương án 1 là $P_1 = p^4$; Phương án 2 là $P_2 = \frac{1}{2}p \cdot p^2 = \frac{1}{2}p^3$.,"Lập hiệu số $P_1 - P_2 = p^3(p - 0{,}5)$ và xét dấu trong khoảng $p \in (0, 1)$ để rút ra kết luận lựa chọn chiến lược tối ưu."
PROB_CREAT_262,Y sinh hoc - Thiet ke Thi nghiem,SKILL_CLINICAL_TRIAL,SangTao,VanDungCao,"Một phác đồ điều trị thử nghiệm gồm hai giai đoạn độc lập: Giai đoạn 1 kiểm tra độ an toàn trên nhóm nguy cơ cao với xác suất đạt là $0{,}8$; Giai đoạn 2 kiểm tra hiệu lực bảo vệ với xác suất đạt là $0{,}75$. Nếu giai đoạn 1 thất bại, phác đồ bị dừng ngay. Nếu giai đoạn 1 thành công nhưng giai đoạn 2 thất bại, bệnh nhân được chuyển sang phác đồ cứu trợ có xác suất hồi phục $0{,}6$. Xác suất để một bệnh nhân đạt kết quả điều trị tích cực (thành công ở cả 2 giai đoạn hoặc hồi phục nhờ phác đồ cứu trợ) là bao nhiêu?","0,72","0,60","0,78","0,84",A,2.28,2.39,"Phân tích cây biến cố (Event Tree): Xác định hai kịch bản dẫn đến kết quả tích cực: (1) Thành công cả hai giai đoạn chính; (2) Giai đoạn 1 thành công, giai đoạn 2 thất bại nhưng phác đồ cứu trợ thành công.","Vì các giai đoạn và phác đồ kế tiếp rời nhau về mặt điều kiện, hãy tính xác suất từng nhánh rồi áp dụng quy tắc cộng: $P = 0{,}8 \times 0{,}75 + 0{,}8 \times (1 - 0{,}75) \times 0{,}6$."
PROB_CREAT_263,Kinh te Tai chinh,SKILL_OPTIMAL_DECISION,SangTao,VanDungCao,"Một quỹ đầu tư mạo hiểm đánh giá hai dự án công nghệ $X$ và $Y$ độc lập. Xác suất thành công thương mại của $X$ là $0{,}6$ mang lại lợi nhuận kỳ vọng $+10$ tỷ đồng (nếu thất bại lỗ $-4$ tỷ); của $Y$ là $0{,}7$ mang lại $+8$ tỷ đồng (nếu thất bại lỗ $-5$ tỷ). Quỹ quyết định đầu tư đồng thời cả hai dự án. Xác suất để quỹ rơi vào tình trạng thua lỗ ròng (tổng lợi nhuận hai dự án âm) là bao nhiêu?","0,12","0,18","0,28","0,34",A,1.85,2.73,"Hãy lập bảng phân phối 4 kịch bản kết hợp giữa hai dự án: (X thắng, Y thắng), (X thắng, Y thua), (X thua, Y thắng), (X thua, Y thua) kèm theo tổng lợi nhuận số học tương ứng.","Kiểm tra xem kịch bản nào cho tổng lợi nhuận âm: Chỉ có kịch bản (X thua, Y thua) cho lợi nhuận $(-4) + (-5) = -9$ tỷ. (Trường hợp X thua, Y thắng cho $(-4) + 8 = +4 > 0$). Từ đó tính xác suất nhánh thỏa mãn."
PROB_CREAT_264,He thong Phong thu - An ninh,SKILL_DEFENSE_MODEL,SangTao,VanDungCao,"Một hệ thống phòng không tự động phân tầng có hai lớp phòng thủ độc lập $T_1$ (tầm xa) và $T_2$ (tầm gần). Xác suất tầng $T_1$ bắn hạ được mục tiêu xâm nhập là $0{,}85$. Nếu $T_1$ trượt, tầng $T_2$ tự động kích hoạt với xác suất tiêu diệt mục tiêu là $0{,}70$. Để nâng cao hiệu quả phòng thủ, chỉ huy muốn xác suất tiêu diệt mục tiêu đạt tối thiểu $0{,}98$. Hỏi xác suất tiêu diệt của tầng $T_2$ cần nâng cấp lên tối thiểu là bao nhiêu nếu giữ nguyên tầng $T_1$?","0,867","0,800","0,920","0,750",A,2.08,1.97,"Biểu diễn xác suất hệ thống phòng thủ thất bại (cả hai tầng đều trượt) theo xác suất trúng của tầng 2 là $p_2$: $P(\text{Trượt toàn bộ}) = (1 - 0{,}85)(1 - p_2) = 0{,}15(1 - p_2)$.","Thiết lập bất phương trình theo yêu cầu hệ thống: Xác suất tiêu diệt thành công $1 - 0{,}15(1 - p_2) \ge 0{,}98 \iff 0{,}15(1 - p_2) \le 0{,}02$, từ đó giải tìm điều kiện ràng buộc của $p_2$."
PROB_CREAT_265,Khoa hoc Du lieu - Phat hien Gian lan,SKILL_FRAUD_DETECTION,SangTao,VanDungCao,"Một thuật toán ngân hàng số kết hợp hai mô hình học máy độc lập $M_1$ và $M_2$ để cảnh báo giao dịch gian lận. Khi có một giao dịch gian lận thực sự xảy ra, xác suất mô hình $M_1$ cảnh báo là $0{,}90$, của $M_2$ là $0{,}80$. Hệ thống cho phép chọn hai chế độ vận hành: Chế độ 'An toàn tối đa' (khóa thẻ nếu có ít nhất một mô hình báo động) và Chế độ 'Trải nghiệm mượt' (chỉ khóa thẻ khi cả hai mô hình cùng báo động). Chênh lệch xác suất khóa thẻ chính xác giữa hai chế độ đối với một giao dịch gian lận là bao nhiêu?","0,26","0,18","0,72","0,98",A,1.65,2.31,"Tính xác suất khóa thẻ ở Chế độ 1 (ít nhất một mô hình báo động) bằng biến cố đối: $P_1 = 1 - (1 - 0{,}90)(1 - 0{,}80)$.","Tính xác suất khóa thẻ ở Chế độ 2 (cả hai mô hình cùng báo động) bằng quy tắc nhân: $P_2 = 0{,}90 \times 0{,}80$. Sau đó lấy hiệu số $P_1 - P_2$."
PROB_CREAT_266,Toi uu hoa He thong,SKILL_OPTIMAL_DECISION,SangTao,VanDungCao,"Một hệ thống truyền tin gồm $3$ kênh song song độc lập, mỗi kênh có xác suất truyền lỗi là $p \in (0, 1)$. Trong điều kiện chi phí tương đương, kỹ sư cân nhắc hai phương án nâng cấp: Phương án 1 thêm một kênh dự phòng song song thứ 4 (xác suất lỗi $p$); Phương án 2 áp dụng thuật toán lọc nhiễu nâng cao giúp giảm xác suất lỗi của một kênh xuống còn $\frac{1}{2}p$. Phương án nào tối ưu hơn để giảm thiểu nguy cơ toàn bộ hệ thống bị gián đoạn cùng lúc?",Phương án 1 (thêm kênh song song thứ 4),Phương án 2 (giảm một nửa xác suất lỗi của 1 kênh),Cả hai phương án mang lại độ an toàn tương đương nhau với mọi $p$,"Phương án 1 tối ưu hơn khi $p > 0{,}5$, ngược lại Phương án 2 tối ưu hơn khi $p < 0{,}5$",D,1.88,2.65,Hãy biểu diễn xác suất gián đoạn toàn bộ hệ thống (tất cả các kênh cùng gặp lỗi) theo $p$: Phương án 1 là $P_1 = p^4$; Phương án 2 là $P_2 = \frac{1}{2}p \cdot p^2 = \frac{1}{2}p^3$.,"Lập hiệu số $P_1 - P_2 = p^3(p - 0{,}5)$ và xét dấu trong khoảng $p \in (0, 1)$ để rút ra kết luận lựa chọn chiến lược tối ưu."
PROB_CREAT_267,Y sinh hoc - Thiet ke Thi nghiem,SKILL_CLINICAL_TRIAL,SangTao,VanDungCao,"Một phác đồ điều trị thử nghiệm gồm hai giai đoạn độc lập: Giai đoạn 1 kiểm tra độ an toàn trên nhóm nguy cơ cao với xác suất đạt là $0{,}8$; Giai đoạn 2 kiểm tra hiệu lực bảo vệ với xác suất đạt là $0{,}75$. Nếu giai đoạn 1 thất bại, phác đồ bị dừng ngay. Nếu giai đoạn 1 thành công nhưng giai đoạn 2 thất bại, bệnh nhân được chuyển sang phác đồ cứu trợ có xác suất hồi phục $0{,}6$. Xác suất để một bệnh nhân đạt kết quả điều trị tích cực (thành công ở cả 2 giai đoạn hoặc hồi phục nhờ phác đồ cứu trợ) là bao nhiêu?","0,72","0,60","0,78","0,84",A,2.11,1.89,"Phân tích cây biến cố (Event Tree): Xác định hai kịch bản dẫn đến kết quả tích cực: (1) Thành công cả hai giai đoạn chính; (2) Giai đoạn 1 thành công, giai đoạn 2 thất bại nhưng phác đồ cứu trợ thành công.","Vì các giai đoạn và phác đồ kế tiếp rời nhau về mặt điều kiện, hãy tính xác suất từng nhánh rồi áp dụng quy tắc cộng: $P = 0{,}8 \times 0{,}75 + 0{,}8 \times (1 - 0{,}75) \times 0{,}6$."
PROB_CREAT_268,Kinh te Tai chinh,SKILL_OPTIMAL_DECISION,SangTao,VanDungCao,"Một quỹ đầu tư mạo hiểm đánh giá hai dự án công nghệ $X$ và $Y$ độc lập. Xác suất thành công thương mại của $X$ là $0{,}6$ mang lại lợi nhuận kỳ vọng $+10$ tỷ đồng (nếu thất bại lỗ $-4$ tỷ); của $Y$ là $0{,}7$ mang lại $+8$ tỷ đồng (nếu thất bại lỗ $-5$ tỷ). Quỹ quyết định đầu tư đồng thời cả hai dự án. Xác suất để quỹ rơi vào tình trạng thua lỗ ròng (tổng lợi nhuận hai dự án âm) là bao nhiêu?","0,12","0,18","0,28","0,34",A,1.68,2.23,"Hãy lập bảng phân phối 4 kịch bản kết hợp giữa hai dự án: (X thắng, Y thắng), (X thắng, Y thua), (X thua, Y thắng), (X thua, Y thua) kèm theo tổng lợi nhuận số học tương ứng.","Kiểm tra xem kịch bản nào cho tổng lợi nhuận âm: Chỉ có kịch bản (X thua, Y thua) cho lợi nhuận $(-4) + (-5) = -9$ tỷ. (Trường hợp X thua, Y thắng cho $(-4) + 8 = +4 > 0$). Từ đó tính xác suất nhánh thỏa mãn."
PROB_CREAT_269,He thong Phong thu - An ninh,SKILL_DEFENSE_MODEL,SangTao,VanDungCao,"Một hệ thống phòng không tự động phân tầng có hai lớp phòng thủ độc lập $T_1$ (tầm xa) và $T_2$ (tầm gần). Xác suất tầng $T_1$ bắn hạ được mục tiêu xâm nhập là $0{,}85$. Nếu $T_1$ trượt, tầng $T_2$ tự động kích hoạt với xác suất tiêu diệt mục tiêu là $0{,}70$. Để nâng cao hiệu quả phòng thủ, chỉ huy muốn xác suất tiêu diệt mục tiêu đạt tối thiểu $0{,}98$. Hỏi xác suất tiêu diệt của tầng $T_2$ cần nâng cấp lên tối thiểu là bao nhiêu nếu giữ nguyên tầng $T_1$?","0,867","0,800","0,920","0,750",A,1.91,2.57,"Biểu diễn xác suất hệ thống phòng thủ thất bại (cả hai tầng đều trượt) theo xác suất trúng của tầng 2 là $p_2$: $P(\text{Trượt toàn bộ}) = (1 - 0{,}85)(1 - p_2) = 0{,}15(1 - p_2)$.","Thiết lập bất phương trình theo yêu cầu hệ thống: Xác suất tiêu diệt thành công $1 - 0{,}15(1 - p_2) \ge 0{,}98 \iff 0{,}15(1 - p_2) \le 0{,}02$, từ đó giải tìm điều kiện ràng buộc của $p_2$."
PROB_CREAT_270,Khoa hoc Du lieu - Phat hien Gian lan,SKILL_FRAUD_DETECTION,SangTao,VanDungCao,"Một thuật toán ngân hàng số kết hợp hai mô hình học máy độc lập $M_1$ và $M_2$ để cảnh báo giao dịch gian lận. Khi có một giao dịch gian lận thực sự xảy ra, xác suất mô hình $M_1$ cảnh báo là $0{,}90$, của $M_2$ là $0{,}80$. Hệ thống cho phép chọn hai chế độ vận hành: Chế độ 'An toàn tối đa' (khóa thẻ nếu có ít nhất một mô hình báo động) và Chế độ 'Trải nghiệm mượt' (chỉ khóa thẻ khi cả hai mô hình cùng báo động). Chênh lệch xác suất khóa thẻ chính xác giữa hai chế độ đối với một giao dịch gian lận là bao nhiêu?","0,26","0,18","0,72","0,98",A,2.14,1.81,"Tính xác suất khóa thẻ ở Chế độ 1 (ít nhất một mô hình báo động) bằng biến cố đối: $P_1 = 1 - (1 - 0{,}90)(1 - 0{,}80)$.","Tính xác suất khóa thẻ ở Chế độ 2 (cả hai mô hình cùng báo động) bằng quy tắc nhân: $P_2 = 0{,}90 \times 0{,}80$. Sau đó lấy hiệu số $P_1 - P_2$."
PROB_CREAT_271,Toi uu hoa He thong,SKILL_OPTIMAL_DECISION,SangTao,VanDungCao,"Một hệ thống truyền tin gồm $3$ kênh song song độc lập, mỗi kênh có xác suất truyền lỗi là $p \in (0, 1)$. Trong điều kiện chi phí tương đương, kỹ sư cân nhắc hai phương án nâng cấp: Phương án 1 thêm một kênh dự phòng song song thứ 4 (xác suất lỗi $p$); Phương án 2 áp dụng thuật toán lọc nhiễu nâng cao giúp giảm xác suất lỗi của một kênh xuống còn $\frac{1}{2}p$. Phương án nào tối ưu hơn để giảm thiểu nguy cơ toàn bộ hệ thống bị gián đoạn cùng lúc?",Phương án 1 (thêm kênh song song thứ 4),Phương án 2 (giảm một nửa xác suất lỗi của 1 kênh),Cả hai phương án mang lại độ an toàn tương đương nhau với mọi $p$,"Phương án 1 tối ưu hơn khi $p > 0{,}5$, ngược lại Phương án 2 tối ưu hơn khi $p < 0{,}5$",D,1.71,2.15,Hãy biểu diễn xác suất gián đoạn toàn bộ hệ thống (tất cả các kênh cùng gặp lỗi) theo $p$: Phương án 1 là $P_1 = p^4$; Phương án 2 là $P_2 = \frac{1}{2}p \cdot p^2 = \frac{1}{2}p^3$.,"Lập hiệu số $P_1 - P_2 = p^3(p - 0{,}5)$ và xét dấu trong khoảng $p \in (0, 1)$ để rút ra kết luận lựa chọn chiến lược tối ưu."
PROB_CREAT_272,Y sinh hoc - Thiet ke Thi nghiem,SKILL_CLINICAL_TRIAL,SangTao,VanDungCao,"Một phác đồ điều trị thử nghiệm gồm hai giai đoạn độc lập: Giai đoạn 1 kiểm tra độ an toàn trên nhóm nguy cơ cao với xác suất đạt là $0{,}8$; Giai đoạn 2 kiểm tra hiệu lực bảo vệ với xác suất đạt là $0{,}75$. Nếu giai đoạn 1 thất bại, phác đồ bị dừng ngay. Nếu giai đoạn 1 thành công nhưng giai đoạn 2 thất bại, bệnh nhân được chuyển sang phác đồ cứu trợ có xác suất hồi phục $0{,}6$. Xác suất để một bệnh nhân đạt kết quả điều trị tích cực (thành công ở cả 2 giai đoạn hoặc hồi phục nhờ phác đồ cứu trợ) là bao nhiêu?","0,72","0,60","0,78","0,84",A,1.94,2.49,"Phân tích cây biến cố (Event Tree): Xác định hai kịch bản dẫn đến kết quả tích cực: (1) Thành công cả hai giai đoạn chính; (2) Giai đoạn 1 thành công, giai đoạn 2 thất bại nhưng phác đồ cứu trợ thành công.","Vì các giai đoạn và phác đồ kế tiếp rời nhau về mặt điều kiện, hãy tính xác suất từng nhánh rồi áp dụng quy tắc cộng: $P = 0{,}8 \times 0{,}75 + 0{,}8 \times (1 - 0{,}75) \times 0{,}6$."
PROB_CREAT_273,Kinh te Tai chinh,SKILL_OPTIMAL_DECISION,SangTao,VanDungCao,"Một quỹ đầu tư mạo hiểm đánh giá hai dự án công nghệ $X$ và $Y$ độc lập. Xác suất thành công thương mại của $X$ là $0{,}6$ mang lại lợi nhuận kỳ vọng $+10$ tỷ đồng (nếu thất bại lỗ $-4$ tỷ); của $Y$ là $0{,}7$ mang lại $+8$ tỷ đồng (nếu thất bại lỗ $-5$ tỷ). Quỹ quyết định đầu tư đồng thời cả hai dự án. Xác suất để quỹ rơi vào tình trạng thua lỗ ròng (tổng lợi nhuận hai dự án âm) là bao nhiêu?","0,12","0,18","0,28","0,34",A,2.17,1.73,"Hãy lập bảng phân phối 4 kịch bản kết hợp giữa hai dự án: (X thắng, Y thắng), (X thắng, Y thua), (X thua, Y thắng), (X thua, Y thua) kèm theo tổng lợi nhuận số học tương ứng.","Kiểm tra xem kịch bản nào cho tổng lợi nhuận âm: Chỉ có kịch bản (X thua, Y thua) cho lợi nhuận $(-4) + (-5) = -9$ tỷ. (Trường hợp X thua, Y thắng cho $(-4) + 8 = +4 > 0$). Từ đó tính xác suất nhánh thỏa mãn."
PROB_CREAT_274,He thong Phong thu - An ninh,SKILL_DEFENSE_MODEL,SangTao,VanDungCao,"Một hệ thống phòng không tự động phân tầng có hai lớp phòng thủ độc lập $T_1$ (tầm xa) và $T_2$ (tầm gần). Xác suất tầng $T_1$ bắn hạ được mục tiêu xâm nhập là $0{,}85$. Nếu $T_1$ trượt, tầng $T_2$ tự động kích hoạt với xác suất tiêu diệt mục tiêu là $0{,}70$. Để nâng cao hiệu quả phòng thủ, chỉ huy muốn xác suất tiêu diệt mục tiêu đạt tối thiểu $0{,}98$. Hỏi xác suất tiêu diệt của tầng $T_2$ cần nâng cấp lên tối thiểu là bao nhiêu nếu giữ nguyên tầng $T_1$?","0,867","0,800","0,920","0,750",A,1.74,2.07,"Biểu diễn xác suất hệ thống phòng thủ thất bại (cả hai tầng đều trượt) theo xác suất trúng của tầng 2 là $p_2$: $P(\text{Trượt toàn bộ}) = (1 - 0{,}85)(1 - p_2) = 0{,}15(1 - p_2)$.","Thiết lập bất phương trình theo yêu cầu hệ thống: Xác suất tiêu diệt thành công $1 - 0{,}15(1 - p_2) \ge 0{,}98 \iff 0{,}15(1 - p_2) \le 0{,}02$, từ đó giải tìm điều kiện ràng buộc của $p_2$."
PROB_CREAT_275,Khoa hoc Du lieu - Phat hien Gian lan,SKILL_FRAUD_DETECTION,SangTao,VanDungCao,"Một thuật toán ngân hàng số kết hợp hai mô hình học máy độc lập $M_1$ và $M_2$ để cảnh báo giao dịch gian lận. Khi có một giao dịch gian lận thực sự xảy ra, xác suất mô hình $M_1$ cảnh báo là $0{,}90$, của $M_2$ là $0{,}80$. Hệ thống cho phép chọn hai chế độ vận hành: Chế độ 'An toàn tối đa' (khóa thẻ nếu có ít nhất một mô hình báo động) và Chế độ 'Trải nghiệm mượt' (chỉ khóa thẻ khi cả hai mô hình cùng báo động). Chênh lệch xác suất khóa thẻ chính xác giữa hai chế độ đối với một giao dịch gian lận là bao nhiêu?","0,26","0,18","0,72","0,98",A,1.97,2.41,"Tính xác suất khóa thẻ ở Chế độ 1 (ít nhất một mô hình báo động) bằng biến cố đối: $P_1 = 1 - (1 - 0{,}90)(1 - 0{,}80)$.","Tính xác suất khóa thẻ ở Chế độ 2 (cả hai mô hình cùng báo động) bằng quy tắc nhân: $P_2 = 0{,}90 \times 0{,}80$. Sau đó lấy hiệu số $P_1 - P_2$."
PROB_CREAT_276,Toi uu hoa He thong,SKILL_OPTIMAL_DECISION,SangTao,VanDungCao,"Một hệ thống truyền tin gồm $3$ kênh song song độc lập, mỗi kênh có xác suất truyền lỗi là $p \in (0, 1)$. Trong điều kiện chi phí tương đương, kỹ sư cân nhắc hai phương án nâng cấp: Phương án 1 thêm một kênh dự phòng song song thứ 4 (xác suất lỗi $p$); Phương án 2 áp dụng thuật toán lọc nhiễu nâng cao giúp giảm xác suất lỗi của một kênh xuống còn $\frac{1}{2}p$. Phương án nào tối ưu hơn để giảm thiểu nguy cơ toàn bộ hệ thống bị gián đoạn cùng lúc?",Phương án 1 (thêm kênh song song thứ 4),Phương án 2 (giảm một nửa xác suất lỗi của 1 kênh),Cả hai phương án mang lại độ an toàn tương đương nhau với mọi $p$,"Phương án 1 tối ưu hơn khi $p > 0{,}5$, ngược lại Phương án 2 tối ưu hơn khi $p < 0{,}5$",D,2.2,1.65,Hãy biểu diễn xác suất gián đoạn toàn bộ hệ thống (tất cả các kênh cùng gặp lỗi) theo $p$: Phương án 1 là $P_1 = p^4$; Phương án 2 là $P_2 = \frac{1}{2}p \cdot p^2 = \frac{1}{2}p^3$.,"Lập hiệu số $P_1 - P_2 = p^3(p - 0{,}5)$ và xét dấu trong khoảng $p \in (0, 1)$ để rút ra kết luận lựa chọn chiến lược tối ưu."
PROB_CREAT_277,Y sinh hoc - Thiet ke Thi nghiem,SKILL_CLINICAL_TRIAL,SangTao,VanDungCao,"Một phác đồ điều trị thử nghiệm gồm hai giai đoạn độc lập: Giai đoạn 1 kiểm tra độ an toàn trên nhóm nguy cơ cao với xác suất đạt là $0{,}8$; Giai đoạn 2 kiểm tra hiệu lực bảo vệ với xác suất đạt là $0{,}75$. Nếu giai đoạn 1 thất bại, phác đồ bị dừng ngay. Nếu giai đoạn 1 thành công nhưng giai đoạn 2 thất bại, bệnh nhân được chuyển sang phác đồ cứu trợ có xác suất hồi phục $0{,}6$. Xác suất để một bệnh nhân đạt kết quả điều trị tích cực (thành công ở cả 2 giai đoạn hoặc hồi phục nhờ phác đồ cứu trợ) là bao nhiêu?","0,72","0,60","0,78","0,84",A,1.77,1.99,"Phân tích cây biến cố (Event Tree): Xác định hai kịch bản dẫn đến kết quả tích cực: (1) Thành công cả hai giai đoạn chính; (2) Giai đoạn 1 thành công, giai đoạn 2 thất bại nhưng phác đồ cứu trợ thành công.","Vì các giai đoạn và phác đồ kế tiếp rời nhau về mặt điều kiện, hãy tính xác suất từng nhánh rồi áp dụng quy tắc cộng: $P = 0{,}8 \times 0{,}75 + 0{,}8 \times (1 - 0{,}75) \times 0{,}6$."
PROB_CREAT_278,Kinh te Tai chinh,SKILL_OPTIMAL_DECISION,SangTao,VanDungCao,"Một quỹ đầu tư mạo hiểm đánh giá hai dự án công nghệ $X$ và $Y$ độc lập. Xác suất thành công thương mại của $X$ là $0{,}6$ mang lại lợi nhuận kỳ vọng $+10$ tỷ đồng (nếu thất bại lỗ $-4$ tỷ); của $Y$ là $0{,}7$ mang lại $+8$ tỷ đồng (nếu thất bại lỗ $-5$ tỷ). Quỹ quyết định đầu tư đồng thời cả hai dự án. Xác suất để quỹ rơi vào tình trạng thua lỗ ròng (tổng lợi nhuận hai dự án âm) là bao nhiêu?","0,12","0,18","0,28","0,34",A,2.0,2.33,"Hãy lập bảng phân phối 4 kịch bản kết hợp giữa hai dự án: (X thắng, Y thắng), (X thắng, Y thua), (X thua, Y thắng), (X thua, Y thua) kèm theo tổng lợi nhuận số học tương ứng.","Kiểm tra xem kịch bản nào cho tổng lợi nhuận âm: Chỉ có kịch bản (X thua, Y thua) cho lợi nhuận $(-4) + (-5) = -9$ tỷ. (Trường hợp X thua, Y thắng cho $(-4) + 8 = +4 > 0$). Từ đó tính xác suất nhánh thỏa mãn."
PROB_CREAT_279,He thong Phong thu - An ninh,SKILL_DEFENSE_MODEL,SangTao,VanDungCao,"Một hệ thống phòng không tự động phân tầng có hai lớp phòng thủ độc lập $T_1$ (tầm xa) và $T_2$ (tầm gần). Xác suất tầng $T_1$ bắn hạ được mục tiêu xâm nhập là $0{,}85$. Nếu $T_1$ trượt, tầng $T_2$ tự động kích hoạt với xác suất tiêu diệt mục tiêu là $0{,}70$. Để nâng cao hiệu quả phòng thủ, chỉ huy muốn xác suất tiêu diệt mục tiêu đạt tối thiểu $0{,}98$. Hỏi xác suất tiêu diệt của tầng $T_2$ cần nâng cấp lên tối thiểu là bao nhiêu nếu giữ nguyên tầng $T_1$?","0,867","0,800","0,920","0,750",A,2.23,2.67,"Biểu diễn xác suất hệ thống phòng thủ thất bại (cả hai tầng đều trượt) theo xác suất trúng của tầng 2 là $p_2$: $P(\text{Trượt toàn bộ}) = (1 - 0{,}85)(1 - p_2) = 0{,}15(1 - p_2)$.","Thiết lập bất phương trình theo yêu cầu hệ thống: Xác suất tiêu diệt thành công $1 - 0{,}15(1 - p_2) \ge 0{,}98 \iff 0{,}15(1 - p_2) \le 0{,}02$, từ đó giải tìm điều kiện ràng buộc của $p_2$."
PROB_CREAT_280,Khoa hoc Du lieu - Phat hien Gian lan,SKILL_FRAUD_DETECTION,SangTao,VanDungCao,"Một thuật toán ngân hàng số kết hợp hai mô hình học máy độc lập $M_1$ và $M_2$ để cảnh báo giao dịch gian lận. Khi có một giao dịch gian lận thực sự xảy ra, xác suất mô hình $M_1$ cảnh báo là $0{,}90$, của $M_2$ là $0{,}80$. Hệ thống cho phép chọn hai chế độ vận hành: Chế độ 'An toàn tối đa' (khóa thẻ nếu có ít nhất một mô hình báo động) và Chế độ 'Trải nghiệm mượt' (chỉ khóa thẻ khi cả hai mô hình cùng báo động). Chênh lệch xác suất khóa thẻ chính xác giữa hai chế độ đối với một giao dịch gian lận là bao nhiêu?","0,26","0,18","0,72","0,98",A,1.8,1.91,"Tính xác suất khóa thẻ ở Chế độ 1 (ít nhất một mô hình báo động) bằng biến cố đối: $P_1 = 1 - (1 - 0{,}90)(1 - 0{,}80)$.","Tính xác suất khóa thẻ ở Chế độ 2 (cả hai mô hình cùng báo động) bằng quy tắc nhân: $P_2 = 0{,}90 \times 0{,}80$. Sau đó lấy hiệu số $P_1 - P_2$."
PROB_CREAT_281,Toi uu hoa He thong,SKILL_OPTIMAL_DECISION,SangTao,VanDungCao,"Một hệ thống truyền tin gồm $3$ kênh song song độc lập, mỗi kênh có xác suất truyền lỗi là $p \in (0, 1)$. Trong điều kiện chi phí tương đương, kỹ sư cân nhắc hai phương án nâng cấp: Phương án 1 thêm một kênh dự phòng song song thứ 4 (xác suất lỗi $p$); Phương án 2 áp dụng thuật toán lọc nhiễu nâng cao giúp giảm xác suất lỗi của một kênh xuống còn $\frac{1}{2}p$. Phương án nào tối ưu hơn để giảm thiểu nguy cơ toàn bộ hệ thống bị gián đoạn cùng lúc?",Phương án 1 (thêm kênh song song thứ 4),Phương án 2 (giảm một nửa xác suất lỗi của 1 kênh),Cả hai phương án mang lại độ an toàn tương đương nhau với mọi $p$,"Phương án 1 tối ưu hơn khi $p > 0{,}5$, ngược lại Phương án 2 tối ưu hơn khi $p < 0{,}5$",D,2.03,2.25,Hãy biểu diễn xác suất gián đoạn toàn bộ hệ thống (tất cả các kênh cùng gặp lỗi) theo $p$: Phương án 1 là $P_1 = p^4$; Phương án 2 là $P_2 = \frac{1}{2}p \cdot p^2 = \frac{1}{2}p^3$.,"Lập hiệu số $P_1 - P_2 = p^3(p - 0{,}5)$ và xét dấu trong khoảng $p \in (0, 1)$ để rút ra kết luận lựa chọn chiến lược tối ưu."
PROB_CREAT_282,Y sinh hoc - Thiet ke Thi nghiem,SKILL_CLINICAL_TRIAL,SangTao,VanDungCao,"Một phác đồ điều trị thử nghiệm gồm hai giai đoạn độc lập: Giai đoạn 1 kiểm tra độ an toàn trên nhóm nguy cơ cao với xác suất đạt là $0{,}8$; Giai đoạn 2 kiểm tra hiệu lực bảo vệ với xác suất đạt là $0{,}75$. Nếu giai đoạn 1 thất bại, phác đồ bị dừng ngay. Nếu giai đoạn 1 thành công nhưng giai đoạn 2 thất bại, bệnh nhân được chuyển sang phác đồ cứu trợ có xác suất hồi phục $0{,}6$. Xác suất để một bệnh nhân đạt kết quả điều trị tích cực (thành công ở cả 2 giai đoạn hoặc hồi phục nhờ phác đồ cứu trợ) là bao nhiêu?","0,72","0,60","0,78","0,84",A,2.26,2.59,"Phân tích cây biến cố (Event Tree): Xác định hai kịch bản dẫn đến kết quả tích cực: (1) Thành công cả hai giai đoạn chính; (2) Giai đoạn 1 thành công, giai đoạn 2 thất bại nhưng phác đồ cứu trợ thành công.","Vì các giai đoạn và phác đồ kế tiếp rời nhau về mặt điều kiện, hãy tính xác suất từng nhánh rồi áp dụng quy tắc cộng: $P = 0{,}8 \times 0{,}75 + 0{,}8 \times (1 - 0{,}75) \times 0{,}6$."
PROB_CREAT_283,Kinh te Tai chinh,SKILL_OPTIMAL_DECISION,SangTao,VanDungCao,"Một quỹ đầu tư mạo hiểm đánh giá hai dự án công nghệ $X$ và $Y$ độc lập. Xác suất thành công thương mại của $X$ là $0{,}6$ mang lại lợi nhuận kỳ vọng $+10$ tỷ đồng (nếu thất bại lỗ $-4$ tỷ); của $Y$ là $0{,}7$ mang lại $+8$ tỷ đồng (nếu thất bại lỗ $-5$ tỷ). Quỹ quyết định đầu tư đồng thời cả hai dự án. Xác suất để quỹ rơi vào tình trạng thua lỗ ròng (tổng lợi nhuận hai dự án âm) là bao nhiêu?","0,12","0,18","0,28","0,34",A,1.83,1.83,"Hãy lập bảng phân phối 4 kịch bản kết hợp giữa hai dự án: (X thắng, Y thắng), (X thắng, Y thua), (X thua, Y thắng), (X thua, Y thua) kèm theo tổng lợi nhuận số học tương ứng.","Kiểm tra xem kịch bản nào cho tổng lợi nhuận âm: Chỉ có kịch bản (X thua, Y thua) cho lợi nhuận $(-4) + (-5) = -9$ tỷ. (Trường hợp X thua, Y thắng cho $(-4) + 8 = +4 > 0$). Từ đó tính xác suất nhánh thỏa mãn."
PROB_CREAT_284,He thong Phong thu - An ninh,SKILL_DEFENSE_MODEL,SangTao,VanDungCao,"Một hệ thống phòng không tự động phân tầng có hai lớp phòng thủ độc lập $T_1$ (tầm xa) và $T_2$ (tầm gần). Xác suất tầng $T_1$ bắn hạ được mục tiêu xâm nhập là $0{,}85$. Nếu $T_1$ trượt, tầng $T_2$ tự động kích hoạt với xác suất tiêu diệt mục tiêu là $0{,}70$. Để nâng cao hiệu quả phòng thủ, chỉ huy muốn xác suất tiêu diệt mục tiêu đạt tối thiểu $0{,}98$. Hỏi xác suất tiêu diệt của tầng $T_2$ cần nâng cấp lên tối thiểu là bao nhiêu nếu giữ nguyên tầng $T_1$?","0,867","0,800","0,920","0,750",A,2.06,2.17,"Biểu diễn xác suất hệ thống phòng thủ thất bại (cả hai tầng đều trượt) theo xác suất trúng của tầng 2 là $p_2$: $P(\text{Trượt toàn bộ}) = (1 - 0{,}85)(1 - p_2) = 0{,}15(1 - p_2)$.","Thiết lập bất phương trình theo yêu cầu hệ thống: Xác suất tiêu diệt thành công $1 - 0{,}15(1 - p_2) \ge 0{,}98 \iff 0{,}15(1 - p_2) \le 0{,}02$, từ đó giải tìm điều kiện ràng buộc của $p_2$."
PROB_CREAT_285,Khoa hoc Du lieu - Phat hien Gian lan,SKILL_FRAUD_DETECTION,SangTao,VanDungCao,"Một thuật toán ngân hàng số kết hợp hai mô hình học máy độc lập $M_1$ và $M_2$ để cảnh báo giao dịch gian lận. Khi có một giao dịch gian lận thực sự xảy ra, xác suất mô hình $M_1$ cảnh báo là $0{,}90$, của $M_2$ là $0{,}80$. Hệ thống cho phép chọn hai chế độ vận hành: Chế độ 'An toàn tối đa' (khóa thẻ nếu có ít nhất một mô hình báo động) và Chế độ 'Trải nghiệm mượt' (chỉ khóa thẻ khi cả hai mô hình cùng báo động). Chênh lệch xác suất khóa thẻ chính xác giữa hai chế độ đối với một giao dịch gian lận là bao nhiêu?","0,26","0,18","0,72","0,98",A,2.29,2.51,"Tính xác suất khóa thẻ ở Chế độ 1 (ít nhất một mô hình báo động) bằng biến cố đối: $P_1 = 1 - (1 - 0{,}90)(1 - 0{,}80)$.","Tính xác suất khóa thẻ ở Chế độ 2 (cả hai mô hình cùng báo động) bằng quy tắc nhân: $P_2 = 0{,}90 \times 0{,}80$. Sau đó lấy hiệu số $P_1 - P_2$."
PROB_CREAT_286,Toi uu hoa He thong,SKILL_OPTIMAL_DECISION,SangTao,VanDungCao,"Một hệ thống truyền tin gồm $3$ kênh song song độc lập, mỗi kênh có xác suất truyền lỗi là $p \in (0, 1)$. Trong điều kiện chi phí tương đương, kỹ sư cân nhắc hai phương án nâng cấp: Phương án 1 thêm một kênh dự phòng song song thứ 4 (xác suất lỗi $p$); Phương án 2 áp dụng thuật toán lọc nhiễu nâng cao giúp giảm xác suất lỗi của một kênh xuống còn $\frac{1}{2}p$. Phương án nào tối ưu hơn để giảm thiểu nguy cơ toàn bộ hệ thống bị gián đoạn cùng lúc?",Phương án 1 (thêm kênh song song thứ 4),Phương án 2 (giảm một nửa xác suất lỗi của 1 kênh),Cả hai phương án mang lại độ an toàn tương đương nhau với mọi $p$,"Phương án 1 tối ưu hơn khi $p > 0{,}5$, ngược lại Phương án 2 tối ưu hơn khi $p < 0{,}5$",D,1.86,1.75,Hãy biểu diễn xác suất gián đoạn toàn bộ hệ thống (tất cả các kênh cùng gặp lỗi) theo $p$: Phương án 1 là $P_1 = p^4$; Phương án 2 là $P_2 = \frac{1}{2}p \cdot p^2 = \frac{1}{2}p^3$.,"Lập hiệu số $P_1 - P_2 = p^3(p - 0{,}5)$ và xét dấu trong khoảng $p \in (0, 1)$ để rút ra kết luận lựa chọn chiến lược tối ưu."
PROB_CREAT_287,Y sinh hoc - Thiet ke Thi nghiem,SKILL_CLINICAL_TRIAL,SangTao,VanDungCao,"Một phác đồ điều trị thử nghiệm gồm hai giai đoạn độc lập: Giai đoạn 1 kiểm tra độ an toàn trên nhóm nguy cơ cao với xác suất đạt là $0{,}8$; Giai đoạn 2 kiểm tra hiệu lực bảo vệ với xác suất đạt là $0{,}75$. Nếu giai đoạn 1 thất bại, phác đồ bị dừng ngay. Nếu giai đoạn 1 thành công nhưng giai đoạn 2 thất bại, bệnh nhân được chuyển sang phác đồ cứu trợ có xác suất hồi phục $0{,}6$. Xác suất để một bệnh nhân đạt kết quả điều trị tích cực (thành công ở cả 2 giai đoạn hoặc hồi phục nhờ phác đồ cứu trợ) là bao nhiêu?","0,72","0,60","0,78","0,84",A,2.09,2.09,"Phân tích cây biến cố (Event Tree): Xác định hai kịch bản dẫn đến kết quả tích cực: (1) Thành công cả hai giai đoạn chính; (2) Giai đoạn 1 thành công, giai đoạn 2 thất bại nhưng phác đồ cứu trợ thành công.","Vì các giai đoạn và phác đồ kế tiếp rời nhau về mặt điều kiện, hãy tính xác suất từng nhánh rồi áp dụng quy tắc cộng: $P = 0{,}8 \times 0{,}75 + 0{,}8 \times (1 - 0{,}75) \times 0{,}6$."
PROB_CREAT_288,Kinh te Tai chinh,SKILL_OPTIMAL_DECISION,SangTao,VanDungCao,"Một quỹ đầu tư mạo hiểm đánh giá hai dự án công nghệ $X$ và $Y$ độc lập. Xác suất thành công thương mại của $X$ là $0{,}6$ mang lại lợi nhuận kỳ vọng $+10$ tỷ đồng (nếu thất bại lỗ $-4$ tỷ); của $Y$ là $0{,}7$ mang lại $+8$ tỷ đồng (nếu thất bại lỗ $-5$ tỷ). Quỹ quyết định đầu tư đồng thời cả hai dự án. Xác suất để quỹ rơi vào tình trạng thua lỗ ròng (tổng lợi nhuận hai dự án âm) là bao nhiêu?","0,12","0,18","0,28","0,34",A,1.66,2.43,"Hãy lập bảng phân phối 4 kịch bản kết hợp giữa hai dự án: (X thắng, Y thắng), (X thắng, Y thua), (X thua, Y thắng), (X thua, Y thua) kèm theo tổng lợi nhuận số học tương ứng.","Kiểm tra xem kịch bản nào cho tổng lợi nhuận âm: Chỉ có kịch bản (X thua, Y thua) cho lợi nhuận $(-4) + (-5) = -9$ tỷ. (Trường hợp X thua, Y thắng cho $(-4) + 8 = +4 > 0$). Từ đó tính xác suất nhánh thỏa mãn."
PROB_CREAT_289,He thong Phong thu - An ninh,SKILL_DEFENSE_MODEL,SangTao,VanDungCao,"Một hệ thống phòng không tự động phân tầng có hai lớp phòng thủ độc lập $T_1$ (tầm xa) và $T_2$ (tầm gần). Xác suất tầng $T_1$ bắn hạ được mục tiêu xâm nhập là $0{,}85$. Nếu $T_1$ trượt, tầng $T_2$ tự động kích hoạt với xác suất tiêu diệt mục tiêu là $0{,}70$. Để nâng cao hiệu quả phòng thủ, chỉ huy muốn xác suất tiêu diệt mục tiêu đạt tối thiểu $0{,}98$. Hỏi xác suất tiêu diệt của tầng $T_2$ cần nâng cấp lên tối thiểu là bao nhiêu nếu giữ nguyên tầng $T_1$?","0,867","0,800","0,920","0,750",A,1.89,1.67,"Biểu diễn xác suất hệ thống phòng thủ thất bại (cả hai tầng đều trượt) theo xác suất trúng của tầng 2 là $p_2$: $P(\text{Trượt toàn bộ}) = (1 - 0{,}85)(1 - p_2) = 0{,}15(1 - p_2)$.","Thiết lập bất phương trình theo yêu cầu hệ thống: Xác suất tiêu diệt thành công $1 - 0{,}15(1 - p_2) \ge 0{,}98 \iff 0{,}15(1 - p_2) \le 0{,}02$, từ đó giải tìm điều kiện ràng buộc của $p_2$."
PROB_CREAT_290,Khoa hoc Du lieu - Phat hien Gian lan,SKILL_FRAUD_DETECTION,SangTao,VanDungCao,"Một thuật toán ngân hàng số kết hợp hai mô hình học máy độc lập $M_1$ và $M_2$ để cảnh báo giao dịch gian lận. Khi có một giao dịch gian lận thực sự xảy ra, xác suất mô hình $M_1$ cảnh báo là $0{,}90$, của $M_2$ là $0{,}80$. Hệ thống cho phép chọn hai chế độ vận hành: Chế độ 'An toàn tối đa' (khóa thẻ nếu có ít nhất một mô hình báo động) và Chế độ 'Trải nghiệm mượt' (chỉ khóa thẻ khi cả hai mô hình cùng báo động). Chênh lệch xác suất khóa thẻ chính xác giữa hai chế độ đối với một giao dịch gian lận là bao nhiêu?","0,26","0,18","0,72","0,98",A,2.12,2.01,"Tính xác suất khóa thẻ ở Chế độ 1 (ít nhất một mô hình báo động) bằng biến cố đối: $P_1 = 1 - (1 - 0{,}90)(1 - 0{,}80)$.","Tính xác suất khóa thẻ ở Chế độ 2 (cả hai mô hình cùng báo động) bằng quy tắc nhân: $P_2 = 0{,}90 \times 0{,}80$. Sau đó lấy hiệu số $P_1 - P_2$."
PROB_CREAT_291,Toi uu hoa He thong,SKILL_OPTIMAL_DECISION,SangTao,VanDungCao,"Một hệ thống truyền tin gồm $3$ kênh song song độc lập, mỗi kênh có xác suất truyền lỗi là $p \in (0, 1)$. Trong điều kiện chi phí tương đương, kỹ sư cân nhắc hai phương án nâng cấp: Phương án 1 thêm một kênh dự phòng song song thứ 4 (xác suất lỗi $p$); Phương án 2 áp dụng thuật toán lọc nhiễu nâng cao giúp giảm xác suất lỗi của một kênh xuống còn $\frac{1}{2}p$. Phương án nào tối ưu hơn để giảm thiểu nguy cơ toàn bộ hệ thống bị gián đoạn cùng lúc?",Phương án 1 (thêm kênh song song thứ 4),Phương án 2 (giảm một nửa xác suất lỗi của 1 kênh),Cả hai phương án mang lại độ an toàn tương đương nhau với mọi $p$,"Phương án 1 tối ưu hơn khi $p > 0{,}5$, ngược lại Phương án 2 tối ưu hơn khi $p < 0{,}5$",D,1.69,2.35,Hãy biểu diễn xác suất gián đoạn toàn bộ hệ thống (tất cả các kênh cùng gặp lỗi) theo $p$: Phương án 1 là $P_1 = p^4$; Phương án 2 là $P_2 = \frac{1}{2}p \cdot p^2 = \frac{1}{2}p^3$.,"Lập hiệu số $P_1 - P_2 = p^3(p - 0{,}5)$ và xét dấu trong khoảng $p \in (0, 1)$ để rút ra kết luận lựa chọn chiến lược tối ưu."
PROB_CREAT_292,Y sinh hoc - Thiet ke Thi nghiem,SKILL_CLINICAL_TRIAL,SangTao,VanDungCao,"Một phác đồ điều trị thử nghiệm gồm hai giai đoạn độc lập: Giai đoạn 1 kiểm tra độ an toàn trên nhóm nguy cơ cao với xác suất đạt là $0{,}8$; Giai đoạn 2 kiểm tra hiệu lực bảo vệ với xác suất đạt là $0{,}75$. Nếu giai đoạn 1 thất bại, phác đồ bị dừng ngay. Nếu giai đoạn 1 thành công nhưng giai đoạn 2 thất bại, bệnh nhân được chuyển sang phác đồ cứu trợ có xác suất hồi phục $0{,}6$. Xác suất để một bệnh nhân đạt kết quả điều trị tích cực (thành công ở cả 2 giai đoạn hoặc hồi phục nhờ phác đồ cứu trợ) là bao nhiêu?","0,72","0,60","0,78","0,84",A,1.92,2.69,"Phân tích cây biến cố (Event Tree): Xác định hai kịch bản dẫn đến kết quả tích cực: (1) Thành công cả hai giai đoạn chính; (2) Giai đoạn 1 thành công, giai đoạn 2 thất bại nhưng phác đồ cứu trợ thành công.","Vì các giai đoạn và phác đồ kế tiếp rời nhau về mặt điều kiện, hãy tính xác suất từng nhánh rồi áp dụng quy tắc cộng: $P = 0{,}8 \times 0{,}75 + 0{,}8 \times (1 - 0{,}75) \times 0{,}6$."
PROB_CREAT_293,Kinh te Tai chinh,SKILL_OPTIMAL_DECISION,SangTao,VanDungCao,"Một quỹ đầu tư mạo hiểm đánh giá hai dự án công nghệ $X$ và $Y$ độc lập. Xác suất thành công thương mại của $X$ là $0{,}6$ mang lại lợi nhuận kỳ vọng $+10$ tỷ đồng (nếu thất bại lỗ $-4$ tỷ); của $Y$ là $0{,}7$ mang lại $+8$ tỷ đồng (nếu thất bại lỗ $-5$ tỷ). Quỹ quyết định đầu tư đồng thời cả hai dự án. Xác suất để quỹ rơi vào tình trạng thua lỗ ròng (tổng lợi nhuận hai dự án âm) là bao nhiêu?","0,12","0,18","0,28","0,34",A,2.15,1.93,"Hãy lập bảng phân phối 4 kịch bản kết hợp giữa hai dự án: (X thắng, Y thắng), (X thắng, Y thua), (X thua, Y thắng), (X thua, Y thua) kèm theo tổng lợi nhuận số học tương ứng.","Kiểm tra xem kịch bản nào cho tổng lợi nhuận âm: Chỉ có kịch bản (X thua, Y thua) cho lợi nhuận $(-4) + (-5) = -9$ tỷ. (Trường hợp X thua, Y thắng cho $(-4) + 8 = +4 > 0$). Từ đó tính xác suất nhánh thỏa mãn."
PROB_CREAT_294,He thong Phong thu - An ninh,SKILL_DEFENSE_MODEL,SangTao,VanDungCao,"Một hệ thống phòng không tự động phân tầng có hai lớp phòng thủ độc lập $T_1$ (tầm xa) và $T_2$ (tầm gần). Xác suất tầng $T_1$ bắn hạ được mục tiêu xâm nhập là $0{,}85$. Nếu $T_1$ trượt, tầng $T_2$ tự động kích hoạt với xác suất tiêu diệt mục tiêu là $0{,}70$. Để nâng cao hiệu quả phòng thủ, chỉ huy muốn xác suất tiêu diệt mục tiêu đạt tối thiểu $0{,}98$. Hỏi xác suất tiêu diệt của tầng $T_2$ cần nâng cấp lên tối thiểu là bao nhiêu nếu giữ nguyên tầng $T_1$?","0,867","0,800","0,920","0,750",A,1.72,2.27,"Biểu diễn xác suất hệ thống phòng thủ thất bại (cả hai tầng đều trượt) theo xác suất trúng của tầng 2 là $p_2$: $P(\text{Trượt toàn bộ}) = (1 - 0{,}85)(1 - p_2) = 0{,}15(1 - p_2)$.","Thiết lập bất phương trình theo yêu cầu hệ thống: Xác suất tiêu diệt thành công $1 - 0{,}15(1 - p_2) \ge 0{,}98 \iff 0{,}15(1 - p_2) \le 0{,}02$, từ đó giải tìm điều kiện ràng buộc của $p_2$."
PROB_CREAT_295,Khoa hoc Du lieu - Phat hien Gian lan,SKILL_FRAUD_DETECTION,SangTao,VanDungCao,"Một thuật toán ngân hàng số kết hợp hai mô hình học máy độc lập $M_1$ và $M_2$ để cảnh báo giao dịch gian lận. Khi có một giao dịch gian lận thực sự xảy ra, xác suất mô hình $M_1$ cảnh báo là $0{,}90$, của $M_2$ là $0{,}80$. Hệ thống cho phép chọn hai chế độ vận hành: Chế độ 'An toàn tối đa' (khóa thẻ nếu có ít nhất một mô hình báo động) và Chế độ 'Trải nghiệm mượt' (chỉ khóa thẻ khi cả hai mô hình cùng báo động). Chênh lệch xác suất khóa thẻ chính xác giữa hai chế độ đối với một giao dịch gian lận là bao nhiêu?","0,26","0,18","0,72","0,98",A,1.95,2.61,"Tính xác suất khóa thẻ ở Chế độ 1 (ít nhất một mô hình báo động) bằng biến cố đối: $P_1 = 1 - (1 - 0{,}90)(1 - 0{,}80)$.","Tính xác suất khóa thẻ ở Chế độ 2 (cả hai mô hình cùng báo động) bằng quy tắc nhân: $P_2 = 0{,}90 \times 0{,}80$. Sau đó lấy hiệu số $P_1 - P_2$."
PROB_CREAT_296,Toi uu hoa He thong,SKILL_OPTIMAL_DECISION,SangTao,VanDungCao,"Một hệ thống truyền tin gồm $3$ kênh song song độc lập, mỗi kênh có xác suất truyền lỗi là $p \in (0, 1)$. Trong điều kiện chi phí tương đương, kỹ sư cân nhắc hai phương án nâng cấp: Phương án 1 thêm một kênh dự phòng song song thứ 4 (xác suất lỗi $p$); Phương án 2 áp dụng thuật toán lọc nhiễu nâng cao giúp giảm xác suất lỗi của một kênh xuống còn $\frac{1}{2}p$. Phương án nào tối ưu hơn để giảm thiểu nguy cơ toàn bộ hệ thống bị gián đoạn cùng lúc?",Phương án 1 (thêm kênh song song thứ 4),Phương án 2 (giảm một nửa xác suất lỗi của 1 kênh),Cả hai phương án mang lại độ an toàn tương đương nhau với mọi $p$,"Phương án 1 tối ưu hơn khi $p > 0{,}5$, ngược lại Phương án 2 tối ưu hơn khi $p < 0{,}5$",D,2.18,3.01,Hãy biểu diễn xác suất gián đoạn toàn bộ hệ thống (tất cả các kênh cùng gặp lỗi) theo $p$: Phương án 1 là $P_1 = p^4$; Phương án 2 là $P_2 = \frac{1}{2}p \cdot p^2 = \frac{1}{2}p^3$.,"Lập hiệu số $P_1 - P_2 = p^3(p - 0{,}5)$ và xét dấu trong khoảng $p \in (0, 1)$ để rút ra kết luận lựa chọn chiến lược tối ưu."
PROB_CREAT_297,Y sinh hoc - Thiet ke Thi nghiem,SKILL_CLINICAL_TRIAL,SangTao,VanDungCao,"Một phác đồ điều trị thử nghiệm gồm hai giai đoạn độc lập: Giai đoạn 1 kiểm tra độ an toàn trên nhóm nguy cơ cao với xác suất đạt là $0{,}8$; Giai đoạn 2 kiểm tra hiệu lực bảo vệ với xác suất đạt là $0{,}75$. Nếu giai đoạn 1 thất bại, phác đồ bị dừng ngay. Nếu giai đoạn 1 thành công nhưng giai đoạn 2 thất bại, bệnh nhân được chuyển sang phác đồ cứu trợ có xác suất hồi phục $0{,}6$. Xác suất để một bệnh nhân đạt kết quả điều trị tích cực (thành công ở cả 2 giai đoạn hoặc hồi phục nhờ phác đồ cứu trợ) là bao nhiêu?","0,72","0,60","0,78","0,84",A,1.75,2.19,"Phân tích cây biến cố (Event Tree): Xác định hai kịch bản dẫn đến kết quả tích cực: (1) Thành công cả hai giai đoạn chính; (2) Giai đoạn 1 thành công, giai đoạn 2 thất bại nhưng phác đồ cứu trợ thành công.","Vì các giai đoạn và phác đồ kế tiếp rời nhau về mặt điều kiện, hãy tính xác suất từng nhánh rồi áp dụng quy tắc cộng: $P = 0{,}8 \times 0{,}75 + 0{,}8 \times (1 - 0{,}75) \times 0{,}6$."
PROB_CREAT_298,Kinh te Tai chinh,SKILL_OPTIMAL_DECISION,SangTao,VanDungCao,"Một quỹ đầu tư mạo hiểm đánh giá hai dự án công nghệ $X$ và $Y$ độc lập. Xác suất thành công thương mại của $X$ là $0{,}6$ mang lại lợi nhuận kỳ vọng $+10$ tỷ đồng (nếu thất bại lỗ $-4$ tỷ); của $Y$ là $0{,}7$ mang lại $+8$ tỷ đồng (nếu thất bại lỗ $-5$ tỷ). Quỹ quyết định đầu tư đồng thời cả hai dự án. Xác suất để quỹ rơi vào tình trạng thua lỗ ròng (tổng lợi nhuận hai dự án âm) là bao nhiêu?","0,12","0,18","0,28","0,34",A,1.98,2.53,"Hãy lập bảng phân phối 4 kịch bản kết hợp giữa hai dự án: (X thắng, Y thắng), (X thắng, Y thua), (X thua, Y thắng), (X thua, Y thua) kèm theo tổng lợi nhuận số học tương ứng.","Kiểm tra xem kịch bản nào cho tổng lợi nhuận âm: Chỉ có kịch bản (X thua, Y thua) cho lợi nhuận $(-4) + (-5) = -9$ tỷ. (Trường hợp X thua, Y thắng cho $(-4) + 8 = +4 > 0$). Từ đó tính xác suất nhánh thỏa mãn."
PROB_CREAT_299,He thong Phong thu - An ninh,SKILL_DEFENSE_MODEL,SangTao,VanDungCao,"Một hệ thống phòng không tự động phân tầng có hai lớp phòng thủ độc lập $T_1$ (tầm xa) và $T_2$ (tầm gần). Xác suất tầng $T_1$ bắn hạ được mục tiêu xâm nhập là $0{,}85$. Nếu $T_1$ trượt, tầng $T_2$ tự động kích hoạt với xác suất tiêu diệt mục tiêu là $0{,}70$. Để nâng cao hiệu quả phòng thủ, chỉ huy muốn xác suất tiêu diệt mục tiêu đạt tối thiểu $0{,}98$. Hỏi xác suất tiêu diệt của tầng $T_2$ cần nâng cấp lên tối thiểu là bao nhiêu nếu giữ nguyên tầng $T_1$?","0,867","0,800","0,920","0,750",A,2.21,1.77,"Biểu diễn xác suất hệ thống phòng thủ thất bại (cả hai tầng đều trượt) theo xác suất trúng của tầng 2 là $p_2$: $P(\text{Trượt toàn bộ}) = (1 - 0{,}85)(1 - p_2) = 0{,}15(1 - p_2)$.","Thiết lập bất phương trình theo yêu cầu hệ thống: Xác suất tiêu diệt thành công $1 - 0{,}15(1 - p_2) \ge 0{,}98 \iff 0{,}15(1 - p_2) \le 0{,}02$, từ đó giải tìm điều kiện ràng buộc của $p_2$."
PROB_CREAT_300,Khoa hoc Du lieu - Phat hien Gian lan,SKILL_FRAUD_DETECTION,SangTao,VanDungCao,"Một thuật toán ngân hàng số kết hợp hai mô hình học máy độc lập $M_1$ và $M_2$ để cảnh báo giao dịch gian lận. Khi có một giao dịch gian lận thực sự xảy ra, xác suất mô hình $M_1$ cảnh báo là $0{,}90$, của $M_2$ là $0{,}80$. Hệ thống cho phép chọn hai chế độ vận hành: Chế độ 'An toàn tối đa' (khóa thẻ nếu có ít nhất một mô hình báo động) và Chế độ 'Trải nghiệm mượt' (chỉ khóa thẻ khi cả hai mô hình cùng báo động). Chênh lệch xác suất khóa thẻ chính xác giữa hai chế độ đối với một giao dịch gian lận là bao nhiêu?","0,26","0,18","0,72","0,98",A,1.78,2.11,"Tính xác suất khóa thẻ ở Chế độ 1 (ít nhất một mô hình báo động) bằng biến cố đối: $P_1 = 1 - (1 - 0{,}90)(1 - 0{,}80)$.","Tính xác suất khóa thẻ ở Chế độ 2 (cả hai mô hình cùng báo động) bằng quy tắc nhân: $P_2 = 0{,}90 \times 0{,}80$. Sau đó lấy hiệu số $P_1 - P_2$."
